Código de Centro Normalizado REGCESS (CCN);Nombre de Centro;Código Autonómico de Autorización del Centro;Comunidad Autónoma;Provincia;Municipio;Clase de Centro;Dependencia Funcional
0104000608;ABLA;21039;Andalucía;Almería;Abla;Centros de salud;Publicos
1106000155;ACEUCHAL;06000196;Extremadura;Badajoz;Aceuchal;Centros de salud;Publicos
0121000275;ADORATRICES;20822;Andalucía;Huelva;Huelva;Centros de salud;Publicos
1620004713;ADORE PSIKOLOGIA ZENTROA;20/016436;País Vasco;Gipuzkoa;Zarautz;Centros de salud;Privados
0104000592;ADRA;20823;Andalucía;Almería;Adra;Centros de salud;Publicos
0114002684;AEROPUERTO;35239;Andalucía;Córdoba;Córdoba;Centros de salud;Publicos
0104000809;AGUADULCE SUR;22243;Andalucía;Almería;Roquetas de Mar;Centros de salud;Publicos
0114000877;AGUILAR;20824;Andalucía;Córdoba;Aguilar de la Frontera;Centros de salud;Publicos
1110000234;AHIGAL;10000513;Extremadura;Cáceres;Ahigal;Centros de salud;Publicos
1620003046;AIA OSASUN ZENTROA;20 C.2.3.1. 3455;País Vasco;Gipuzkoa;Aia;Centros de salud;Publicos
0141003080;ALAMILLO;35167;Andalucía;Sevilla;Sevilla;Centros de salud;Publicos
0118000845;ALBAYCIN;20826;Andalucía;Granada;Granada;Centros de salud;Publicos
0118000884;ALBOLOTE;21120;Andalucía;Granada;Albolote;Centros de salud;Publicos
0104002011;ALBORAN;30962;Andalucía;Almería;Almería;Centros de salud;Publicos
0104000593;ALBOX;20827;Andalucía;Almería;Albox;Centros de salud;Publicos
0118005066;ALBUNOL;69104;Andalucía;Granada;Albuñol;Centros de salud;Publicos
0118000846;ALBUÑOL;20828;Andalucía;Granada;Albuñol;Centros de salud;Publicos
1106000156;ALBURQUERQUE;06000197;Extremadura;Badajoz;Alburquerque;Centros de salud;Publicos
0123000354;ALCALA LA REAL;20831;Andalucía;Jaén;Alcalá la Real;Centros de salud;Publicos
0123000837;ALCALA LA REAL NORTE;28619;Andalucía;Jaén;Alcalá la Real;Centros de salud;Publicos
0123003415;ALCALA LA REAL_SUAP;67776;Andalucía;Jaén;Alcalá la Real;Centros de salud;Publicos
1110000235;ALCANTARA;10000514;Extremadura;Cáceres;Alcántara;Centros de salud;Publicos
0123000355;ALCAUDETE;20832;Andalucía;Jaén;Alcaudete;Centros de salud;Publicos
1106000157;ALCONCHEL;06000198;Extremadura;Badajoz;Alconchel;Centros de salud;Publicos
1110000231;ALCUESCAR;10000510;Extremadura;Cáceres;Alcuéscar;Centros de salud;Publicos
1110000232;ALDEANUEVA DEL CAMINO;10000511;Extremadura;Cáceres;Aldeanueva del Camino;Centros de salud;Publicos
0118000890;ALFACAR;21139;Andalucía;Granada;Alfacar;Centros de salud;Publicos
0129005348;ALGARROBO .- DISTRITO SANITARIO AXARQUIA;29657;Andalucía;Málaga;Algarrobo;Centros de salud;Publicos
0129001490;ALGATOCIN;20837;Andalucía;Málaga;Algatocín;Centros de salud;Publicos
0104000597;ALHAMA DE ALMERIA;20850;Andalucía;Almería;Alhama de Almería;Centros de salud;Publicos
0118000847;ALHAMA DE GRANADA;20840;Andalucía;Granada;Alhama de Granada;Centros de salud;Publicos
0129001492;ALHAURIN DE LA TORRE;20842;Andalucía;Málaga;Alhaurín de la Torre;Centros de salud;Publicos
0129001491;ALHAURIN EL GRANDE;20841;Andalucía;Málaga;Alhaurín el Grande;Centros de salud;Publicos
0121002052;ALJARAQUE.;39058;Andalucía;Huelva;Aljaraque;Centros de salud;Publicos
0118000848;ALMANJAYAR_SUAP;20843;Andalucía;Granada;Granada;Centros de salud;Publicos
1110000236;ALMARAZ;10000515;Extremadura;Cáceres;Almaraz;Centros de salud;Publicos
0104000596;ALMERIA CENTRO;20845;Andalucía;Almería;Almería;Centros de salud;Publicos
0121000276;ALMONTE;20846;Andalucía;Huelva;Almonte;Centros de salud;Publicos
0118000849;ALMUÑECAR;20847;Andalucía;Granada;Almuñécar;Centros de salud;Publicos
0129001493;ALORA;20848;Andalucía;Málaga;Álora;Centros de salud;Publicos
0129001494;ALOZAINA;20849;Andalucía;Málaga;Alozaina;Centros de salud;Publicos
0118000864;ALQUIFE;20977;Andalucía;Granada;Alquife;Centros de salud;Publicos
1620000436;ANDOAINGO OSASUN ZENTROA;20 C.2.3.1. 3263;País Vasco;Gipuzkoa;Andoain;Centros de salud;Publicos
0123000357;ANDUJAR B. PUERTA DE MADRID;20853;Andalucía;Jaén;Andújar;Centros de salud;Publicos
0129005359;ANTEQUERA ESTACION;37246;Andalucía;Málaga;Antequera;Centros de salud;Publicos
0123003422;ANTIGUO CONVENTO DE LOS JESUITAS;60515;Andalucía;Jaén;Andújar;Centros de salud;Publicos
0121000277;ARACENA;20854;Andalucía;Huelva;Aracena;Centros de salud;Publicos
0129005358;ARCHIDONA;37245;Andalucía;Málaga;Archidona;Centros de salud;Publicos
0123000358;ARJONA;20858;Andalucía;Jaén;Arjona;Centros de salud;Publicos
0118000850;ARMILLA;20859;Andalucía;Granada;Armilla;Centros de salud;Publicos
0908006386;CAP SANT VICENC DELS HORTS;E08019347;Cataluña;Barcelona;Sant Vicenç dels Horts;Centros de salud;Publicos
0917000008;CAP SANTA CLARA;E17006517;Cataluña;Girona;Girona;Centros de salud;Publicos
0908001258;CAP SANTA COLOMA DE CERVELLO;E08040998;Cataluña;Barcelona;Santa Coloma de Cervelló;Centros de salud;Publicos
0908000111;CAP SANTA COLOMA DE GRAMENET;E08005383;Cataluña;Barcelona;Santa Coloma de Gramenet;Centros de salud;Publicos
0908000467;CAP SANTA COLOMA DE GRAMENET-FONDO;E08025894;Cataluña;Barcelona;Santa Coloma de Gramenet;Centros de salud;Publicos
0917000589;CAP SANTA CRISTINA D'ARO;E17786793;Cataluña;Girona;Santa Cristina d'Aro;Centros de salud;Publicos
0908000289;CAP SANTA EUGENIA DE BERGA;E08019820;Cataluña;Barcelona;Santa Eugènia de Berga;Centros de salud;Publicos
0908003688;CAP SANTA EULALIA DE RONÇANA;E08764609;Cataluña;Barcelona;Santa Eulàlia de Ronçana;Centros de salud;Publicos
0908003921;CAP SANTA MARGARIDA I ELS MONJOS;E08808302;Cataluña;Barcelona;Santa Margarida i els Monjos;Centros de salud;Publicos
0908000232;CAP SANTA MARIA DE PALAUTORDERA;E08016219;Cataluña;Barcelona;Santa Maria de Palautordera;Centros de salud;Publicos
0908005504;CAP SANTA PERPETUA DE MOGODA;E08016184;Cataluña;Barcelona;Santa Perpètua de Mogoda;Centros de salud;Publicos
0908000114;CAP SANTA ROSA;E08005464;Cataluña;Barcelona;Santa Coloma de Gramenet;Centros de salud;Publicos
0908002359;CAP SANTPEDOR;E08610366;Cataluña;Barcelona;Santpedor;Centros de salud;Publicos
0908005603;CAP SANTS (ANTIC CAP SERRA I AROLA);E08023939;Cataluña;Barcelona;Barcelona;Centros de salud;Publicos
0908005511;CAP SARDENYA;E08053108;Cataluña;Barcelona;Barcelona;Centros de salud;Privados
0917000018;CAP SARRIA DE TER;E17008507;Cataluña;Girona;Sarrià de Ter;Centros de salud;Publicos
0908000435;CAP SERRAPARERA;E08025118;Cataluña;Barcelona;Cerdanyola del Vallès;Centros de salud;Publicos
0917000073;CAP SILS;E17023865;Cataluña;Girona;Sils;Centros de salud;Publicos
0908000113;CAP SINGUERLIN;E08005457;Cataluña;Barcelona;Santa Coloma de Gramenet;Centros de salud;Publicos
0908006371;CAP SITGES;E08035194;Cataluña;Barcelona;Sitges;Centros de salud;Publicos
0925000664;CAP SOLSONES;E25041254;Cataluña;Lleida;Solsona;Centros de salud;Publicos
0925000049;CAP SORT;E25022702;Cataluña;Lleida;Sort;Centros de salud;Publicos
0943000066;CAP STA. COLOMA DE QUERALT;E43021600;Cataluña;Tarragona;Santa Coloma de Queralt;Centros de salud;Publicos
0908000115;CAP STA. MARGARIDA DE MONTBUI;E08005506;Cataluña;Barcelona;Santa Margarida de Montbui;Centros de salud;Publicos
0908004406;CAP SUD-CAMPOAMOR;E08895658;Cataluña;Barcelona;Sabadell;Centros de salud;Publicos
0943000916;CAP TARRAGONES;E43007729;Cataluña;Tarragona;Tarragona;Centros de salud;Publicos
0925000013;CAP TARREGA;E25007422;Cataluña;Lleida;Tàrrega;Centros de salud;Publicos
0908002571;CAP TERRASSA EST;E08646348;Cataluña;Barcelona;Terrassa;Centros de salud;Publicos
0908000337;CAP TERRASSA NORD;E08021630;Cataluña;Barcelona;Terrassa;Centros de salud;Publicos
0908006366;CAP TERRASSA SUD;E08028567;Cataluña;Barcelona;Terrassa;Centros de salud;Privados
0908000533;CAP TONA;E08027926;Cataluña;Barcelona;Tona;Centros de salud;Publicos
0908000468;CAP TORDERA;E08025904;Cataluña;Barcelona;Tordera;Centros de salud;Publicos
0908000117;CAP TORELLO;E08005880;Cataluña;Barcelona;Torelló;Centros de salud;Publicos
0943000161;CAP TORREDEMBARRA;E43038967;Cataluña;Tarragona;Torredembarra;Centros de salud;Privados
0943000922;CAP TORREFORTA;E43019996;Cataluña;Tarragona;Tarragona;Centros de salud;Publicos
0908005634;CAP TORRELLES;E08025238;Cataluña;Barcelona;Torrelles de Llobregat;Centros de salud;Publicos
0908002488;CAP TORRENT DE LLOPS;E08630549;Cataluña;Barcelona;Martorell;Centros de salud;Publicos
0917000388;CAP TORROELLA DE MONTGRI;E17579204;Cataluña;Girona;Torroella de Montgrí;Centros de salud;Privados
0925000014;CAP TREMP;E25007447;Cataluña;Lleida;Tremp;Centros de salud;Publicos
0908000031;CAP TRINITAT VELLA;E08001653;Cataluña;Barcelona;Barcelona;Centros de salud;Publicos
0908001989;CAP TURO;E08563148;Cataluña;Barcelona;Barcelona;Centros de salud;Publicos
0908005550;CAP TURO DE CAN MATES;E08984570;Cataluña;Barcelona;Sant Cugat del Vallès;Centros de salud;Privados
0943000576;CAP ULLDECONA;E43816261;Cataluña;Tarragona;Ulldecona;Centros de salud;Publicos
0908002347;CAP VALLCARCA-EDIFICI PEDRAFORCA;E08607772;Cataluña;Barcelona;Barcelona;Centros de salud;Privados
0908002345;CAP VALLDOREIX;E08607740;Cataluña;Barcelona;Sant Cugat del Vallès;Centros de salud;Privados
0908000061;CAP VALLES ORIENTAL;E08003315;Cataluña;Barcelona;Granollers;Centros de salud;Publicos
0908000338;CAP VALLIRANA;E08021723;Cataluña;Barcelona;Vallirana;Centros de salud;Publicos
0908006572;CAP VALLVIDRERA;E08553693;Cataluña;Barcelona;Barcelona;Centros de salud;Privados
0925000015;CAP VIELHA;E25010577;Cataluña;Lleida;Vielha e Mijaran;Centros de salud;Publicos
0908009851;CAP VILA DE GRACIA;E08625926;Cataluña;Barcelona;Barcelona;Centros de salud;Publicos
0908006364;CAP VILA OLIMPICA;E08029320;Cataluña;Barcelona;Barcelona;Centros de salud;Publicos
0908005606;CAP VILADECANS;E08023872;Cataluña;Barcelona;Viladecans;Centros de salud;Publicos
0917000423;CAP VILAFANT;E17618767;Cataluña;Girona;Vilafant;Centros de salud;Publicos
0908009310;CAP VILAFRANCA NORD;E08624400;Cataluña;Barcelona;Vilafranca del Penedès;Centros de salud;Publicos
0908000254;CAP VILANOVA DEL CAMI;E08018618;Cataluña;Barcelona;Vilanova del Camí;Centros de salud;Publicos
0908000589;CAP VILANOVA DEL VALLES;E08030076;Cataluña;Barcelona;Vilanova del Vallès;Centros de salud;Publicos
0943000113;CAP VILA-RODONA;E43028535;Cataluña;Tarragona;Vila-rodona;Centros de salud;Publicos
0917000980;CAP VILA-ROJA;E17044738;Cataluña;Girona;Girona;Centros de salud;Publicos
0908000922;CAP VILASSAR DE DALT;E08035941;Cataluña;Barcelona;Vilassar de Dalt;Centros de salud;Publicos
0908002394;CAP VINYETS;E08614956;Cataluña;Barcelona;Sant Boi de Llobregat;Centros de salud;Publicos
0943000277;CAP XERTA;E43047288;Cataluña;Tarragona;Xerta;Centros de salud;Publicos
0943000179;CAP-CAR CALAFELL;E43041046;Cataluña;Tarragona;Calafell;Centros de salud;Privados
0943000703;CAP-CAR VILA-SECA;E43953250;Cataluña;Tarragona;Vila-seca;Centros de salud;Privados
0908004146;CAPI BAIX-A-MAR;E08864924;Cataluña;Barcelona;Vilanova i la Geltrú;Centros de salud;Publicos
0129001570;CAPUCHINOS;21333;Andalucía;Málaga;Málaga;Centros de salud;Publicos
0104000600;CARBONERAS-EL LOMETICO;20895;Andalucía;Almería;Carboneras;Centros de salud;Publicos
0141002891;CARMONA NTRA. SRA.  DE GRACIA;33434;Andalucía;Sevilla;Carmona;Centros de salud;Publicos
0129001502;CARRANQUE;20901;Andalucía;Málaga;Málaga;Centros de salud;Publicos
0129001501;CARTAMA_ESTACION-SUAP;20898;Andalucía;Málaga;Cártama;Centros de salud;Publicos
0118000854;CARTUJA;20900;Andalucía;Granada;Granada;Centros de salud;Publicos
1215000131;CASA DO MAR AGUIÑO;C-15-000141;Galicia;Coruña, A;Ribeira;Centros de salud;Publicos
1215000132;CASA DO MAR CORRUBEDO;C-15-000142;Galicia;Coruña, A;Ribeira;Centros de salud;Publicos
1215000030;CASA DO MAR LIRA;C-15-000032;Galicia;Coruña, A;Carnota;Centros de salud;Publicos
1215000133;CASA DO MAR PALMEIRA;C-15-000143;Galicia;Coruña, A;Ribeira;Centros de salud;Publicos
1236000111;CASA DO MAR VILAXOAN;C-36-000118;Galicia;Pontevedra;Vilagarcía de Arousa;Centros de salud;Publicos
1110000067;CASAR DE CACERES;10000336;Extremadura;Cáceres;Casar de Cáceres;Centros de salud;Publicos
1110000242;CASAS DEL CASTAÑAR;10000521;Extremadura;Cáceres;Casas del Castañar;Centros de salud;Publicos
0118000935;CASERIA DE MONTIJO;21350;Andalucía;Granada;Granada;Centros de salud;Publicos
1110000243;CASTAÑAR DE IBOR;10000522;Extremadura;Cáceres;Castañar de Ibor;Centros de salud;Publicos
0118000939;CASTELL DE FERRO;21366;Andalucía;Granada;Gualchos;Centros de salud;Publicos
0114000883;CASTRO DEL RIO;20903;Andalucía;Córdoba;Castro del Río;Centros de salud;Publicos
0123000363;CAZORLA;20905;Andalucía;Jaén;Cazorla;Centros de salud;Publicos
1110000241;CECLAVIN;10000520;Extremadura;Cáceres;Ceclavín;Centros de salud;Publicos
0118000945;CENES DE LA VEGA;21386;Andalucía;Granada;Cenes de la Vega;Centros de salud;Publicos
0908006378;CENTRE D' ATENCIO PRIMARIA LA CREU ALTA;E08026337;Cataluña;Barcelona;Sabadell;Centros de salud;Publicos
0908006391;CENTRE D'ATENCIO PRIMARIA ALHAMBRA;E08003435;Cataluña;Barcelona;Hospitalet de Llobregat, L';Centros de salud;Publicos
0908002335;CENTRE D'ATENCIO PRIMARIA CANALETES;E08606440;Cataluña;Barcelona;Cerdanyola del Vallès;Centros de salud;Publicos
0943002247;CENTRE D'ATENCIO PRIMARIA DE RODA DE BERA;E43752466;Cataluña;Tarragona;Roda de Berà;Centros de salud;Privados
0917000582;CENTRE D'ATENCIO PRIMARIA DR. JOSEP MASDEVALL TERRADES;E17776393;Cataluña;Girona;Figueres;Centros de salud;Publicos
0908006370;CENTRE D'ATENCIO PRIMARIA EL PLA;E08040211;Cataluña;Barcelona;Sant Feliu de Llobregat;Centros de salud;Publicos
0908004482;CENTRE D'ATENCIO PRIMARIA IGUALADA NORD;E08909861;Cataluña;Barcelona;Igualada;Centros de salud;Publicos
0908003724;CENTRE D'ATENCIO PRIMARIA ROGER DE FLOR;E08771405;Cataluña;Barcelona;Barcelona;Centros de salud;Privados
1003000712;CENTRE DE SALUD DE ALICANTE HOSPITAL PROVINCIAL - PLA;2360;Comunitat Valenciana;Alicante/Alacant;Alacant/Alicante;Centros de salud;Publicos
1003000014;CENTRE DE SALUD DE ALICANTE JUAN XXIII;10044;Comunitat Valenciana;Alicante/Alacant;Alacant/Alicante;Centros de salud;Publicos
1003000308;CENTRE DE SALUD DE JAVEA ADUANES;10163;Comunitat Valenciana;Alicante/Alacant;Xàbia/Jávea;Centros de salud;Publicos
1003000297;CENTRE DE SALUT  EL CAMPELLO;10096;Comunitat Valenciana;Alicante/Alacant;Campello, el;Centros de salud;Publicos
0908003054;CENTRE DE SALUT CAN BOU - CASTELLDEFELS 2;E08680589;Cataluña;Barcelona;Castelldefels;Centros de salud;Publicos
0908004311;CENTRE DE SALUT CAN SANT JOAN;E08879409;Cataluña;Barcelona;Montcada i Reixac;Centros de salud;Publicos
0908003382;CENTRE DE SALUT CAP EL CLOT;E08708795;Cataluña;Barcelona;Barcelona;Centros de salud;Publicos
0925000063;CENTRE DE SALUT CAP GUISSONA;E25024361;Cataluña;Lleida;Guissona;Centros de salud;Publicos
0908003320;CENTRE DE SALUT CAP LA MARINA;E08701623;Cataluña;Barcelona;Barcelona;Centros de salud;Publicos
1003000706;CENTRE DE SALUT DE XIXONA;22;Comunitat Valenciana;Alicante/Alacant;Xixona/Jijona;Centros de salud;Publicos
0908003178;CENTRE DE SALUT DOCTOR VILASECA-CAN MARINER;E08688394;Cataluña;Barcelona;Santa Coloma de Gramenet;Centros de salud;Publicos
0908015141;CENTRE DE SALUT GRANOLLERS;E08743454;Cataluña;Barcelona;Granollers;Centros de salud;Publicos
0908000011;CENTRE DE SALUT SANT RAFAEL;E08000402;Cataluña;Barcelona;Barcelona;Centros de salud;Publicos
0943000471;CENTRE DE SALUT TARRACO;E43683710;Cataluña;Tarragona;Tarragona;Centros de salud;Publicos
1046000567;CENTRO  DE  SALUD BARRIO DEL  CRISTO;6573;Comunitat Valenciana;Valencia/València;Aldaia;Centros de salud;Publicos
1110000779;CENTRO DE ALTA RESOLUCION DE TRUJILLO;10100396;Extremadura;Cáceres;Trujillo;Centros de salud;Publicos
1106000178;CENTRO DE SALU LOS SANTOS DE MAIMONA;06000219;Extremadura;Badajoz;Santos de Maimona, Los;Centros de salud;Publicos
1106000180;CENTRO DE SALUD;06000221;Extremadura;Badajoz;Monesterio;Centros de salud;Publicos
1003001855;CENTRO DE SALUD  BENIDORM II - TOMAS ORTUÑO;837;Comunitat Valenciana;Alicante/Alacant;Benidorm;Centros de salud;Publicos
1003000292;CENTRO DE SALUD  DE ELCHE PLA VINALOPO;10081;Comunitat Valenciana;Alicante/Alacant;Elx/Elche;Centros de salud;Publicos
1531001918;CENTRO DE SALUD  DE SALAZAR;C00586;Navarra, Comunidad Foral de;Navarra;Ezcároz/Ezkaroze;Centros de salud;Publicos
1851000015;CENTRO DE SALUD  II;C.2.3.1/001;Ceuta;Ceuta;Ceuta;Centros de salud;Publicos
0222000825;CENTRO DE SALUD ABIEGO;2220867;Aragón;Huesca;Abiego;Centros de salud;Publicos
0250001589;CENTRO DE SALUD ACTUR NORTE;5022687;Aragón;Zaragoza;Zaragoza;Centros de salud;Publicos
0250001551;CENTRO DE SALUD ACTUR OESTE (AMPARO POCH);5022627;Aragón;Zaragoza;Zaragoza;Centros de salud;Publicos
0250001382;CENTRO DE SALUD ACTUR SUR;5022451;Aragón;Zaragoza;Zaragoza;Centros de salud;Publicos
0802002468;CENTRO DE SALUD ALBACETE III;0208451/0217122;Castilla - La Mancha;Albacete;Albacete;Centros de salud;Publicos
0802000871;CENTRO DE SALUD ALBACETE -8 - PUNTO DE ATENCION CONTINUADA 2;0206621/0206686;Castilla - La Mancha;Albacete;Albacete;Centros de salud;Publicos
0802000873;CENTRO DE SALUD ALBACETE-1 PUNTO DE ATENCION CONTINUADA;0206624/0206696;Castilla - La Mancha;Albacete;Albacete;Centros de salud;Publicos
0802000442;CENTRO DE SALUD ALBACETE-2;0201645/0201645;Castilla - La Mancha;Albacete;Albacete;Centros de salud;Publicos
0802000172;CENTRO DE SALUD ALBACETE-4;AB03593/00001495;Castilla - La Mancha;Albacete;Albacete;Centros de salud;Publicos
0802000444;CENTRO DE SALUD ALBACETE-5 A Y B;0201648/0201648;Castilla - La Mancha;Albacete;Albacete;Centros de salud;Publicos
0802000114;CENTRO DE SALUD ALBACETE-6;AB01649/00003545;Castilla - La Mancha;Albacete;Albacete;Centros de salud;Publicos
0802000816;CENTRO DE SALUD ALBACETE-7-PUNTO DE ATENCION CONTINUADA;0206430/0206062;Castilla - La Mancha;Albacete;Albacete;Centros de salud;Publicos
0118003327;CENTRO DE SALUD ALBAIDA;41833;Andalucía;Granada;Granada;Centros de salud;Publicos
0244000498;CENTRO DE SALUD ALBARRACIN;4420331;Aragón;Teruel;Albarracín;Centros de salud;Publicos
1046003337;CENTRO DE SALUD ALBORAIA;9856;Comunitat Valenciana;Valencia/València;Alboraia/Alboraya;Centros de salud;Publicos
0111000466;CENTRO DE SALUD ALCALA DEL VALLE;20830;Andalucía;Cádiz;Alcalá del Valle;Centros de salud;Publicos
0244000153;CENTRO DE SALUD ALCAÑIZ;4420302;Aragón;Teruel;Alcañiz;Centros de salud;Publicos
0813003217;CENTRO DE SALUD ALCOBA DE LOS MONTES;1308889/1317892;Castilla - La Mancha;Ciudad Real;Alcoba;Centros de salud;Privados
0819001350;CENTRO DE SALUD ALCOLEA DEL PINAR DE GUADALAJARA;1907299/1904533;Castilla - La Mancha;Guadalajara;Alcolea del Pinar;Centros de salud;Publicos
0244000492;CENTRO DE SALUD ALCORISA;4420514;Aragón;Teruel;Alcorisa;Centros de salud;Publicos
0250003465;CENTRO DE SALUD ALFAJARIN;5022904;Aragón;Zaragoza;Alfajarín;Centros de salud;Publicos
0244000728;CENTRO DE SALUD ALFAMBRA;4420593;Aragón;Teruel;Alfambra;Centros de salud;Publicos
0737002036;CENTRO DE SALUD ALFONSO SANCHEZ MONTERO;37-C231-0030;Castilla y León;Salamanca;Salamanca;Centros de salud;Publicos
0111000467;CENTRO DE SALUD ALGECIRAS NORTE;20838;Andalucía;Cádiz;Algeciras;Centros de salud;Publicos
0111000468;CENTRO DE SALUD ALGECIRAS-SUR SALADILLO;20839;Andalucía;Cádiz;Algeciras;Centros de salud;Publicos
0250003467;CENTRO DE SALUD ALHAMA DE ARAGON;5022895;Aragón;Zaragoza;Alhama de Aragón;Centros de salud;Publicos
0244000499;CENTRO DE SALUD ALIAGA;4420515;Aragón;Teruel;Aliaga;Centros de salud;Publicos
1003002108;CENTRO DE SALUD ALICANTE  CAMPOAMOR;9464;Comunitat Valenciana;Alicante/Alacant;Alacant/Alicante;Centros de salud;Publicos
1003001924;CENTRO DE SALUD ALICANTE PARQUE LO MORANT;8706;Comunitat Valenciana;Alicante/Alacant;Alacant/Alicante;Centros de salud;Publicos
1003001133;CENTRO DE SALUD ALICANTE SAN BLAS;5216;Comunitat Valenciana;Alicante/Alacant;Alacant/Alicante;Centros de salud;Publicos
1106000158;CENTRO DE SALUD ALMENDRALEJO SAN JOSE;06000199;Extremadura;Badajoz;Almendralejo;Centros de salud;Publicos
1106000583;CENTRO DE SALUD ALMENDRALEJO SAN ROQUE;06005879;Extremadura;Badajoz;Almendralejo;Centros de salud;Publicos
0141001198;CENTRO DE SALUD ALMORRON DE ECIJA-SERVICIO ANDALUZ DE SALUD;20927;Andalucía;Sevilla;Écija;Centros de salud;Publicos
1648003486;CENTRO DE SALUD ALONSOTEGI;48 C.2.3.1. 10803;País Vasco;Bizkaia;Alonsotegi;Centros de salud;Publicos
0749001164;CENTRO DE SALUD ALTA SANABRIA;49-C231-0003;Castilla y León;Zamora;Lubián;Centros de salud;Publicos
1620000453;CENTRO DE SALUD ALTZA;20 C.2.3.1. 3649;País Vasco;Gipuzkoa;Donostia/San Sebastián;Centros de salud;Publicos
1046000574;CENTRO DE SALUD ALZIRA I;698;Comunitat Valenciana;Valencia/València;Alzira;Centros de salud;Publicos
0141003161;CENTRO DE SALUD AMANTE LAFFON-SERVICIO ANDALUZ DE SALUD;35551;Andalucía;Sevilla;Sevilla;Centros de salud;Publicos
0724002240;CENTRO DE SALUD ANTONIO GUTIERREZ GONZALEZ;24-C231-0037;Castilla y León;León;León;Centros de salud;Publicos
0709001797;CENTRO DE SALUD ARANDA NORTE;09-C231-0024;Castilla y León;Burgos;Aranda de Duero;Centros de salud;Publicos
1531003629;CENTRO DE SALUD ARDOI;C03319;Navarra, Comunidad Foral de;Navarra;Zizur Mayor/Zizur Nagusia;Centros de salud;Publicos
1620004733;CENTRO DE SALUD ARETXABALETA;20/016492;País Vasco;Gipuzkoa;Aretxabaleta;Centros de salud;Publicos
1620003757;CENTRO DE SALUD ARETXABALETA (ZAINDUZ);20/015309;País Vasco;Gipuzkoa;Aretxabaleta;Centros de salud;Publicos
0250003463;CENTRO DE SALUD ARIZA;5022881;Aragón;Zaragoza;Ariza;Centros de salud;Publicos
0250001586;CENTRO DE SALUD ARRABAL;5022682;Aragón;Zaragoza;Zaragoza;Centros de salud;Publicos
0747001945;CENTRO DE SALUD ARTURO EYRIES;47-C231-0016;Castilla y León;Valladolid;Valladolid;Centros de salud;Publicos
1620000468;CENTRO DE SALUD ASTIGARRAGA;20 C.2.3.1. 6194;País Vasco;Gipuzkoa;Astigarraga;Centros de salud;Publicos
0724002246;CENTRO DE SALUD ASTORGA I;24-C231-0043;Castilla y León;León;Astorga;Centros de salud;Publicos
0724002247;CENTRO DE SALUD ASTORGA II;24-C231-0044;Castilla y León;León;Astorga;Centros de salud;Publicos
0802000429;CENTRO DE SALUD, ATALAYA, DE ALCADOZO;0201260/0201260;Castilla - La Mancha;Albacete;Alcadozo;Centros de salud;Publicos
0250003468;CENTRO DE SALUD ATECA;5022877;Aragón;Zaragoza;Ateca;Centros de salud;Publicos
0705000990;CENTRO DE SALUD AVILA ESTACION;05-C231-0003;Castilla y León;Ávila;Ávila;Centros de salud;Publicos
0705001006;CENTRO DE SALUD AVILA NORTE;05-C231-0019;Castilla y León;Ávila;Ávila;Centros de salud;Publicos
0705001009;CENTRO DE SALUD AVILA SUR-ESTE;05-C231-0022;Castilla y León;Ávila;Ávila;Centros de salud;Publicos
0244000500;CENTRO DE SALUD BAGUENA;4420061;Aragón;Teruel;Báguena;Centros de salud;Publicos
0250006374;CENTRO DE SALUD BARRIO JESUS;5025177;Aragón;Zaragoza;Zaragoza;Centros de salud;Publicos
1648000903;CENTRO DE SALUD BASURTO;48 C.2.3.1. 6709;País Vasco;Bizkaia;Bilbao;Centros de salud;Publicos
0250003459;CENTRO DE SALUD BELCHITE;5022891;Aragón;Zaragoza;Belchite;Centros de salud;Publicos
0749001179;CENTRO DE SALUD BENAVENTE NORTE;49-C231-0018;Castilla y León;Zamora;Benavente;Centros de salud;Publicos
0749001182;CENTRO DE SALUD BENAVENTE SUR;49-C231-0021;Castilla y León;Zamora;Benavente;Centros de salud;Publicos
0222000828;CENTRO DE SALUD BERBEGAL;2220868;Aragón;Huesca;Berbegal;Centros de salud;Publicos
0222000831;CENTRO DE SALUD BERDUN;2220869;Aragón;Huesca;Canal de Berdún;Centros de salud;Publicos
0813003189;CENTRO DE SALUD BOLAÑOS;1309430/1318070;Castilla - La Mancha;Ciudad Real;Bolaños de Calatrava;Centros de salud;Privados
1648000873;CENTRO DE SALUD BOLUETA - SAGARMINAGA;48 C.2.3.1. 3725;País Vasco;Bizkaia;Bilbao;Centros de salud;Publicos
0250001418;CENTRO DE SALUD BOMBARDA;5022481;Aragón;Zaragoza;Zaragoza;Centros de salud;Publicos
1648004834;CENTRO DE SALUD BOMBERO-ETXANIZ;48 C.2.3.1. 7118;País Vasco;Bizkaia;Bilbao;Centros de salud;Publicos
0222000830;CENTRO DE SALUD BROTO;2220870;Aragón;Huesca;Broto;Centros de salud;Publicos
1648002873;CENTRO DE SALUD BUENAVISTA;48 C.2.3.1. 9031;País Vasco;Bizkaia;Portugalete;Centros de salud;Publicos
0819001577;CENTRO DE SALUD CABANILLAS DEL CAMPO;1907396/1907898;Castilla - La Mancha;Guadalajara;Cabanillas del Campo;Centros de salud;Publicos
1110000574;CENTRO DE SALUD CACERES LA MEJOSTILLA;10005876;Extremadura;Cáceres;Cáceres;Centros de salud;Publicos
0244000495;CENTRO DE SALUD CALACEITE;4420516;Aragón;Teruel;Calaceite;Centros de salud;Publicos
0244000494;CENTRO DE SALUD CALAMOCHA;4420329;Aragón;Teruel;Calamocha;Centros de salud;Publicos
0250000940;CENTRO DE SALUD CALATAYUD (NORTE Y SUR) URBANO Y RURAL;5021559;Aragón;Zaragoza;Calatayud;Centros de salud;Publicos
0111000510;CENTRO DE SALUD CAMILO MENENDEZ TOLOSA - ALGECIRAS;21149;Andalucía;Cádiz;Algeciras;Centros de salud;Publicos
1046000676;CENTRO DE SALUD CAMPANAR II;966;Comunitat Valenciana;Valencia/València;València;Centros de salud;Publicos
0141001242;CENTRO DE SALUD CAMPO DE LAS BEATAS DE ALCALA DE GUADAIRA -SERVICIO ANDALUZ DE SALUD;21309;Andalucía;Sevilla;Alcalá de Guadaíra;Centros de salud;Publicos
0749001166;CENTRO DE SALUD CAMPOS-LAMPREANA;49-C231-0005;Castilla y León;Zamora;Villarrín de Campos;Centros de salud;Publicos
0250000934;CENTRO DE SALUD CANAL IMPERIAL - SAN JOSE SUR - VENECIA;5021549;Aragón;Zaragoza;Zaragoza;Centros de salud;Publicos
0244000506;CENTRO DE SALUD CANTAVIEJA;4420517;Aragón;Teruel;Cantavieja;Centros de salud;Publicos
0737002040;CENTRO DE SALUD CAPUCHINOS;37-C231-0034;Castilla y León;Salamanca;Salamanca;Centros de salud;Publicos
0749001187;CENTRO DE SALUD CARBALLEDA;49-C231-0026;Castilla y León;Zamora;Mombuey;Centros de salud;Publicos
0129005353;CENTRO DE SALUD CARLINDA;30926;Andalucía;Málaga;Málaga;Centros de salud;Publicos
0114002687;CENTRO DE SALUD CARLOS CASTILLA DEL PINO;39465;Andalucía;Córdoba;Córdoba;Centros de salud;Publicos
0121000283;CENTRO DE SALUD CARTAYA - ZONA BASICA DE SALUD;20899;Andalucía;Huelva;Cartaya;Centros de salud;Publicos
0747001946;CENTRO DE SALUD CASA DEL BARCO;47-C231-0017;Castilla y León;Valladolid;Valladolid;Centros de salud;Publicos
0111000675;CENTRO DE SALUD CASA DEL MAR - EL PUERTO DE SANTA MARIA;22262;Andalucía;Cádiz;Puerto de Santa María, El;Centros de salud;Publicos
0250001346;CENTRO DE SALUD CASABLANCA;5022332;Aragón;Zaragoza;Zaragoza;Centros de salud;Publicos
1726000429;CENTRO DE SALUD CASCAJOS;1488190231001;Rioja, La;Rioja, La;Logroño;Centros de salud;Publicos
1601000187;CENTRO DE SALUD CASCO VIEJO (OSAKIDETZA);01 C.2.3.1. 1237;País Vasco;Araba/Álava;Vitoria-Gasteiz;Centros de salud;Publicos
0250003462;CENTRO DE SALUD CASETAS;5022875;Aragón;Zaragoza;Zaragoza;Centros de salud;Publicos
0111003291;CENTRO DE SALUD CASINES - SERVICIO ANDALUZ DE SALUD;30358;Andalucía;Cádiz;Puerto Real;Centros de salud;Publicos
1648000890;CENTRO DE SALUD CASTAÑOS-PORTUGALETE;48 C.2.3.1. 5252;País Vasco;Bizkaia;Portugalete;Centros de salud;Publicos
0222000826;CENTRO DE SALUD CASTEJON DE SOS;2220873;Aragón;Huesca;Castejón de Sos;Centros de salud;Publicos
1012003138;CENTRO DE SALUD CASTELLO - SEQUIOL;24082;Comunitat Valenciana;Castellón/Castelló;Castelló de la Plana;Centros de salud;Publicos
0737002013;CENTRO DE SALUD CASTO PRIETO;37-C231-0007;Castilla y León;Salamanca;Salamanca;Centros de salud;Publicos
0244000502;CENTRO DE SALUD CEDRILLAS;4420518;Aragón;Teruel;Cedrillas;Centros de salud;Publicos
0111000569;CENTRO DE SALUD CHICLANA EL LUGAR - SERVICIO ANDALUZ DE SALUD;21654;Andalucía;Cádiz;Chiclana de la Frontera;Centros de salud;Publicos
0111000479;CENTRO DE SALUD CHICLANA-LA BANDA PADRE SALADO - SERVICIO ANDALUZ DE SALUD;20921;Andalucía;Cádiz;Chiclana de la Frontera;Centros de salud;Publicos
0333004559;CENTRO DE SALUD CONTRUECES;5507;Asturias, Principado de;Asturias;Gijón;Centros de salud;Publicos
0709001804;CENTRO DE SALUD CRISTOBAL ACOSTA;09-C231-0031;Castilla y León;Burgos;Burgos;Centros de salud;Publicos
0816000712;CENTRO DE SALUD CUENCA-1;1606356/1606940;Castilla - La Mancha;Cuenca;Cuenca;Centros de salud;Publicos
0816000182;CENTRO DE SALUD CUENCA-2;CU02641/00001089;Castilla - La Mancha;Cuenca;Cuenca;Centros de salud;Publicos
0816000941;CENTRO DE SALUD CUENCA-4;1606936/1609621;Castilla - La Mancha;Cuenca;Cuenca;Centros de salud;Publicos
0141001243;CENTRO DE SALUD D. MANUEL MARROCO QUEVEDO DE CANTILLANA-SERVICIO ANDALUZ DE SALUD;21320;Andalucía;Sevilla;Cantillana;Centros de salud;Publicos
0141001186;CENTRO DE SALUD D. PAULINO GARCIA DUNAS DE ALCALA DE GUADAIRA -SERVICIO ANDALUZ DE SALUD;20829;Andalucía;Sevilla;Alcalá de Guadaíra;Centros de salud;Publicos
0250003450;CENTRO DE SALUD DAROCA;5022883;Aragón;Zaragoza;Daroca;Centros de salud;Publicos
0813000462;CENTRO DE SALUD DE ABENOJAR;1301606/1301606;Castilla - La Mancha;Ciudad Real;Abenójar;Centros de salud;Publicos
1601000186;CENTRO DE SALUD DE ABETXUKO (OSAKIDETZA);01 C.2.3.1. 1236;País Vasco;Araba/Álava;Vitoria-Gasteiz;Centros de salud;Publicos
1046000306;CENTRO DE SALUD DE ADEMUZ;1249;Comunitat Valenciana;Valencia/València;Ademuz;Centros de salud;Publicos
1003001077;CENTRO DE SALUD DE AGOST;4986;Comunitat Valenciana;Alicante/Alacant;Agost;Centros de salud;Publicos
0742000751;CENTRO DE SALUD DE AGREDA;42-C231-0001;Castilla y León;Soria;Ágreda;Centros de salud;Publicos
0813000454;CENTRO DE SALUD DE AGUDO;1301591/1301591;Castilla - La Mancha;Ciudad Real;Agudo;Centros de salud;Publicos
0734001930;CENTRO DE SALUD DE AGUILAR DE CAMPOO;34-C231-0024;Castilla y León;Palencia;Aguilar de Campoo;Centros de salud;Publicos
1620003363;CENTRO DE SALUD DE AIETE;20 C.2.3.1. 13245;País Vasco;Gipuzkoa;Donostia/San Sebastián;Centros de salud;Publicos
0222000442;CENTRO DE SALUD DE AINSA;2220610;Aragón;Huesca;Aínsa-Sobrarbe;Centros de salud;Publicos
0747004070;CENTRO DE SALUD DE ALAEJOS;47-C231-0046;Castilla y León;Valladolid;Alaejos;Centros de salud;Publicos
0250001729;CENTRO DE SALUD DE ALAGON;5022890;Aragón;Zaragoza;Alagón;Centros de salud;Publicos
1648000908;CENTRO DE SALUD DE ALANGO;48 C.2.3.1. 7433;País Vasco;Bizkaia;Getxo;Centros de salud;Publicos
0737002009;CENTRO DE SALUD DE ALBA DE TORMES;37-C231-0003;Castilla y León;Salamanca;Alba de Tormes;Centros de salud;Publicos
1046000411;CENTRO DE SALUD DE ALBAIDA;3176;Comunitat Valenciana;Valencia/València;Albaida;Centros de salud;Publicos
1046000442;CENTRO DE SALUD DE ALBAL;3907;Comunitat Valenciana;Valencia/València;Albal;Centros de salud;Publicos
0222000610;CENTRO DE SALUD DE ALBALATE DE CINCA;2220769;Aragón;Huesca;Albalate de Cinca;Centros de salud;Publicos
1003001542;CENTRO DE SALUD DE ALBATERA;675;Comunitat Valenciana;Alicante/Alacant;Albatera;Centros de salud;Publicos
1046001554;CENTRO DE SALUD DE ALBERIC;2892;Comunitat Valenciana;Valencia/València;Alberic;Centros de salud;Publicos
1012000084;CENTRO DE SALUD DE ALBOCASSER;10528;Comunitat Valenciana;Castellón/Castelló;Albocàsser;Centros de salud;Publicos
1012000189;CENTRO DE SALUD DE ALCALA DE XIVERT;2818;Comunitat Valenciana;Castellón/Castelló;Alcalà de Xivert;Centros de salud;Publicos
0141001227;CENTRO DE SALUD DE ALCALA DEL RIO-SERVICIO ANDALUZ DE SALUD;21125;Andalucía;Sevilla;Alcalá del Río;Centros de salud;Publicos
0802000836;CENTRO DE SALUD DE ALCARAZ;0206494/0206287;Castilla - La Mancha;Albacete;Alcaraz;Centros de salud;Publicos
1046000187;CENTRO DE SALUD DE ALCASSER;10460;Comunitat Valenciana;Valencia/València;Alcàsser;Centros de salud;Publicos
0813000452;CENTRO DE SALUD DE ALCAZAR DE SAN JUAN-1-PUNTO DE ATENCION CONTINUADA;1301585/1301585;Castilla - La Mancha;Ciudad Real;Alcázar de San Juan;Centros de salud;Publicos
0813001142;CENTRO DE SALUD DE ALCAZAR DE SAN JUAN-2;1306665/1308066;Castilla - La Mancha;Ciudad Real;Alcázar de San Juan;Centros de salud;Publicos
0813000455;CENTRO DE SALUD DE ALCOBA;1301592/1301592;Castilla - La Mancha;Ciudad Real;Alcoba;Centros de salud;Publicos
1003003121;CENTRO DE SALUD DE ALCOI PLAZA DINS;11647;Comunitat Valenciana;Alicante/Alacant;Alcoi/Alcoy;Centros de salud;Publicos
1012000366;CENTRO DE SALUD DE ALCORA;993;Comunitat Valenciana;Castellón/Castelló;Alcora, l';Centros de salud;Publicos
1003000684;CENTRO DE SALUD DE ALCOY LA BASSA;18;Comunitat Valenciana;Alicante/Alacant;Alcoi/Alcoy;Centros de salud;Publicos
1046000350;CENTRO DE SALUD DE ALDAIA;2059;Comunitat Valenciana;Valencia/València;Aldaia;Centros de salud;Publicos
1620003660;CENTRO DE SALUD DE ALDE ZAHARRA;20/015295;País Vasco;Gipuzkoa;Donostia/San Sebastián;Centros de salud;Publicos
0737002010;CENTRO DE SALUD DE ALDEADAVILA DE LA RIBERA;37-C231-0004;Castilla y León;Salamanca;Aldeadávila de la Ribera;Centros de salud;Publicos
0845000720;CENTRO DE SALUD DE ALDEANUEVA DE SAN BARTOLOME;4501722/4501722;Castilla - La Mancha;Toledo;Aldeanueva de San Bartolomé;Centros de salud;Publicos
1620000440;CENTRO DE SALUD DE ALEGIA;20 C.2.3.1. 3461;País Vasco;Gipuzkoa;Alegia;Centros de salud;Publicos
1620004764;CENTRO DE SALUD DE ALEGIA PROVISIONAL;20/016564;País Vasco;Gipuzkoa;Alegia;Centros de salud;Publicos
1601000200;CENTRO DE SALUD DE ALEGRIA - OSAKIDETZA;01 C.2.3.1. 7780;País Vasco;Araba/Álava;Alegría-Dulantzi;Centros de salud;Publicos
1046000407;CENTRO DE SALUD DE ALFAFAR;3053;Comunitat Valenciana;Valencia/València;Alfafar;Centros de salud;Publicos
1046000705;CENTRO DE SALUD DE ALGEMESI;1043;Comunitat Valenciana;Valencia/València;Algemesí;Centros de salud;Publicos
1046000557;CENTRO DE SALUD DE ALGINET;625;Comunitat Valenciana;Valencia/València;Alginet;Centros de salud;Publicos
1648002642;CENTRO DE SALUD DE ALGORTA;48 C.2.3.1. 4254;País Vasco;Bizkaia;Getxo;Centros de salud;Publicos
1003000875;CENTRO DE SALUD DE ALICANTE BABEL;3720;Comunitat Valenciana;Alicante/Alacant;Alacant/Alicante;Centros de salud;Publicos
1003000165;CENTRO DE SALUD DE ALICANTE CABO DE HUERTAS;3715;Comunitat Valenciana;Alicante/Alacant;Alacant/Alicante;Centros de salud;Publicos
1003000685;CENTRO DE SALUD DE ALICANTE CIUDAD JARDIN;19;Comunitat Valenciana;Alicante/Alacant;Alacant/Alicante;Centros de salud;Publicos
1003000197;CENTRO DE SALUD DE ALICANTE FLORIDA;4988;Comunitat Valenciana;Alicante/Alacant;Alacant/Alicante;Centros de salud;Publicos
1003000876;CENTRO DE SALUD DE ALICANTE LOS ANGELES;3721;Comunitat Valenciana;Alicante/Alacant;Alacant/Alicante;Centros de salud;Publicos
0749001165;CENTRO DE SALUD DE ALISTE;49-C231-0004;Castilla y León;Zamora;Alcañices;Centros de salud;Publicos
1531001953;CENTRO DE SALUD DE ALLO;C00627;Navarra, Comunidad Foral de;Navarra;Allo;Centros de salud;Publicos
0813000463;CENTRO DE SALUD DE ALMADEN;1301607/1301607;Castilla - La Mancha;Ciudad Real;Almadén;Centros de salud;Publicos
0813001248;CENTRO DE SALUD DE ALMAGRO;1306908/1308475;Castilla - La Mancha;Ciudad Real;Almagro;Centros de salud;Publicos
0802000115;CENTRO DE SALUD DE ALMANSA;AB01651/00006911;Castilla - La Mancha;Albacete;Almansa;Centros de salud;Publicos
1046000452;CENTRO DE SALUD DE ALMASSERA;4021;Comunitat Valenciana;Valencia/València;Almàssera;Centros de salud;Publicos
0742000752;CENTRO DE SALUD DE ALMAZAN;42-C231-0002;Castilla y León;Soria;Almazán;Centros de salud;Publicos
1012000344;CENTRO DE SALUD DE ALMAZORA;918;Comunitat Valenciana;Castellón/Castelló;Almassora;Centros de salud;Publicos
1012000349;CENTRO DE SALUD DE ALMENARA;9331;Comunitat Valenciana;Castellón/Castelló;Almenara;Centros de salud;Publicos
0813000464;CENTRO DE SALUD DE ALMODOVAR DEL CAMPO;1301608/1301608;Castilla - La Mancha;Ciudad Real;Almodóvar del Campo;Centros de salud;Publicos
1003000290;CENTRO DE SALUD DE ALMORADI;10079;Comunitat Valenciana;Alicante/Alacant;Almoradí;Centros de salud;Publicos
0222000445;CENTRO DE SALUD DE ALMUDEVAR;2220613;Aragón;Huesca;Almudévar;Centros de salud;Publicos
1046001760;CENTRO DE SALUD DE ALMUSSAFES;3775;Comunitat Valenciana;Valencia/València;Almussafes;Centros de salud;Publicos
1648000842;CENTRO DE SALUD DE ALTAMIRA;48 C.2.3.1. 1912;País Vasco;Bizkaia;Bilbao;Centros de salud;Publicos
1003003738;CENTRO DE SALUD DE ALTEA;14054;Comunitat Valenciana;Alicante/Alacant;Altea;Centros de salud;Publicos
1531001893;CENTRO DE SALUD DE ALTSASU/ALSASUA;C00561;Navarra, Comunidad Foral de;Navarra;Altsasu/Alsasua;Centros de salud;Publicos
1620000447;CENTRO DE SALUD DE AMARA-PRIM;20 C.2.3.1. 3558;País Vasco;Gipuzkoa;Donostia/San Sebastián;Centros de salud;Publicos
0141002949;CENTRO DE SALUD DE AMATE-SERVICIO ANDALUZ DE SALUD;34195;Andalucía;Sevilla;Sevilla;Centros de salud;Publicos
1648003951;CENTRO DE SALUD DE AMOREBIETA-ETXANO;48 C.2.3.1. 11281;País Vasco;Bizkaia;Amorebieta-Etxano;Centros de salud;Publicos
1601001108;CENTRO DE SALUD DE AMURRIO (OSAKIDETZA);01 C.2.3.1. 11673;País Vasco;Araba/Álava;Amurrio;Centros de salud;Publicos
1531001955;CENTRO DE SALUD DE ANCIN-AMESCOA;C00629;Navarra, Comunidad Foral de;Navarra;Ancín/Antzin;Centros de salud;Publicos
0244000184;CENTRO DE SALUD DE ANDORRA;4420344;Aragón;Teruel;Andorra;Centros de salud;Publicos
1531000102;CENTRO DE SALUD DE ANSOAIN;C01106;Navarra, Comunidad Foral de;Navarra;Ansoáin/Antsoain;Centros de salud;Publicos
0845000752;CENTRO DE SALUD DE AÑOVER DE TAJO;4501763/4501763;Castilla - La Mancha;Toledo;Añover de Tajo;Centros de salud;Publicos
1531001894;CENTRO DE SALUD DE AOIZ;C00562;Navarra, Comunidad Foral de;Navarra;Aoiz/Agoitz;Centros de salud;Publicos
0141001190;CENTRO DE SALUD DE ARAHAL-SERVICIO ANDALUZ DE SALUD;20855;Andalucía;Sevilla;Arahal;Centros de salud;Publicos
1601000191;CENTRO DE SALUD DE ARANBIZKARRA I (OSAKIDETZA);01 C.2.3.1. 1241;País Vasco;Araba/Álava;Vitoria-Gasteiz;Centros de salud;Publicos
1601000181;CENTRO DE SALUD DE ARANBIZKARRA II (OSAKIDETZA);01 C.2.3.1. 1054;País Vasco;Araba/Álava;Vitoria-Gasteiz;Centros de salud;Publicos
0709001799;CENTRO DE SALUD DE ARANDA RURAL;09-C231-0026;Castilla y León;Burgos;Aranda de Duero;Centros de salud;Publicos
0709001798;CENTRO DE SALUD DE ARANDA SUR;09-C231-0025;Castilla y León;Burgos;Aranda de Duero;Centros de salud;Publicos
1648000884;CENTRO DE SALUD DE ARANGOITI;48 C.2.3.1. 4751;País Vasco;Bizkaia;Bilbao;Centros de salud;Publicos
1531000103;CENTRO DE SALUD DE ARANGUREN;C01107;Navarra, Comunidad Foral de;Navarra;Aranguren;Centros de salud;Publicos
0111000469;CENTRO DE SALUD DE ARCOS;20856;Andalucía;Cádiz;Arcos de la Frontera;Centros de salud;Publicos
0742000753;CENTRO DE SALUD DE ARCOS DE JALON;42-C231-0003;Castilla y León;Soria;Arcos de Jalón;Centros de salud;Publicos
1648000845;CENTRO DE SALUD DE AREETA;48 C.2.3.1. 1942;País Vasco;Bizkaia;Getxo;Centros de salud;Publicos
0705000992;CENTRO DE SALUD DE ARENAS DE SAN PEDRO;05-C231-0005;Castilla y León;Ávila;Arenas de San Pedro;Centros de salud;Publicos
0705000993;CENTRO DE SALUD DE AREVALO;05-C231-0006;Castilla y León;Ávila;Arévalo;Centros de salud;Publicos
0813001015;CENTRO DE SALUD DE ARGAMASILLA DE ALBA;1306379/1306783;Castilla - La Mancha;Ciudad Real;Argamasilla de Alba;Centros de salud;Publicos
0813000465;CENTRO DE SALUD DE ARGAMASILLA DE CALATRAVA;1301609/1301609;Castilla - La Mancha;Ciudad Real;Argamasilla de Calatrava;Centros de salud;Publicos
1648002645;CENTRO DE SALUD DE ARIZ BASAURI;48 C.2.3.1. 4602;País Vasco;Bizkaia;Basauri;Centros de salud;Publicos
0724002204;CENTRO DE SALUD DE ARMUNIA;24-C231-0001;Castilla y León;León;León;Centros de salud;Publicos
1648000855;CENTRO DE SALUD DE ARRIGORRIAGA;48 C.2.3.1. 2023;País Vasco;Bizkaia;Arrigorriaga;Centros de salud;Publicos
0333004527;CENTRO DE SALUD DE ARRIONDAS;5476;Asturias, Principado de;Asturias;Parres;Centros de salud;Publicos
1012000345;CENTRO DE SALUD DE ARTANA;920;Comunitat Valenciana;Castellón/Castelló;Artana;Centros de salud;Publicos
1648002471;CENTRO DE SALUD DE ASTRABUDUA;48 C.2.3.1. 8491;País Vasco;Bizkaia;Erandio;Centros de salud;Publicos
1726000520;CENTRO DE SALUD DE ATENCION PRIMARIA DE ALBERITE;1577070231001;Rioja, La;Rioja, La;Alberite;Centros de salud;Publicos
1726000514;CENTRO DE SALUD DE ATENCION PRIMARIA DE ALFARO;1571020231001;Rioja, La;Rioja, La;Alfaro;Centros de salud;Publicos
1726000515;CENTRO DE SALUD DE ATENCION PRIMARIA DE ARNEDO;1572040231001;Rioja, La;Rioja, La;Arnedo;Centros de salud;Publicos
1726000516;CENTRO DE SALUD DE ATENCION PRIMARIA DE CALAHORRA;1573030231001;Rioja, La;Rioja, La;Calahorra;Centros de salud;Publicos
1726000517;CENTRO DE SALUD DE ATENCION PRIMARIA DE CERVERA DEL RIO ALHAMA;1574010231001;Rioja, La;Rioja, La;Cervera del Río Alhama;Centros de salud;Publicos
1726000522;CENTRO DE SALUD DE ATENCION PRIMARIA DE MURILLO;1579050231001;Rioja, La;Rioja, La;Murillo de Río Leza;Centros de salud;Publicos
1726000519;CENTRO DE SALUD DE ATENCION PRIMARIA DE NAJERA;1576100231001;Rioja, La;Rioja, La;Nájera;Centros de salud;Publicos
1726000518;CENTRO DE SALUD DE ATENCION PRIMARIA DE SANTO DOMINGO DE LA CALZADA;1575110231001;Rioja, La;Rioja, La;Santo Domingo de la Calzada;Centros de salud;Publicos
1726000523;CENTRO DE SALUD DE ATENCION PRIMARIA ESPARTERO;1580150231001;Rioja, La;Rioja, La;Logroño;Centros de salud;Publicos
1726000883;CENTRO DE SALUD DE ATENCION PRIMARIA LA GUINDALERA;1929200231001;Rioja, La;Rioja, La;Logroño;Centros de salud;Publicos
1726000526;CENTRO DE SALUD DE ATENCION PRIMARIA LABRADORES;1583160231001;Rioja, La;Rioja, La;Logroño;Centros de salud;Publicos
0819000155;CENTRO DE SALUD DE ATIENZA;1901697/1901697;Castilla - La Mancha;Guadalajara;Atienza;Centros de salud;Publicos
1012000408;CENTRO DE SALUD DE ATZENETA DEL MAESTRAT;10883;Comunitat Valenciana;Castellón/Castelló;Atzeneta del Maestrat;Centros de salud;Publicos
1531001898;CENTRO DE SALUD DE AURITZ/BURGUETE;C00566;Navarra, Comunidad Foral de;Navarra;Auritz/Burguete;Centros de salud;Publicos
0705000991;CENTRO DE SALUD DE AVILA RURAL;05-C231-0004;Castilla y León;Ávila;Ávila;Centros de salud;Publicos
0705001007;CENTRO DE SALUD DE AVILA SUR OESTE;05-C231-0020;Castilla y León;Ávila;Ávila;Centros de salud;Publicos
0222000443;CENTRO DE SALUD DE AYERBE;2220611;Aragón;Huesca;Ayerbe;Centros de salud;Publicos
1046000347;CENTRO DE SALUD DE AYORA;2024;Comunitat Valenciana;Valencia/València;Ayora;Centros de salud;Publicos
1620000452;CENTRO DE SALUD DE AZKOITIA;20 C.2.3.1. 3643;País Vasco;Gipuzkoa;Azkoitia;Centros de salud;Publicos
1620000502;CENTRO DE SALUD DE AZPEITIA;20 C.2.4.1. 3644;País Vasco;Gipuzkoa;Azpeitia;Centros de salud;Publicos
1531001957;CENTRO DE SALUD DE AZPILAGAÑA;C00631;Navarra, Comunidad Foral de;Navarra;Pamplona/Iruña;Centros de salud;Publicos
0819000156;CENTRO DE SALUD DE AZUQUECA DE HENARES;1901698/1901698;Castilla - La Mancha;Guadalajara;Azuqueca de Henares;Centros de salud;Publicos
0819001394;CENTRO DE SALUD DE AZUQUECA DE HENARES-2;1907338/1904752;Castilla - La Mancha;Guadalajara;Azuqueca de Henares;Centros de salud;Publicos
0724002248;CENTRO DE SALUD DE BABIA;24-C231-0590;Castilla y León;León;San Emiliano;Centros de salud;Publicos
0802001977;CENTRO DE SALUD DE BALAZOTE;0208161/0214299;Castilla - La Mancha;Albacete;Balazote;Centros de salud;Publicos
1648000843;CENTRO DE SALUD DE BALMASEDA;48 C.2.3.1. 1913;País Vasco;Bizkaia;Balmaseda;Centros de salud;Publicos
0734000926;CENTRO DE SALUD DE BALTANAS;34-C231-0005;Castilla y León;Palencia;Baltanás;Centros de salud;Publicos
1003000909;CENTRO DE SALUD DE BANYERES DE MARIOLA;3991;Comunitat Valenciana;Alicante/Alacant;Banyeres de Mariola;Centros de salud;Publicos
1531001896;CENTRO DE SALUD DE BARAÑAIN I;C00564;Navarra, Comunidad Foral de;Navarra;Barañáin/Barañain;Centros de salud;Publicos
1531000641;CENTRO DE SALUD DE BARAÑAIN II;C01946;Navarra, Comunidad Foral de;Navarra;Barañáin/Barañain;Centros de salud;Publicos
0222000035;CENTRO DE SALUD DE BARBASTRO;2220093;Aragón;Huesca;Barbastro;Centros de salud;Publicos
0845000753;CENTRO DE SALUD DE BARGAS;4501764/4501764;Castilla - La Mancha;Toledo;Bargas;Centros de salud;Publicos
0747001931;CENTRO DE SALUD DE BARRIO ESPAÑA;47-C231-0002;Castilla y León;Valladolid;Valladolid;Centros de salud;Publicos
1648000906;CENTRO DE SALUD DE BEGOÑA;48 C.2.3.1. 7027;País Vasco;Bizkaia;Bilbao;Centros de salud;Publicos
0737002030;CENTRO DE SALUD DE BEJAR (MARIA AUXILIADORA);37-C231-0024;Castilla y León;Salamanca;Béjar;Centros de salud;Publicos
0141002947;CENTRO DE SALUD DE BELLAVISTA-SERVICIO ANDALUZ DE SALUD;34191;Andalucía;Sevilla;Sevilla;Centros de salud;Publicos
1046000659;CENTRO DE SALUD DE BELLREGUARD;924;Comunitat Valenciana;Valencia/València;Bellreguard;Centros de salud;Publicos
0816000769;CENTRO DE SALUD DE BELMONTE;1606533/1607825;Castilla - La Mancha;Cuenca;Belmonte;Centros de salud;Publicos
0709001776;CENTRO DE SALUD DE BELORADO;09-C231-0003;Castilla y León;Burgos;Belorado;Centros de salud;Publicos
0845001896;CENTRO DE SALUD DE BELVIS DE LA JARA;4507487/4513447;Castilla - La Mancha;Toledo;Belvís de la Jara;Centros de salud;Publicos
0724004718;CENTRO DE SALUD DE BEMBIBRE.;24-C231-0592;Castilla y León;León;Bembibre;Centros de salud;Publicos
0222000446;CENTRO DE SALUD DE BENABARRE;2220614;Aragón;Huesca;Benabarre;Centros de salud;Publicos
1046000413;CENTRO DE SALUD DE BENAGUASIL;3238;Comunitat Valenciana;Valencia/València;Benaguasil;Centros de salud;Publicos
1003005078;CENTRO DE SALUD DE BENALUA;18556;Comunitat Valenciana;Alicante/Alacant;Alacant/Alicante;Centros de salud;Publicos
1003000966;CENTRO DE SALUD DE BENEIXAMA;4425;Comunitat Valenciana;Alicante/Alacant;Beneixama;Centros de salud;Publicos
1046000444;CENTRO DE SALUD DE BENETUSSER;3968;Comunitat Valenciana;Valencia/València;Benetússer;Centros de salud;Publicos
1012000261;CENTRO DE SALUD DE BENICARLO;5618;Comunitat Valenciana;Castellón/Castelló;Benicarló;Centros de salud;Publicos
1012000088;CENTRO DE SALUD DE BENICASIM;10532;Comunitat Valenciana;Castellón/Castelló;Benicàssim/Benicasim;Centros de salud;Publicos
1003000832;CENTRO DE SALUD DE BENIDORM I FOIETES;3411;Comunitat Valenciana;Alicante/Alacant;Benidorm;Centros de salud;Publicos
1003000432;CENTRO DE SALUD DE BENIDORM III - LA CALA;11032;Comunitat Valenciana;Alicante/Alacant;Benidorm;Centros de salud;Publicos
1046000395;CENTRO DE SALUD DE BENIGANIM;2903;Comunitat Valenciana;Valencia/València;Benigànim;Centros de salud;Publicos
1003000314;CENTRO DE SALUD DE BENILLOBA;1026;Comunitat Valenciana;Alicante/Alacant;Benilloba;Centros de salud;Publicos
1046001824;CENTRO DE SALUD DE BENIMACLET;4056;Comunitat Valenciana;Valencia/València;València;Centros de salud;Publicos
1003001546;CENTRO DE SALUD DE BENISSA;676;Comunitat Valenciana;Alicante/Alacant;Benissa;Centros de salud;Publicos
1012000130;CENTRO DE SALUD DE BENLLOCH;10632;Comunitat Valenciana;Castellón/Castelló;Benlloc;Centros de salud;Publicos
1648000881;CENTRO DE SALUD DE BERANGO;48 C.2.3.1. 4619;País Vasco;Bizkaia;Berango;Centros de salud;Publicos
1620000506;CENTRO DE SALUD DE BERGARA;20 C.2.4.1. 3733;País Vasco;Gipuzkoa;Bergara;Centros de salud;Publicos
0742000754;CENTRO DE SALUD DE BERLANGA DE DUERO;42-C231-0004;Castilla y León;Soria;Berlanga de Duero;Centros de salud;Publicos
1648000909;CENTRO DE SALUD DE BERMEO;48 C.2.3.1. 7534;País Vasco;Bizkaia;Bermeo;Centros de salud;Publicos
1531001897;CENTRO DE SALUD DE BERRIOZAR;C00565;Navarra, Comunidad Foral de;Navarra;Berriozar;Centros de salud;Publicos
1046001205;CENTRO DE SALUD DE BETERA;1417;Comunitat Valenciana;Valencia/València;Bétera;Centros de salud;Publicos
0816000793;CENTRO DE SALUD DE BETETA;1606704/1608143;Castilla - La Mancha;Cuenca;Beteta;Centros de salud;Publicos
1012000014;CENTRO DE SALUD DE BETXI;10108;Comunitat Valenciana;Castellón/Castelló;Betxí;Centros de salud;Publicos
1003000375;CENTRO DE SALUD DE BIAR;10870;Comunitat Valenciana;Alicante/Alacant;Biar;Centros de salud;Publicos
0222000334;CENTRO DE SALUD DE BIESCAS;2220524;Aragón;Huesca;Biescas;Centros de salud;Publicos
1003000320;CENTRO DE SALUD DE BIGASTRO;1046;Comunitat Valenciana;Alicante/Alacant;Bigastro;Centros de salud;Publicos
1620000435;CENTRO DE SALUD DE BILLABONA - OSAKIDETZA;20 C.2.3.1. 3262;País Vasco;Gipuzkoa;Villabona;Centros de salud;Publicos
0222001728;CENTRO DE SALUD DE BINEFAR;2220978;Aragón;Huesca;Binéfar;Centros de salud;Publicos
1046000410;CENTRO DE SALUD DE BOCAIRENT;3169;Comunitat Valenciana;Valencia/València;Bocairent;Centros de salud;Publicos
0802000403;CENTRO DE SALUD DE BOGARRA;0200647/0200647;Castilla - La Mancha;Albacete;Bogarra;Centros de salud;Publicos
0802000406;CENTRO DE SALUD DE BONETE;0200650/0200650;Castilla - La Mancha;Albacete;Bonete;Centros de salud;Publicos
0724002207;CENTRO DE SALUD DE BOÑAR;24-C231-0004;Castilla y León;León;Boñar;Centros de salud;Publicos
0250001726;CENTRO DE SALUD DE BORJA;5022876;Aragón;Zaragoza;Borja;Centros de salud;Publicos
1012000093;CENTRO DE SALUD DE BORRIOL;10538;Comunitat Valenciana;Castellón/Castelló;Borriol;Centros de salud;Publicos
0141001191;CENTRO DE SALUD DE BRENES-SERVICIO ANDALUZ DE SALUD;20876;Andalucía;Sevilla;Brenes;Centros de salud;Publicos
0819000157;CENTRO DE SALUD DE BRIHUEGA;1901699/1901699;Castilla - La Mancha;Guadalajara;Brihuega;Centros de salud;Publicos
0709001777;CENTRO DE SALUD DE BRIVIESCA;09-C231-0004;Castilla y León;Burgos;Briviesca;Centros de salud;Publicos
0250001730;CENTRO DE SALUD DE BUJARALOZ;5022892;Aragón;Zaragoza;Bujaraloz;Centros de salud;Publicos
1046000304;CENTRO DE SALUD DE BUÑOL;1230;Comunitat Valenciana;Valencia/València;Buñol;Centros de salud;Publicos
1531001995;CENTRO DE SALUD DE BUÑUEL;C00695;Navarra, Comunidad Foral de;Navarra;Buñuel;Centros de salud;Publicos
0705001973;CENTRO DE SALUD DE BURGOHONDO;05-C231-0024;Castilla y León;Ávila;Burgohondo;Centros de salud;Publicos
0709001774;CENTRO DE SALUD DE BURGOS RURAL NORTE;09-C231-0001;Castilla y León;Burgos;Burgos;Centros de salud;Publicos
0709001775;CENTRO DE SALUD DE BURGOS RURAL SUR;09-C231-0002;Castilla y León;Burgos;Burgos;Centros de salud;Publicos
1046000208;CENTRO DE SALUD DE BURJASSOT I;10492;Comunitat Valenciana;Valencia/València;Burjassot;Centros de salud;Publicos
1046000318;CENTRO DE SALUD DE BURJASSOT II;1369;Comunitat Valenciana;Valencia/València;Burjassot;Centros de salud;Publicos
1531001899;CENTRO DE SALUD DE BURLADA;C00567;Navarra, Comunidad Foral de;Navarra;Burlada/Burlata;Centros de salud;Publicos
1012000364;CENTRO DE SALUD DE BURRIANA;991;Comunitat Valenciana;Castellón/Castelló;Borriana/Burriana;Centros de salud;Publicos
1531000725;CENTRO DE SALUD DE BUZTINTXURI;C02078;Navarra, Comunidad Foral de;Navarra;Pamplona/Iruña;Centros de salud;Publicos
0333004697;CENTRO DE SALUD DE CABAÑAQUINTA;5595;Asturias, Principado de;Asturias;Aller;Centros de salud;Publicos
0724002226;CENTRO DE SALUD DE CACABELOS;24-C231-0023;Castilla y León;León;Cacabelos;Centros de salud;Publicos
0845001295;CENTRO DE SALUD DE CASTILLO DE BAYUELA;4506478/4509901;Castilla - La Mancha;Toledo;Castillo de Bayuela;Centros de salud;Publicos
1106000167;CENTRO DE SALUD DE CASTUERA;06000208;Extremadura;Badajoz;Castuera;Centros de salud;Publicos
1046000171;CENTRO DE SALUD DE CATARROJA;10444;Comunitat Valenciana;Valencia/València;Catarroja;Centros de salud;Publicos
0802001268;CENTRO DE SALUD DE CAUDETE;0207358/0210528;Castilla - La Mancha;Albacete;Caudete;Centros de salud;Publicos
1046000255;CENTRO DE SALUD DE CAUDETE DE LAS FUENTES;10643;Comunitat Valenciana;Valencia/València;Caudete de las Fuentes;Centros de salud;Publicos
0141002627;CENTRO DE SALUD DE CAZALLA DE LA SIERRA-SERVICIO ANDALUZ DE SALUD;31915;Andalucía;Sevilla;Cazalla de la Sierra;Centros de salud;Publicos
0845000723;CENTRO DE SALUD DE CEBOLLA;4501726/4501726;Castilla - La Mancha;Toledo;Cebolla;Centros de salud;Publicos
0705000996;CENTRO DE SALUD DE CEBREROS;05-C231-0009;Castilla y León;Ávila;Cebreros;Centros de salud;Publicos
0244000009;CENTRO DE SALUD DE CELLA;4420054;Aragón;Teruel;Cella;Centros de salud;Publicos
0734000943;CENTRO DE SALUD DE CERVERA DE PISUERGA;34-C231-0022;Castilla y León;Palencia;Cervera de Pisuerga;Centros de salud;Publicos
1531001902;CENTRO DE SALUD DE CHANTREA;C00570;Navarra, Comunidad Foral de;Navarra;Pamplona/Iruña;Centros de salud;Publicos
0819000163;CENTRO DE SALUD DE CHECA;1901705/1901705;Castilla - La Mancha;Guadalajara;Checa;Centros de salud;Publicos
1046000157;CENTRO DE SALUD DE CHELLA;10430;Comunitat Valenciana;Valencia/València;Chella;Centros de salud;Publicos
1046001575;CENTRO DE SALUD DE CHELVA;2943;Comunitat Valenciana;Valencia/València;Chelva;Centros de salud;Publicos
1046000549;CENTRO DE SALUD DE CHESTE;614;Comunitat Valenciana;Valencia/València;Cheste;Centros de salud;Publicos
0819000721;CENTRO DE SALUD DE CHILOECHES;193322/1900237;Castilla - La Mancha;Guadalajara;Chiloeches;Centros de salud;Publicos
0802000791;CENTRO DE SALUD DE CHINCHILLA DE MONTEARAGON;0206377/0205923;Castilla - La Mancha;Albacete;Chinchilla de Monte-Aragón;Centros de salud;Publicos
1046000392;CENTRO DE SALUD DE CHIVA;2819;Comunitat Valenciana;Valencia/València;Chiva;Centros de salud;Publicos
0819001442;CENTRO DE SALUD DE CIFUENTES;1907365/1904963;Castilla - La Mancha;Guadalajara;Cifuentes;Centros de salud;Publicos
0747001951;CENTRO DE SALUD DE CIGALES;47-C231-0022;Castilla y León;Valladolid;Cigales;Centros de salud;Publicos
1531001992;CENTRO DE SALUD DE CINTRUENIGO;C00692;Navarra, Comunidad Foral de;Navarra;Cintruénigo;Centros de salud;Publicos
0747001934;CENTRO DE SALUD DE CIRCUNVALACION;47-C231-0005;Castilla y León;Valladolid;Valladolid;Centros de salud;Publicos
0724002209;CENTRO DE SALUD DE CISTIERNA;24-C231-0006;Castilla y León;León;Cistierna;Centros de salud;Publicos
0813000458;CENTRO DE SALUD DE CIUDAD REAL-1;1301596/1301596;Castilla - La Mancha;Ciudad Real;Ciudad Real;Centros de salud;Publicos
0813000459;CENTRO DE SALUD DE CIUDAD REAL-2;1301597/1301597;Castilla - La Mancha;Ciudad Real;Ciudad Real;Centros de salud;Publicos
0813001187;CENTRO DE SALUD DE CIUDAD REAL-3;1306840/1307979;Castilla - La Mancha;Ciudad Real;Ciudad Real;Centros de salud;Publicos
0737002038;CENTRO DE SALUD DE CIUDAD RODRIGO;37-C231-0032;Castilla y León;Salamanca;Ciudad Rodrigo;Centros de salud;Publicos
1003000169;CENTRO DE SALUD DE COCENTAINA;3957;Comunitat Valenciana;Alicante/Alacant;Cocentaina;Centros de salud;Publicos
1046000515;CENTRO DE SALUD DE COFRENTES;4958;Comunitat Valenciana;Valencia/València;Cofrentes;Centros de salud;Publicos
1046004825;CENTRO DE SALUD DE COFRENTES / HERVIDEROS;11960;Comunitat Valenciana;Valencia/València;Cofrentes;Centros de salud;Publicos
0819000165;CENTRO DE SALUD DE COGOLLUDO;1901707/1901707;Castilla - La Mancha;Guadalajara;Cogolludo;Centros de salud;Publicos
0333004578;CENTRO DE SALUD DE COLUNGA;5517;Asturias, Principado de;Asturias;Colunga;Centros de salud;Publicos
0709001793;CENTRO DE SALUD DE CONDADO DE TREVIÑO;09-C231-0020;Castilla y León;Burgos;Condado de Treviño;Centros de salud;Publicos
0845000724;CENTRO DE SALUD DE CONSUEGRA;4501727/4501727;Castilla - La Mancha;Toledo;Consuegra;Centros de salud;Publicos
1531001994;CENTRO DE SALUD DE CORELLA;C00694;Navarra, Comunidad Foral de;Navarra;Corella;Centros de salud;Publicos
1110001711;CENTRO DE SALUD DE CORIA;10100624;Extremadura;Cáceres;Coria;Centros de salud;Publicos
0845000725;CENTRO DE SALUD DE CORRAL DE ALMAGUER;4501728/4501728;Castilla - La Mancha;Toledo;Corral de Almaguer;Centros de salud;Publicos
0813001183;CENTRO DE SALUD DE CORRAL DE CALATRAVA;1306836/1307970;Castilla - La Mancha;Ciudad Real;Corral de Calatrava;Centros de salud;Publicos
0749001169;CENTRO DE SALUD DE CORRALES DEL VINO;49-C231-0008;Castilla y León;Zamora;Corrales del Vino;Centros de salud;Publicos
0333004442;CENTRO DE SALUD DE CUDILLERO;5385;Asturias, Principado de;Asturias;Cudillero;Centros de salud;Publicos
0740000966;CENTRO DE SALUD DE CUELLAR;40-C231-0010;Castilla y León;Segovia;Cuéllar;Centros de salud;Publicos
0816000369;CENTRO DE SALUD DE CUENCA-3 PUNTO DE ATENCION CONTINUADA;1601383/1601383;Castilla - La Mancha;Cuenca;Cuenca;Centros de salud;Publicos
1046000399;CENTRO DE SALUD DE CULLERA;2920;Comunitat Valenciana;Valencia/València;Cullera;Centros de salud;Publicos
0813000472;CENTRO DE SALUD DE DAIMIEL-1;1301616/1301616;Castilla - La Mancha;Ciudad Real;Daimiel;Centros de salud;Publicos
0813001031;CENTRO DE SALUD DE DAIMIEL-2 PUNTO DE ATENCION CONTINUADA;1306406/1306695;Castilla - La Mancha;Ciudad Real;Daimiel;Centros de salud;Publicos
1648000849;CENTRO DE SALUD DE DERIO;48 C.2.3.1. 1953;País Vasco;Bizkaia;Derio;Centros de salud;Publicos
0535002222;CENTRO DE SALUD DE DOCTORAL;4987;Canarias;Palmas, Las;Santa Lucía de Tirajana;Centros de salud;Publicos
1003000291;CENTRO DE SALUD DE DOLORES;10080;Comunitat Valenciana;Alicante/Alacant;Dolores;Centros de salud;Publicos
1620000455;CENTRO DE SALUD DE DUMBOA IRUN - OSAKIDETZA;20 C.2.3.1. 3668;País Vasco;Gipuzkoa;Irun;Centros de salud;Publicos
1648000856;CENTRO DE SALUD DE DURANGO;48 C.2.3.1. 2024;País Vasco;Bizkaia;Durango;Centros de salud;Publicos
0244000190;CENTRO DE SALUD DE CALANDA;4420350;Aragón;Teruel;Calanda;Centros de salud;Publicos
1003000307;CENTRO DE SALUD DE CALLOSA DE SEGURA;10161;Comunitat Valenciana;Alicante/Alacant;Callosa de Segura;Centros de salud;Publicos
1003001952;CENTRO DE SALUD DE CALLOSA D'EN SARRIA;882;Comunitat Valenciana;Alicante/Alacant;Callosa d'en Sarrià;Centros de salud;Publicos
0813000466;CENTRO DE SALUD DE CALZADA DE CALATRAVA;1301610/1301610;Castilla - La Mancha;Ciudad Real;Calzada de Calatrava;Centros de salud;Publicos
0737003692;CENTRO DE SALUD DE CALZADA DE VALDUNCIEL;37-C231-0038;Castilla y León;Salamanca;Calzada de Valdunciel;Centros de salud;Publicos
0845001444;CENTRO DE SALUD DE CAMARENA;4506821/4509655;Castilla - La Mancha;Toledo;Camarena;Centros de salud;Publicos
0141001193;CENTRO DE SALUD DE CAMAS-SERVICIO ANDALUZ DE SALUD;20889;Andalucía;Sevilla;Camas;Centros de salud;Publicos
1106000166;CENTRO DE SALUD DE CAMPANARIO;06000207;Extremadura;Badajoz;Campanario;Centros de salud;Publicos
0816001308;CENTRO DE SALUD DE CAMPILLO DE ALTOBUEY;1607478/1612819;Castilla - La Mancha;Cuenca;Campillo de Altobuey;Centros de salud;Publicos
0813001017;CENTRO DE SALUD DE CAMPO DE CRIPTANA;1306381/1306781;Castilla - La Mancha;Ciudad Real;Campo de Criptana;Centros de salud;Publicos
1046000127;CENTRO DE SALUD DE CANALS;10389;Comunitat Valenciana;Valencia/València;Canals;Centros de salud;Publicos
0333004569;CENTRO DE SALUD DE CANDAS;5512;Asturias, Principado de;Asturias;Carreño;Centros de salud;Publicos
0705000995;CENTRO DE SALUD DE CANDELEDA;05-C231-0008;Castilla y León;Ávila;Candeleda;Centros de salud;Publicos
0333005246;CENTRO DE SALUD DE CANGAS DE ONIS;5922;Asturias, Principado de;Asturias;Cangas de Onís;Centros de salud;Publicos
0737002011;CENTRO DE SALUD DE CANTALAPIEDRA;37-C231-0005;Castilla y León;Salamanca;Cantalapiedra;Centros de salud;Publicos
0740000969;CENTRO DE SALUD DE CANTALEJO;40-C231-0013;Castilla y León;Segovia;Cantalejo;Centros de salud;Publicos
0747001932;CENTRO DE SALUD DE CANTERAC;47-C231-0003;Castilla y León;Valladolid;Valladolid;Centros de salud;Publicos
0816000031;CENTRO DE SALUD DE CAÑAVERAS;CU01318/00011440;Castilla - La Mancha;Cuenca;Cañaveras;Centros de salud;Publicos
0816000360;CENTRO DE SALUD DE CAÑETE;1601329/1601329;Castilla - La Mancha;Cuenca;Cañete;Centros de salud;Publicos
0749001167;CENTRO DE SALUD DE CARBAJALES;49-C231-0006;Castilla y León;Zamora;Carbajales de Alba;Centros de salud;Publicos
0816001278;CENTRO DE SALUD DE CARBONERAS DE GUADAZAON;1607434/1612568;Castilla - La Mancha;Cuenca;Carboneras de Guadazaón;Centros de salud;Publicos
0740000967;CENTRO DE SALUD DE CARBONERO EL MAYOR;40-C231-0011;Castilla y León;Segovia;Carbonero el Mayor;Centros de salud;Publicos
1046000380;CENTRO DE SALUD DE CARCAIXENT;2470;Comunitat Valenciana;Valencia/València;Carcaixent;Centros de salud;Publicos
1531001900;CENTRO DE SALUD DE CARCASTILLO;C00568;Navarra, Comunidad Foral de;Navarra;Carcastillo;Centros de salud;Publicos
1046000443;CENTRO DE SALUD DE CARCER;3916;Comunitat Valenciana;Valencia/València;Càrcer;Centros de salud;Publicos
0816000384;CENTRO DE SALUD DE CARDENETE;1601436/1601436;Castilla - La Mancha;Cuenca;Cardenete;Centros de salud;Publicos
0250001731;CENTRO DE SALUD DE CARIÑENA;5022894;Aragón;Zaragoza;Cariñena;Centros de salud;Publicos
0816000729;CENTRO DE SALUD DE CARRASCOSA DEL CAMPO;1606403/1607379;Castilla - La Mancha;Cuenca;Campos del Paraíso;Centros de salud;Publicos
0813000457;CENTRO DE SALUD DE CARRION DE CALATRAVA;1301595/1301595;Castilla - La Mancha;Ciudad Real;Carrión de Calatrava;Centros de salud;Publicos
0734000928;CENTRO DE SALUD DE CARRION DE LOS CONDES;34-C231-0007;Castilla y León;Palencia;Carrión de los Condes;Centros de salud;Publicos
1003000690;CENTRO DE SALUD DE CARRUS (ELCHE);20;Comunitat Valenciana;Alicante/Alacant;Elx/Elche;Centros de salud;Publicos
0802000447;CENTRO DE SALUD DE CASAS DE JUAN NUÑEZ;0201655/0201655;Castilla - La Mancha;Albacete;Casas de Juan Núñez;Centros de salud;Publicos
0802000518;CENTRO DE SALUD DE CASAS IBAÑEZ;0206031/0205870;Castilla - La Mancha;Albacete;Casas-Ibáñez;Centros de salud;Publicos
0816000629;CENTRO DE SALUD DE CASASIMARRO;1606255/1606316;Castilla - La Mancha;Cuenca;Casasimarro;Centros de salud;Publicos
1531001991;CENTRO DE SALUD DE CASCANTE;C00691;Navarra, Comunidad Foral de;Navarra;Cascante;Centros de salud;Publicos
1531001901;CENTRO DE SALUD DE CASCO VIEJO;C00569;Navarra, Comunidad Foral de;Navarra;Pamplona/Iruña;Centros de salud;Publicos
0250001150;CENTRO DE SALUD DE CASPE;5022011;Aragón;Zaragoza;Caspe;Centros de salud;Publicos
1003000170;CENTRO DE SALUD DE CASTALLA;4006;Comunitat Valenciana;Alicante/Alacant;Castalla;Centros de salud;Publicos
1046000455;CENTRO DE SALUD DE CASTELLO;4054;Comunitat Valenciana;Valencia/València;Castelló;Centros de salud;Publicos
1012000266;CENTRO DE SALUD DE CASTELLO DE LA PLANA EL BARRANQUET;594;Comunitat Valenciana;Castellón/Castelló;Castelló de la Plana;Centros de salud;Publicos
1012001104;CENTRO DE SALUD DE CASTELLO DE LA PLANA FERNANDO EL CATOLICO;9888;Comunitat Valenciana;Castellón/Castelló;Castelló de la Plana;Centros de salud;Publicos
1012000382;CENTRO DE SALUD DE CASTELLO DE LA PLANA ILLES COLUMBRETES;10702;Comunitat Valenciana;Castellón/Castelló;Castelló de la Plana;Centros de salud;Publicos
1012000098;CENTRO DE SALUD DE CASTELLO DE LA PLANA PALLETER;10544;Comunitat Valenciana;Castellón/Castelló;Castelló de la Plana;Centros de salud;Publicos
1012000105;CENTRO DE SALUD DE CASTELLO DE LA PLANA PINTOR SOROLLA;10551;Comunitat Valenciana;Castellón/Castelló;Castelló de la Plana;Centros de salud;Publicos
1012000273;CENTRO DE SALUD DE CASTELLO DE LA PLANA RAFALAFENA;673;Comunitat Valenciana;Castellón/Castelló;Castelló de la Plana;Centros de salud;Publicos
1012000336;CENTRO DE SALUD DE CASTELLO DE LA PLANA SAN AGUSTIN;884;Comunitat Valenciana;Castellón/Castelló;Castelló de la Plana;Centros de salud;Publicos
1012000108;CENTRO DE SALUD DE CASTELLO DE LA PLANA 9 D'OCTUBRE;10554;Comunitat Valenciana;Castellón/Castelló;Castelló de la Plana;Centros de salud;Publicos
1046001365;CENTRO DE SALUD DE CASTELLO DE RUGAT;2256;Comunitat Valenciana;Valencia/València;Castelló de Rugat;Centros de salud;Publicos
1012000110;CENTRO DE SALUD DE CASTELLON DE LA PLANA CASALDUCH;10556;Comunitat Valenciana;Castellón/Castelló;Castelló de la Plana;Centros de salud;Publicos
0141001194;CENTRO DE SALUD DE CASTILLEJA DE LA CUESTA-SERVICIO ANDALUZ DE SALUD;20902;Andalucía;Sevilla;Castilleja de la Cuesta;Centros de salud;Publicos
1110000238;ARROYO DE LA LUZ;10000517;Extremadura;Cáceres;Arroyo de la Luz;Centros de salud;Publicos
0118000851;ATARFE;20861;Andalucía;Granada;Atarfe;Centros de salud;Publicos
0121000278;AYAMONTE;20862;Andalucía;Huelva;Ayamonte;Centros de salud;Publicos
1328007071;AYUNTAMIENTO DE MADRID (SAMUR-PROTECCION CIVIL);CS7099;Madrid, Comunidad de;Madrid;Madrid;Centros de salud;Publicos
1328006552;AYUNTAMIENTO DE MADRID (SAMUR-PROTECCION CIVIL);CS6522;Madrid, Comunidad de;Madrid;Madrid;Centros de salud;Publicos
1328002013;AYUNTAMIENTO DE SAN SEBASTIAN DE LOS REYES;CS1178;Madrid, Comunidad de;Madrid;San Sebastián de los Reyes;Centros de salud;Publicos
1106000160;AZUAGA;06000201;Extremadura;Badajoz;Azuaga;Centros de salud;Publicos
1106000159;BADAJOZ CIUDAD JARDIN;06000200;Extremadura;Badajoz;Badajoz;Centros de salud;Publicos
1106000585;BADAJOZ EL PROGRESO;06005884;Extremadura;Badajoz;Badajoz;Centros de salud;Publicos
1106000177;BADAJOZ LA PAZ;06000218;Extremadura;Badajoz;Badajoz;Centros de salud;Publicos
1106000191;BADAJOZ SAN FERNANDO;06000233;Extremadura;Badajoz;Badajoz;Centros de salud;Publicos
1106000194;BADAJOZ SAN ROQUE;06000236;Extremadura;Badajoz;Badajoz;Centros de salud;Publicos
1106000582;BADAJOZ VALDEPASILLAS;06005878;Extremadura;Badajoz;Badajoz;Centros de salud;Publicos
1106000162;BADAJOZ ZONA CENTRO;06000203;Extremadura;Badajoz;Badajoz;Centros de salud;Publicos
0114000878;BAENA;20863;Andalucía;Córdoba;Baena;Centros de salud;Publicos
0123000359;BAEZA;20864;Andalucía;Jaén;Baeza;Centros de salud;Publicos
0123000360;BAILEN;20865;Andalucía;Jaén;Bailén;Centros de salud;Publicos
0123003412;BAILEN NORTE;63121;Andalucía;Jaén;Bailén;Centros de salud;Publicos
0111000524;BARBATE;21356;Andalucía;Cádiz;Barbate;Centros de salud;Publicos
1106000161;BARCARROTA;06000202;Extremadura;Badajoz;Barcarrota;Centros de salud;Publicos
0118005063;BARRIADA DE LA JUVENTUD-ROSALEDA;68327;Andalucía;Granada;Granada;Centros de salud;Publicos
0118000852;BAZA_SUAP;20868;Andalucía;Granada;Baza;Centros de salud;Publicos
0123002677;BEAS DE SEGURA VIRGEN DE LA PAZ;39429;Andalucía;Jaén;Beas de Segura;Centros de salud;Publicos
0104000598;BEHAHADUX;20866;Andalucía;Almería;Benahadux;Centros de salud;Publicos
0123000539;BELEN;22271;Andalucía;Jaén;Jaén;Centros de salud;Publicos
0111000516;BENALUP;21253;Andalucía;Cádiz;Benalup-Casas Viejas;Centros de salud;Publicos
0129001497;BENAMARGOSA;20871;Andalucía;Málaga;Benamargosa;Centros de salud;Publicos
0118000914;BENAMAUREL;21255;Andalucía;Granada;Benamaurel;Centros de salud;Publicos
0114000879;BENAMEJI. FRANCISCO NIETO LUCENA;20872;Andalucía;Córdoba;Benamejí;Centros de salud;Publicos
0129001498;BENAOJAN;20873;Andalucía;Málaga;Benaoján;Centros de salud;Publicos
0104000599;BERJA;20874;Andalucía;Almería;Berja;Centros de salud;Publicos
1110000240;BERZOCANA;10000519;Extremadura;Cáceres;Berzocana;Centros de salud;Publicos
1620000466;BIDEBIETA OSASUN ZENTROA;20 C.2.3.1. 3765;País Vasco;Gipuzkoa;Donostia/San Sebastián;Centros de salud;Publicos
1110000239;BOHONAL DE IBOR;10000518;Extremadura;Cáceres;Bohonal de Ibor;Centros de salud;Publicos
0118004900;BOLA DE ORO;55327;Andalucía;Granada;Granada;Centros de salud;Publicos
0141001237;BOLLULLOS DE LA MITACION;21271;Andalucía;Sevilla;Bollullos de la Mitación;Centros de salud;Publicos
0121000279;BOLLULLOS PAR DEL CONDADO;20875;Andalucía;Huelva;Bollullos Par del Condado;Centros de salud;Publicos
0121000284;BONARES;20913;Andalucía;Huelva;Bonares;Centros de salud;Publicos
0141004441;BORMUJOS;35425;Andalucía;Sevilla;Bormujos;Centros de salud;Publicos
0114000880;BUJALANCE;20877;Andalucía;Córdoba;Bujalance;Centros de salud;Publicos
0123003107;BULEVAR_SUAP;49190;Andalucía;Jaén;Jaén;Centros de salud;Publicos
1430001169;C. S.  CALASPARRA;21100010;Murcia, Región de;Murcia;Calasparra;Centros de salud;Publicos
1430002041;C. S. CIEZA ESTE;40000030;Murcia, Región de;Murcia;Cieza;Centros de salud;Publicos
1430007309;C S LORQUI;40004920;Murcia, Región de;Murcia;Lorquí;Centros de salud;Publicos
0535003751;C. S. VECINDARIO;7666;Canarias;Palmas, Las;Santa Lucía de Tirajana;Centros de salud;Publicos
0104003139;CABAÑUELAS;64687;Andalucía;Almería;Vícar;Centros de salud;Publicos
1106000164;CABEZA DEL BUEY NICOLAS PEREZ JIMENEZ;06000205;Extremadura;Badajoz;Cabeza del Buey;Centros de salud;Publicos
1110000244;CABEZUELA DEL VALLE;10000523;Extremadura;Cáceres;Cabezuela del Valle;Centros de salud;Publicos
0114000881;CABRA;20879;Andalucía;Córdoba;Cabra;Centros de salud;Publicos
1110000233;CACERES ALDEA MORET;10000512;Extremadura;Cáceres;Cáceres;Centros de salud;Publicos
0118000878;CENTRO DE SALUD DE DURCAL;21083;Andalucía;Granada;Dúrcal;Centros de salud;Publicos
1531000104;CENTRO DE SALUD DE ECHAVACOIZ;C01108;Navarra, Comunidad Foral de;Navarra;Pamplona/Iruña;Centros de salud;Publicos
1620000473;CENTRO DE SALUD DE EGIA;20 C.2.3.1. 8039;País Vasco;Gipuzkoa;Donostia/San Sebastián;Centros de salud;Publicos
1620000459;CENTRO DE SALUD DE EGUIA (OSAKIDETZA);20 C.2.3.1. 3736;País Vasco;Gipuzkoa;Donostia/San Sebastián;Centros de salud;Publicos
0250001453;CENTRO DE SALUD DE EJEA DE LOS CABALLEROS;5022543;Aragón;Zaragoza;Ejea de los Caballeros;Centros de salud;Publicos
0705000997;CENTRO DE SALUD DE EL BARCO DE AVILA;05-C231-0010;Castilla y León;Ávila;Barco de Ávila, El;Centros de salud;Publicos
0802000833;CENTRO DE SALUD DE EL BONILLO;0206471/0206189;Castilla - La Mancha;Albacete;Bonillo, El;Centros de salud;Publicos
0333004966;CENTRO DE SALUD DE EL COTO;5669;Asturias, Principado de;Asturias;Gijón;Centros de salud;Publicos
0333004586;CENTRO DE SALUD DE EL CRISTO;5527;Asturias, Principado de;Asturias;Oviedo;Centros de salud;Publicos
0141001259;CENTRO DE SALUD DE EL CUERVO-SERVICIO ANDALUZ DE SALUD;21429;Andalucía;Sevilla;Cuervo de Sevilla, El;Centros de salud;Publicos
0333004924;CENTRO DE SALUD DE EL ENTREGO;5619;Asturias, Principado de;Asturias;San Martín del Rey Aurelio;Centros de salud;Publicos
0740000965;CENTRO DE SALUD DE EL ESPINAR;40-C231-0009;Castilla y León;Segovia;Espinar, El;Centros de salud;Publicos
0333004964;CENTRO DE SALUD DE EL NATAHOYO;5668;Asturias, Principado de;Asturias;Gijón;Centros de salud;Publicos
0819000159;CENTRO DE SALUD DE EL POBO DE DUEÑAS;1901701/1901701;Castilla - La Mancha;Guadalajara;Pobo de Dueñas, El;Centros de salud;Publicos
0845000634;CENTRO DE SALUD DE EL PUENTE DEL ARZOBISPO;TO04125/00009012;Castilla - La Mancha;Toledo;Puente del Arzobispo, El;Centros de salud;Publicos
0141001217;CENTRO DE SALUD DE EL SAUCEJO-SERVICIO ANDALUZ DE SALUD;21062;Andalucía;Sevilla;Saucejo, El;Centros de salud;Publicos
1003002020;CENTRO DE SALUD DE EL VERGER;909;Comunitat Valenciana;Alicante/Alacant;Verger, el;Centros de salud;Publicos
1003000446;CENTRO DE SALUD DE ELCHE ALTABIX;1106;Comunitat Valenciana;Alicante/Alacant;Elx/Elche;Centros de salud;Publicos
0802001881;CENTRO DE SALUD DE ELCHE DE LA SIERRA;0208037/0214022;Castilla - La Mancha;Albacete;Elche de la Sierra;Centros de salud;Publicos
1003000305;CENTRO DE SALUD DE ELCHE EL ALTET;10150;Comunitat Valenciana;Alicante/Alacant;Elx/Elche;Centros de salud;Publicos
1003000946;CENTRO DE SALUD DE ELCHE EL PLA;4275;Comunitat Valenciana;Alicante/Alacant;Elx/Elche;Centros de salud;Publicos
1003000303;CENTRO DE SALUD DE ELCHE EL RAVAL;10148;Comunitat Valenciana;Alicante/Alacant;Elx/Elche;Centros de salud;Publicos
1003000304;CENTRO DE SALUD DE ELCHE SAN FERMIN;10149;Comunitat Valenciana;Alicante/Alacant;Elx/Elche;Centros de salud;Publicos
1003000878;CENTRO DE SALUD DE ELCHE TOSCAR;3729;Comunitat Valenciana;Alicante/Alacant;Elx/Elche;Centros de salud;Publicos
1003000430;CENTRO DE SALUD DE ELDA MARINA ESPAÑOLA;11030;Comunitat Valenciana;Alicante/Alacant;Elda;Centros de salud;Publicos
1531001905;CENTRO DE SALUD DE ELIZONDO;C00573;Navarra, Comunidad Foral de;Navarra;Baztan;Centros de salud;Publicos
1601000196;CENTRO DE SALUD DE ELVILLAR (OSAKIDETZA);01 C.2.3.1. 6307;País Vasco;Araba/Álava;Elvillar/Bilar;Centros de salud;Publicos
1046000179;CENTRO DE SALUD DE ENGUERA;10452;Comunitat Valenciana;Valencia/València;Enguera;Centros de salud;Publicos
0250001452;CENTRO DE SALUD DE EPILA;5022542;Aragón;Zaragoza;Épila;Centros de salud;Publicos
1648000852;CENTRO DE SALUD DE ERANDIO-BEHEKOA;48 C.2.3.1. 1956;País Vasco;Bizkaia;Erandio;Centros de salud;Publicos
1531001987;CENTRO DE SALUD DE ERMITAGAÑA;C00682;Navarra, Comunidad Foral de;Navarra;Pamplona/Iruña;Centros de salud;Publicos
1648000871;CENTRO DE SALUD DE ERMUA;48 C.2.3.1. 3658;País Vasco;Bizkaia;Ermua;Centros de salud;Publicos
1620000454;CENTRO DE SALUD DE ERRENTERIA BERAUN - OSAKIDETZA;20 C.2.3.1. 3655;País Vasco;Gipuzkoa;Errenteria;Centros de salud;Publicos
0845000726;CENTRO DE SALUD DE ESCALONA;4501729/4501729;Castilla - La Mancha;Toledo;Escalona;Centros de salud;Publicos
0747004051;CENTRO DE SALUD DE ESGUEVILLAS DE ESGUEVA;47-C231-0045;Castilla y León;Valladolid;Esguevillas de Esgueva;Centros de salud;Publicos
1620000472;CENTRO DE SALUD DE ESKORIATZA;20 C.2.3.1. 7488;País Vasco;Gipuzkoa;Eskoriatza;Centros de salud;Publicos
0709001778;CENTRO DE SALUD DE ESPINOSA DE LOS MONTEROS;09-C231-0005;Castilla y León;Burgos;Espinosa de los Monteros;Centros de salud;Publicos
0845000727;CENTRO DE SALUD DE ESQUIVIAS;4501730/4501730;Castilla - La Mancha;Toledo;Esquivias;Centros de salud;Publicos
1531001947;CENTRO DE SALUD DE ESTELLA;C00621;Navarra, Comunidad Foral de;Navarra;Estella-Lizarra;Centros de salud;Publicos
0141001200;CENTRO DE SALUD DE ESTEPA-SERVICIO ANDALUZ DE SALUD;20930;Andalucía;Sevilla;Estepa;Centros de salud;Publicos
1046000681;CENTRO DE SALUD DE ESTIVELLA;968;Comunitat Valenciana;Valencia/València;Estivella;Centros de salud;Publicos
1531001904;CENTRO DE SALUD DE ETXARRI-ARANATZ;C00572;Navarra, Comunidad Foral de;Navarra;Etxarri Aranatz;Centros de salud;Publicos
1648000891;CENTRO DE SALUD DE ETXEBARRI;48 C.2.3.1. 5281;País Vasco;Bizkaia;Etxebarri;Centros de salud;Publicos
0724002227;CENTRO DE SALUD DE FABERO;24-C231-0024;Castilla y León;León;Fabero;Centros de salud;Publicos
1046001706;CENTRO DE SALUD DE FAURA;347;Comunitat Valenciana;Valencia/València;Faura;Centros de salud;Publicos
0333004769;CENTRO DE SALUD DE FIGAREDO;5605;Asturias, Principado de;Asturias;Mieres;Centros de salud;Publicos
1046000519;CENTRO DE SALUD DE FOIOS;5105;Comunitat Valenciana;Valencia/València;Foios;Centros de salud;Publicos
0705000998;CENTRO DE SALUD DE FONTIVEROS;05-C231-0011;Castilla y León;Ávila;Fontiveros;Centros de salud;Publicos
1012000321;CENTRO DE SALUD DE FORCALL;8576;Comunitat Valenciana;Castellón/Castelló;Forcall;Centros de salud;Publicos
1430006995;CENTRO DE SALUD DE FORTUNA;40004367;Murcia, Región de;Murcia;Fortuna;Centros de salud;Publicos
0222000440;CENTRO DE SALUD DE FRAGA;2220606;Aragón;Huesca;Fraga;Centros de salud;Publicos
0734000927;CENTRO DE SALUD DE FROMISTA;34-C231-0006;Castilla y León;Palencia;Frómista;Centros de salud;Publicos
0813000467;CENTRO DE SALUD DE FUENCALIENTE;1301611/1301611;Castilla - La Mancha;Ciudad Real;Fuencaliente;Centros de salud;Publicos
0845000107;CENTRO DE SALUD DE FUENSALIDA;TO01731/00004553;Castilla - La Mancha;Toledo;Fuensalida;Centros de salud;Publicos
1106002847;CENTRO DE SALUD DE FUENTE DE CANTOS;06105989;Extremadura;Badajoz;Fuente de Cantos;Centros de salud;Publicos
0737002014;CENTRO DE SALUD DE FUENTEGUINALDO;37-C231-0008;Castilla y León;Salamanca;Fuenteguinaldo;Centros de salud;Publicos
0737002015;CENTRO DE SALUD DE FUENTES DE OÑORO;37-C231-0009;Castilla y León;Salamanca;Fuentes de Oñoro;Centros de salud;Publicos
0740000964;CENTRO DE SALUD DE FUENTESAUCO;40-C231-0008;Castilla y León;Segovia;Fuentesaúco de Fuentidueña;Centros de salud;Publicos
1648002644;CENTRO DE SALUD DE GALDAKAO;48 C.2.3.1. 4499;País Vasco;Bizkaia;Galdakao;Centros de salud;Publicos
1648000893;CENTRO DE SALUD DE GALLARTA;48 C.2.3.1. 5526;País Vasco;Bizkaia;Abanto y Ciérvana-Abanto Zierbena;Centros de salud;Publicos
0819000160;CENTRO DE SALUD DE GALVE DE SORBE;1901702/1901702;Castilla - La Mancha;Guadalajara;Galve de Sorbe;Centros de salud;Publicos
1046000485;CENTRO DE SALUD DE GANDIA BENIOPA;4517;Comunitat Valenciana;Valencia/València;Gandia;Centros de salud;Publicos
1046000469;CENTRO DE SALUD DE GANDIA COREA;4297;Comunitat Valenciana;Valencia/València;Gandia;Centros de salud;Publicos
1046000492;CENTRO DE SALUD DE GANDIA GRAU;4626;Comunitat Valenciana;Valencia/València;Gandia;Centros de salud;Publicos
1003001748;CENTRO DE SALUD DE GATA DE GORGOS;759;Comunitat Valenciana;Alicante/Alacant;Gata de Gorgos;Centros de salud;Publicos
1648002643;CENTRO DE SALUD DE GERNIKA;48 C.2.3.1. 4380;País Vasco;Bizkaia;Gernika-Lumo;Centros de salud;Publicos
1620002254;CENTRO DE SALUD DE GETARIA;20 C.2.3.1. 10016;País Vasco;Gipuzkoa;Getaria;Centros de salud;Publicos
1046000404;CENTRO DE SALUD DE GODELLA;2996;Comunitat Valenciana;Valencia/València;Godella;Centros de salud;Publicos
0742000759;CENTRO DE SALUD DE GOMARA;42-C231-0009;Castilla y León;Soria;Gómara;Centros de salud;Publicos
1648000846;CENTRO DE SALUD DE GORLIZ;48 C.2.3.1. 1943;País Vasco;Bizkaia;Gorliz;Centros de salud;Publicos
0333005050;CENTRO DE SALUD DE GRADO;5743;Asturias, Principado de;Asturias;Grado;Centros de salud;Publicos
0222000032;CENTRO DE SALUD DE GRAÑEN;2220090;Aragón;Huesca;Grañén;Centros de salud;Publicos
0705000989;CENTRO DE SALUD DE GREDOS;05-C231-0002;Castilla y León;Ávila;Navarredonda de Gredos;Centros de salud;Publicos
0819000166;CENTRO DE SALUD DE GUADALAJARA-PERIFERICA;1901708/1901708;Castilla - La Mancha;Guadalajara;Guadalajara;Centros de salud;Publicos
0819000167;CENTRO DE SALUD DE GUADALAJARA-1-SUR;1901709/1901709;Castilla - La Mancha;Guadalajara;Guadalajara;Centros de salud;Publicos
0819000168;CENTRO DE SALUD DE GUADALAJARA-2;1901710/1901710;Castilla - La Mancha;Guadalajara;Guadalajara;Centros de salud;Publicos
0819000169;CENTRO DE SALUD DE GUADALAJARA-4;1901711/1901711;Castilla - La Mancha;Guadalajara;Guadalajara;Centros de salud;Publicos
1046001564;CENTRO DE SALUD DE GUADASSUAR;2919;Comunitat Valenciana;Valencia/València;Guadassuar;Centros de salud;Publicos
0734000942;CENTRO DE SALUD DE GUARDO;34-C231-0021;Castilla y León;Palencia;Guardo;Centros de salud;Publicos
0737002007;CENTRO DE SALUD DE GUIJUELO;37-C231-0001;Castilla y León;Salamanca;Guijuelo;Centros de salud;Publicos
1726000388;CENTRO DE SALUD DE HARO;0947120231001;Rioja, La;Rioja, La;Haro;Centros de salud;Publicos
0222000333;CENTRO DE SALUD DE HECHO;2220523;Aragón;Huesca;Valle de Hecho;Centros de salud;Publicos
0813000063;CENTRO DE SALUD DE HERENCIA;CR01589/00008932;Castilla - La Mancha;Ciudad Real;Herencia;Centros de salud;Publicos
0734000930;CENTRO DE SALUD DE HERRERA DE PISUERGA;34-C231-0009;Castilla y León;Palencia;Herrera de Pisuerga;Centros de salud;Publicos
0819000161;CENTRO DE SALUD DE HIENDELAENCIANA;1901703/1901703;Castilla - La Mancha;Guadalajara;Hiendelaencina;Centros de salud;Publicos
1620000463;CENTRO DE SALUD DE HONDARRIBIA;20 C.2.3.1. 3762;País Vasco;Gipuzkoa;Hondarribia;Centros de salud;Publicos
0816000371;CENTRO DE SALUD DE HONRUBIA;1601389/1601389;Castilla - La Mancha;Cuenca;Honrubia;Centros de salud;Publicos
0816000399;CENTRO DE SALUD DE HORCAJO DE SANTIAGO;1601548/1601548;Castilla - La Mancha;Cuenca;Horcajo de Santiago;Centros de salud;Publicos
0819000170;CENTRO DE SALUD DE HORCHE;1901712/1901712;Castilla - La Mancha;Guadalajara;Horche;Centros de salud;Publicos
1531001906;CENTRO DE SALUD DE HUARTE-PAMPLONA;C00574;Navarra, Comunidad Foral de;Navarra;Huarte/Uharte;Centros de salud;Publicos
0709001810;CENTRO DE SALUD DE HUERTA DE REY;09-C231-0037;Castilla y León;Burgos;Huerta de Rey;Centros de salud;Publicos
0816000372;CENTRO DE SALUD DE HUETE;1601393/1601393;Castilla - La Mancha;Cuenca;Huete;Centros de salud;Publicos
1620000439;CENTRO DE SALUD DE IBARRA;20 C.2.3.1. 3460;País Vasco;Gipuzkoa;Ibarra;Centros de salud;Publicos
1003000694;CENTRO DE SALUD DE IBI SAGRARIO MORENO;21;Comunitat Valenciana;Alicante/Alacant;Ibi;Centros de salud;Publicos
1648004832;CENTRO DE SALUD DE IGORRE;48 C.2.3.1. 2030;País Vasco;Bizkaia;Igorre;Centros de salud;Publicos
0845000728;CENTRO DE SALUD DE ILLESCAS;4501732/4501732;Castilla - La Mancha;Toledo;Illescas;Centros de salud;Publicos
0250004844;CENTRO DE SALUD DE ILLUECA;5023406;Aragón;Zaragoza;Illueca;Centros de salud;Publicos
1648000870;CENTRO DE SALUD DE INDAUTXU;48 C.2.3.1. 3244;País Vasco;Bizkaia;Bilbao;Centros de salud;Publicos
0333004557;CENTRO DE SALUD DE INFIESTO;5502;Asturias, Principado de;Asturias;Piloña;Centros de salud;Publicos
0816000416;CENTRO DE SALUD DE INIESTA;1604411/1604278;Castilla - La Mancha;Cuenca;Iniesta;Centros de salud;Publicos
1531001907;CENTRO DE SALUD DE IRURZUN;C00575;Navarra, Comunidad Foral de;Navarra;Irurtzun;Centros de salud;Publicos
1531001908;CENTRO DE SALUD DE ISABA;C00576;Navarra, Comunidad Foral de;Navarra;Isaba/Izaba;Centros de salud;Publicos
0747001960;CENTRO DE SALUD DE ISCAR;47-C231-0031;Castilla y León;Valladolid;Íscar;Centros de salud;Publicos
0121000288;CENTRO DE SALUD DE ISLA CRISTINA - ZONA BASICA DE SALUD;20945;Andalucía;Huelva;Isla Cristina;Centros de salud;Publicos
1531001909;CENTRO DE SALUD DE ITURRAMA;C00577;Navarra, Comunidad Foral de;Navarra;Pamplona/Iruña;Centros de salud;Publicos
0222000147;CENTRO DE SALUD DE JACA;2220202;Aragón;Huesca;Jaca;Centros de salud;Publicos
0819000171;CENTRO DE SALUD DE JADRAQUE;1901713/1901713;Castilla - La Mancha;Guadalajara;Jadraque;Centros de salud;Publicos
1003000816;CENTRO DE SALUD DE JAVEA;3347;Comunitat Valenciana;Alicante/Alacant;Xàbia/Jávea;Centros de salud;Publicos
0111000488;CENTRO DE SALUD DE JIMENA - SERVICIO ANDALUZ DE SALUD;20956;Andalucía;Cádiz;Jimena de la Frontera;Centros de salud;Publicos
1648003949;CENTRO DE SALUD DE KABIEZES;48 C.2.3.1. 11176;País Vasco;Bizkaia;Santurtzi;Centros de salud;Publicos
1601001109;CENTRO DE SALUD DE KANPEZU (OSAKIDETZA);01 C.2.3.1. 11703;País Vasco;Araba/Álava;Campezo/Kanpezu;Centros de salud;Publicos
1648000854;CENTRO DE SALUD DE KAREAGA;48 C.2.3.1. 2022;País Vasco;Bizkaia;Basauri;Centros de salud;Publicos
1648000864;CENTRO DE SALUD DE KUETO;48 C.2.3.1. 2151;País Vasco;Bizkaia;Sestao;Centros de salud;Publicos
0737002008;CENTRO DE SALUD DE LA ALBERCA;37-C231-0002;Castilla y León;Salamanca;Alberca, La;Centros de salud;Publicos
0141001189;CENTRO DE SALUD DE LA ALGABA-SERVICIO ANDALUZ DE SALUD;20836;Andalucía;Sevilla;Algaba, La;Centros de salud;Publicos
0250001734;CENTRO DE SALUD DE LA ALMUNIA DE DOÑA GODINA;5022898;Aragón;Zaragoza;Almunia de Doña Godina, La;Centros de salud;Publicos
0724002213;CENTRO DE SALUD DE LA CABRERA;24-C231-0010;Castilla y León;León;Truchas;Centros de salud;Publicos
0333004771;CENTRO DE SALUD DE LA FELGUERA;5604;Asturias, Principado de;Asturias;Langreo;Centros de salud;Publicos
0737002016;CENTRO DE SALUD DE LA FUENTE DE SAN ESTEBAN - ISABEL ESTHER MUÑOZ MARTIN;37-C231-0010;Castilla y León;Salamanca;Fuente de San Esteban, La;Centros de salud;Publicos
0111000483;CENTRO DE SALUD DE LA GRANJA-DR. MANUEL BLANCO;20951;Andalucía;Cádiz;Jerez de la Frontera;Centros de salud;Publicos
0845000732;CENTRO DE SALUD DE LA NAVA DE RICOMALILLO;4501736/4501736;Castilla - La Mancha;Toledo;Nava de Ricomalillo, La;Centros de salud;Publicos
1003000847;CENTRO DE SALUD DE LA NUCIA;3544;Comunitat Valenciana;Alicante/Alacant;Nucia, la;Centros de salud;Publicos
1648000875;CENTRO DE SALUD DE LA PEÑA-ABUSU;48 C.2.3.1. 3727;País Vasco;Bizkaia;Bilbao;Centros de salud;Publicos
1046000430;CENTRO DE SALUD DE LA POBLA DE VALLBONA;3630;Comunitat Valenciana;Valencia/València;Pobla de Vallbona, la;Centros de salud;Publicos
1046000162;CENTRO DE SALUD DE LA POBLA LLARGA;10435;Comunitat Valenciana;Valencia/València;Pobla Llarga, la;Centros de salud;Publicos
0845001437;CENTRO DE SALUD DE LA PUEBLA DE MONTALBAN;4506784/4508558;Castilla - La Mancha;Toledo;Puebla de Montalbán, La;Centros de salud;Publicos
0734000941;CENTRO DE SALUD DE LA PUEBLA Y SERVICIO DE URGENCIAS DE ATENCION PRIMARIA;34-C231-0020;Castilla y León;Palencia;Palencia;Centros de salud;Publicos
0802000449;CENTRO DE SALUD DE LA RODA;0201659/0201659;Castilla - La Mancha;Albacete;Roda, La;Centros de salud;Publicos
0740000962;CENTRO DE SALUD DE LA SIERRA NAVAFRIA;40-C231-0006;Castilla y León;Segovia;Navafría;Centros de salud;Publicos
0813001428;CENTRO DE SALUD DE LA SOLANA;1307394/1309936;Castilla - La Mancha;Ciudad Real;Solana, La;Centros de salud;Publicos
1012000452;CENTRO DE SALUD DE LA VALL D'UIXO II;1131;Comunitat Valenciana;Castellón/Castelló;Vall d'Uixó, la;Centros de salud;Publicos
0816000405;CENTRO DE SALUD DE LA VENTOSA;1601566/1601566;Castilla - La Mancha;Cuenca;Villas de la Ventosa;Centros de salud;Publicos
1601000183;CENTRO DE SALUD DE LAGUARDIA (OSAKIDETZA);01 C.2.3.1. 1187;País Vasco;Araba/Álava;Laguardia;Centros de salud;Publicos
0747001952;CENTRO DE SALUD DE LAGUNA DE DUERO;47-C231-0023;Castilla y León;Valladolid;Laguna de Duero;Centros de salud;Publicos
1601000542;CENTRO DE SALUD DE LAKUA-ARRIAGA;01 C.2.3.1. 8516;País Vasco;Araba/Álava;Vitoria-Gasteiz;Centros de salud;Publicos
1046000398;CENTRO DE SALUD DE L'ALCUDIA;2918;Comunitat Valenciana;Valencia/València;Alcúdia, l';Centros de salud;Publicos
1046000416;CENTRO DE SALUD DE L'ALCUDIA DE CRESPINS;3296;Comunitat Valenciana;Valencia/València;Alcúdia de Crespins, l';Centros de salud;Publicos
1003002227;CENTRO DE SALUD DE L'ALFAS DEL  PI;9919;Comunitat Valenciana;Alicante/Alacant;Alfàs del Pi, l';Centros de salud;Publicos
0816000785;CENTRO DE SALUD DE LANDETE;1606675/1608036;Castilla - La Mancha;Cuenca;Landete;Centros de salud;Publicos
0705000999;CENTRO DE SALUD DE LANZAHITA;05-C231-0012;Castilla y León;Ávila;Lanzahíta;Centros de salud;Publicos
1531001895;CENTRO DE SALUD DE LARRAGA;C00563;Navarra, Comunidad Foral de;Navarra;Larraga;Centros de salud;Publicos
1531001923;CENTRO DE SALUD DE LARRAINTZAR;C00591;Navarra, Comunidad Foral de;Navarra;Ultzama;Centros de salud;Publicos
0141001192;CENTRO DE SALUD DE LAS CABEZAS DE SAN JUAN-SERVICIO ANDALUZ DE SALUD;20878;Andalucía;Sevilla;Cabezas de San Juan, Las;Centros de salud;Publicos
0705000988;CENTRO DE SALUD DE LAS NAVAS DEL MARQUES;05-C231-0001;Castilla y León;Ávila;Navas del Marqués, Las;Centros de salud;Publicos
0816000286;CENTRO DE SALUD DE LAS PEDROÑERAS;CU04410/00008755;Castilla - La Mancha;Cuenca;Pedroñeras, Las;Centros de salud;Publicos
1620000471;CENTRO DE SALUD DE LASARTE;20 C.2.3.1. 7459;País Vasco;Gipuzkoa;Lasarte-Oria;Centros de salud;Publicos
0333004967;CENTRO DE SALUD DE LAVIADA;5670;Asturias, Principado de;Asturias;Gijón;Centros de salud;Publicos
0737002017;CENTRO DE SALUD DE LEDESMA;37-C231-0011;Castilla y León;Salamanca;Ledesma;Centros de salud;Publicos
1620000444;CENTRO DE SALUD DE LEGAZPI;20 C.2.3.1. 3554;País Vasco;Gipuzkoa;Legazpi;Centros de salud;Publicos
1601000198;CENTRO DE SALUD DE LEGUTIANO (OSAKIDETZA);01 C.2.3.1. 6309;País Vasco;Araba/Álava;Legutio;Centros de salud;Publicos
1648000844;CENTRO DE SALUD DE LEIOA;48 C.2.3.1. 1941;País Vasco;Bizkaia;Leioa;Centros de salud;Publicos
1531001910;CENTRO DE SALUD DE LEITZA;C00578;Navarra, Comunidad Foral de;Navarra;Leitza;Centros de salud;Publicos
1648000858;CENTRO DE SALUD DE LEKEITIO;48 C.2.3.1. 2049;País Vasco;Bizkaia;Lekeitio;Centros de salud;Publicos
1046002847;CENTRO DE SALUD DE L'ELIANA;797;Comunitat Valenciana;Valencia/València;Eliana, l';Centros de salud;Publicos
0709002884;CENTRO DE SALUD DE LERMA;09-C231-0045;Castilla y León;Burgos;Lerma;Centros de salud;Publicos
1012000264;CENTRO DE SALUD DE LES COVES DE VINROMA;592;Comunitat Valenciana;Castellón/Castelló;Coves de Vinromà, les;Centros de salud;Publicos
1531001911;CENTRO DE SALUD DE LESAKA;C00579;Navarra, Comunidad Foral de;Navarra;Lesaka;Centros de salud;Publicos
1531003507;CENTRO DE SALUD DE LEZKAIRU;C03174;Navarra, Comunidad Foral de;Navarra;Pamplona/Iruña;Centros de salud;Publicos
0737002018;CENTRO DE SALUD DE LINARES DE RIOFRIO - LUIS FERNANDO MATEOS ARROYO;37-C231-0012;Castilla y León;Salamanca;Linares de Riofrío;Centros de salud;Publicos
0333004588;CENTRO DE SALUD DE LLANES;5525;Asturias, Principado de;Asturias;Llanes;Centros de salud;Publicos
1046000292;CENTRO DE SALUD DE LLIRIA;1138;Comunitat Valenciana;Valencia/València;Llíria;Centros de salud;Publicos
1046000456;CENTRO DE SALUD DE LLOSA DE RANES;4061;Comunitat Valenciana;Valencia/València;Llosa de Ranes, la;Centros de salud;Publicos
1046000396;CENTRO DE SALUD DE LLUTXENT;2905;Comunitat Valenciana;Valencia/València;Llutxent;Centros de salud;Publicos
1531001948;CENTRO DE SALUD DE LODOSA;C00622;Navarra, Comunidad Foral de;Navarra;Lodosa;Centros de salud;Publicos
1620000465;CENTRO DE SALUD DE LOIOLA - OSAKIDETZA;20 C.2.3.1. 3764;País Vasco;Gipuzkoa;Donostia/San Sebastián;Centros de salud;Publicos
1046000657;CENTRO DE SALUD DE L'OLLERIA;921;Comunitat Valenciana;Valencia/València;Olleria, l';Centros de salud;Publicos
1531001950;CENTRO DE SALUD DE LOS ARCOS;C00624;Navarra, Comunidad Foral de;Navarra;Arcos, Los;Centros de salud;Publicos
0845000733;CENTRO DE SALUD DE LOS NAVALMORALES;4501737/4501737;Castilla - La Mancha;Toledo;Navalmorales, Los;Centros de salud;Publicos
0845000618;CENTRO DE SALUD DE LOS YEBENES;TO04093/00010776;Castilla - La Mancha;Toledo;Yébenes, Los;Centros de salud;Publicos
0333004489;CENTRO DE SALUD DE LUANCO;5437;Asturias, Principado de;Asturias;Gozón;Centros de salud;Publicos
0333005013;CENTRO DE SALUD DE LUARCA;5708;Asturias, Principado de;Asturias;Valdés;Centros de salud;Publicos
0333004941;CENTRO DE SALUD DE LUGONES;5637;Asturias, Principado de;Asturias;Siero;Centros de salud;Publicos
0737002019;CENTRO DE SALUD DE LUMBRALES;37-C231-0013;Castilla y León;Salamanca;Lumbrales;Centros de salud;Publicos
0250001735;CENTRO DE SALUD DE LUNA;5022903;Aragón;Zaragoza;Luna;Centros de salud;Publicos
1648000865;CENTRO DE SALUD DE LUTXANA;48 C.2.3.1. 2169;País Vasco;Bizkaia;Barakaldo;Centros de salud;Publicos
0845000729;CENTRO DE SALUD DE MADRIDEJOS;4501733/4501733;Castilla - La Mancha;Toledo;Madridejos;Centros de salud;Publicos
0705001008;CENTRO DE SALUD DE MADRIGAL DE LAS ALTAS TORRES;05-C231-0021;Castilla y León;Ávila;Madrigal de las Altas Torres;Centros de salud;Publicos
0802000448;CENTRO DE SALUD DE MADRIGUERAS;0201658/0201658;Castilla - La Mancha;Albacete;Madrigueras;Centros de salud;Publicos
0141001222;CENTRO DE SALUD DE MAIRENA DEL ALCOR-SERVICIO ANDALUZ DE SALUD;21101;Andalucía;Sevilla;Mairena del Alcor;Centros de salud;Publicos
0141004882;CENTRO DE SALUD DE MAIRENA DEL ALJARAFE II-SERVICIO ANDALUZ DE SALUD;38859;Andalucía;Sevilla;Mairena del Aljarafe;Centros de salud;Publicos
0813001249;CENTRO DE SALUD DE MALAGON;1306909/1308482;Castilla - La Mancha;Ciudad Real;Malagón;Centros de salud;Publicos
1648000894;CENTRO DE SALUD DE MAMARIGA;48 C.2.3.1. 5530;País Vasco;Bizkaia;Santurtzi;Centros de salud;Publicos
1046000303;CENTRO DE SALUD DE MANISES;1211;Comunitat Valenciana;Valencia/València;Manises;Centros de salud;Publicos
0724002214;CENTRO DE SALUD DE MANSILLA DE LAS MULAS;24-C231-0011;Castilla y León;León;Mansilla de las Mulas;Centros de salud;Publicos
0813001028;CENTRO DE SALUD DE MANZANARES 1 PUNTO DE ATENCION CONTINUADA;1306403/1306692;Castilla - La Mancha;Ciudad Real;Manzanares;Centros de salud;Publicos
0813000473;CENTRO DE SALUD DE MANZANARES-2;1301617/1301617;Castilla - La Mancha;Ciudad Real;Manzanares;Centros de salud;Publicos
0819000162;CENTRO DE SALUD DE MARANCHON;1901704/1901704;Castilla - La Mancha;Guadalajara;Maranchón;Centros de salud;Publicos
0250001732;CENTRO DE SALUD DE MARIA DE HUERVA;5022896;Aragón;Zaragoza;María de Huerva;Centros de salud;Publicos
1648000860;CENTRO DE SALUD DE MARKINA -XEMEIN;48 C.2.3.1. 2055;País Vasco;Bizkaia;Markina-Xemein;Centros de salud;Publicos
1046000291;CENTRO DE SALUD DE MASSAMAGRELL;1135;Comunitat Valenciana;Valencia/València;Massamagrell;Centros de salud;Publicos
1046000402;CENTRO DE SALUD DE MASSANASSA;2966;Comunitat Valenciana;Valencia/València;Massanassa;Centros de salud;Publicos
0724002215;CENTRO DE SALUD DE MATALLANA DE TORIO;24-C231-0012;Castilla y León;León;Matallana de Torío;Centros de salud;Publicos
1648000857;CENTRO DE SALUD DE MATIENA;48 C.2.3.1. 2039;País Vasco;Bizkaia;Abadiño;Centros de salud;Publicos
0737002020;CENTRO DE SALUD DE MATILLA DE LOS CAÑOS;37-C231-0014;Castilla y León;Salamanca;Matilla de los Caños del Río;Centros de salud;Publicos
0747001953;CENTRO DE SALUD DE MAYORGA DE CAMPOS;47-C231-0024;Castilla y León;Valladolid;Mayorga;Centros de salud;Publicos
1430005033;CENTRO DE SALUD DE MAZARRON;40002025;Murcia, Región de;Murcia;Mazarrón;Centros de salud;Publicos
0111000490;CENTRO DE SALUD DE MEDINA - SERVICIO ANDALUZ DE SALUD;20979;Andalucía;Cádiz;Medina Sidonia;Centros de salud;Publicos
0709001783;CENTRO DE SALUD DE MEDINA DE POMAR;09-C231-0010;Castilla y León;Burgos;Medina de Pomar;Centros de salud;Publicos
0747001967;CENTRO DE SALUD DE MEDINA DE RIOSECO;47-C231-0038;Castilla y León;Valladolid;Medina de Rioseco;Centros de salud;Publicos
0747001961;CENTRO DE SALUD DE MEDINA DEL CAMPO RURAL;47-C231-0032;Castilla y León;Valladolid;Medina del Campo;Centros de salud;Publicos
0747001962;CENTRO DE SALUD DE MEDINA DEL CAMPO URBANO;47-C231-0033;Castilla y León;Valladolid;Medina del Campo;Centros de salud;Publicos
0709001794;CENTRO DE SALUD DE MELGAR DE FERNAMENTAL;09-C231-0021;Castilla y León;Burgos;Melgar de Fernamental;Centros de salud;Publicos
1046000296;CENTRO DE SALUD DE MELIANA;1156;Comunitat Valenciana;Valencia/València;Meliana;Centros de salud;Publicos
0845000730;CENTRO DE SALUD DE MENASALBAS;4501734/4501734;Castilla - La Mancha;Toledo;Menasalbas;Centros de salud;Publicos
1531001933;CENTRO DE SALUD DE MENDILLORRI;C00603;Navarra, Comunidad Foral de;Navarra;Pamplona/Iruña;Centros de salud;Publicos
0813001188;CENTRO DE SALUD DE MIGUELTURRA;1306841/1307981;Castilla - La Mancha;Ciudad Real;Miguelturra;Centros de salud;Publicos
1531001931;CENTRO DE SALUD DE MILAGROSA;C00601;Navarra, Comunidad Foral de;Navarra;Pamplona/Iruña;Centros de salud;Publicos
0816000266;CENTRO DE SALUD DE MINGLANILLA;CU04297/00006509;Castilla - La Mancha;Cuenca;Minglanilla;Centros de salud;Publicos
0816000829;CENTRO DE SALUD DE MIRA;1606741/1608486;Castilla - La Mancha;Cuenca;Mira;Centros de salud;Publicos
0250001183;CENTRO DE SALUD DE MIRALBUENO;5022111;Aragón;Zaragoza;Zaragoza;Centros de salud;Publicos
0737002021;CENTRO DE SALUD DE MIRANDA DEL CASTAÑAR;37-C231-0015;Castilla y León;Salamanca;Miranda del Castañar;Centros de salud;Publicos
1046000340;CENTRO DE SALUD DE MISLATA;1945;Comunitat Valenciana;Valencia/València;Mislata;Centros de salud;Publicos
1046000433;CENTRO DE SALUD DE MOIXENT;3697;Comunitat Valenciana;Valencia/València;Moixent/Mogente;Centros de salud;Publicos
0705001000;CENTRO DE SALUD DE MOMBELTRAN;05-C231-0013;Castilla y León;Ávila;Mombeltrán;Centros de salud;Publicos
0819000173;CENTRO DE SALUD DE MONDEJAR;1901715/1901715;Castilla - La Mancha;Guadalajara;Mondéjar;Centros de salud;Publicos
1003001078;CENTRO DE SALUD DE MONFORTE DEL CID;4987;Comunitat Valenciana;Alicante/Alacant;Monforte del Cid;Centros de salud;Publicos
0816000382;CENTRO DE SALUD DE MONTALBO;1601430/1607382;Castilla - La Mancha;Cuenca;Montalbo;Centros de salud;Publicos
1012000276;CENTRO DE SALUD DE MONTANEJOS;678;Comunitat Valenciana;Castellón/Castelló;Montanejos;Centros de salud;Publicos
0141001213;CENTRO DE SALUD DE MONTEQUINTO (DOS HERMANAS)-SERVICIO ANDALUZ DE SALUD;21021;Andalucía;Sevilla;Dos Hermanas;Centros de salud;Publicos
1046000726;CENTRO DE SALUD DE MONTSERRAT;10736;Comunitat Valenciana;Valencia/València;Montserrat;Centros de salud;Publicos
0222000146;CENTRO DE SALUD DE MONZON;2220201;Aragón;Huesca;Monzón;Centros de salud;Publicos
0845000731;CENTRO DE SALUD DE MORA;4501735/4501735;Castilla - La Mancha;Toledo;Mora;Centros de salud;Publicos
0244000214;CENTRO DE SALUD DE MORA DE RUBIELOS;4420375;Aragón;Teruel;Mora de Rubielos;Centros de salud;Publicos
0813001434;CENTRO DE SALUD DE MORAL DE CALATRAVA;1307400/1309956;Castilla - La Mancha;Ciudad Real;Moral de Calatrava;Centros de salud;Publicos
1012000270;CENTRO DE SALUD DE MORELLA;640;Comunitat Valenciana;Castellón/Castelló;Morella;Centros de salud;Publicos
0816000353;CENTRO DE SALUD DE MOTA DEL CUERVO;1601287/1601287;Castilla - La Mancha;Cuenca;Mota del Cuervo;Centros de salud;Publicos
0747001955;CENTRO DE SALUD DE MOTA DEL MARQUES;47-C231-0026;Castilla y León;Valladolid;Mota del Marqués;Centros de salud;Publicos
0802000446;CENTRO DE SALUD DE MUNERA;0201654/0201654;Castilla - La Mancha;Albacete;Munera;Centros de salud;Publicos
1648003488;CENTRO DE SALUD DE MUNGIA;48 C.2.3.1. 9959;País Vasco;Bizkaia;Mungia;Centros de salud;Publicos
0705001001;CENTRO DE SALUD DE MUÑANA;05-C231-0014;Castilla y León;Ávila;Muñana;Centros de salud;Publicos
0705001002;CENTRO DE SALUD DE MUÑICO;05-C231-0015;Castilla y León;Ávila;Muñico;Centros de salud;Publicos
1003002190;CENTRO DE SALUD DE MURO DE ALCOY;974;Comunitat Valenciana;Alicante/Alacant;Muro de Alcoy;Centros de salud;Publicos
1046000302;CENTRO DE SALUD DE MUSEROS;1203;Comunitat Valenciana;Valencia/València;Museros;Centros de salud;Publicos
1648000892;CENTRO DE SALUD DE MUSKIZ;48 C.2.3.1. 5525;País Vasco;Bizkaia;Muskiz;Centros de salud;Publicos
1620000470;CENTRO DE SALUD DE MUTRIKU;20 C.2.3.1. 7422;País Vasco;Gipuzkoa;Mutriku;Centros de salud;Publicos
1003001275;CENTRO DE SALUD DE MUTXAMEL;565;Comunitat Valenciana;Alicante/Alacant;Mutxamel;Centros de salud;Publicos
0333005064;CENTRO DE SALUD DE NAVA;5756;Asturias, Principado de;Asturias;Nava;Centros de salud;Publicos
0740000963;CENTRO DE SALUD DE NAVA DE LA ASUNCION;40-C231-0007;Castilla y León;Segovia;Nava de la Asunción;Centros de salud;Publicos
0845000754;CENTRO DE SALUD DE NAVAHERMOSA;4501765/4501765;Castilla - La Mancha;Toledo;Navahermosa;Centros de salud;Publicos
0845000734;CENTRO DE SALUD DE NAVAMORCUENDE;4501738/4501738;Castilla - La Mancha;Toledo;Navamorcuende;Centros de salud;Publicos
1046000032;CENTRO DE SALUD DE NAVARRES;10129;Comunitat Valenciana;Valencia/València;Navarrés;Centros de salud;Publicos
1726000521;CENTRO DE SALUD DE NAVARRETE;1578090231001;Rioja, La;Rioja, La;Navarrete;Centros de salud;Publicos
0333005085;CENTRO DE SALUD DE NAVIA;5778;Asturias, Principado de;Asturias;Navia;Centros de salud;Publicos
0802001971;CENTRO DE SALUD DE NERPIO;0208088/0214100;Castilla - La Mancha;Albacete;Nerpio;Centros de salud;Publicos
1531001912;CENTRO DE SALUD DE NOAIN;C00580;Navarra, Comunidad Foral de;Navarra;Valle de Elorz/Elortzibar;Centros de salud;Publicos
0845000735;CENTRO DE SALUD DE NOBLEJAS;4501739/4501739;Castilla - La Mancha;Toledo;Noblejas;Centros de salud;Publicos
0333004945;CENTRO DE SALUD DE NOREÑA;5638;Asturias, Principado de;Asturias;Noreña;Centros de salud;Publicos
1003000103;CENTRO DE SALUD DE NOVELDA;10567;Comunitat Valenciana;Alicante/Alacant;Novelda;Centros de salud;Publicos
1012000365;CENTRO DE SALUD DE NULES;992;Comunitat Valenciana;Castellón/Castelló;Nules;Centros de salud;Publicos
1620000451;CENTRO DE SALUD DE OÃ?ATI;20 C.2.3.1. 3642;País Vasco;Gipuzkoa;Oñati;Centros de salud;Publicos
0845000736;CENTRO DE SALUD DE OCAÑA;4501740/4501740;Castilla - La Mancha;Toledo;Ocaña;Centros de salud;Publicos
1601000193;CENTRO DE SALUD DE OION (OSAKIDETZA);01 C.2.3.1. 4425;País Vasco;Araba/Álava;Oyón-Oion;Centros de salud;Publicos
1531001913;CENTRO DE SALUD DE OLITE;C00581;Navarra, Comunidad Foral de;Navarra;Olite/Erriberri;Centros de salud;Publicos
1046000364;CENTRO DE SALUD DE OLIVA;2251;Comunitat Valenciana;Valencia/València;Oliva;Centros de salud;Publicos
1046000722;CENTRO DE SALUD DE OLIVA SANT FRANCESC;10730;Comunitat Valenciana;Valencia/València;Oliva;Centros de salud;Publicos
0747001963;CENTRO DE SALUD DE OLMEDO;47-C231-0034;Castilla y León;Valladolid;Olmedo;Centros de salud;Publicos
0104002840;CENTRO DE SALUD DE OLULA DEL RIO;54313;Andalucía;Almería;Olula del Río;Centros de salud;Publicos
0742000760;CENTRO DE SALUD DE OLVEGA;42-C231-0010;Castilla y León;Soria;Ólvega;Centros de salud;Publicos
1003000780;CENTRO DE SALUD DE ONDARA;2924;Comunitat Valenciana;Alicante/Alacant;Ondara;Centros de salud;Publicos
1648000859;CENTRO DE SALUD DE ONDARROA;48 C.2.3.1. 2053;País Vasco;Bizkaia;Ondarroa;Centros de salud;Publicos
1003000912;CENTRO DE SALUD DE ONIL;4014;Comunitat Valenciana;Alicante/Alacant;Onil;Centros de salud;Publicos
1046000403;CENTRO DE SALUD DE ONTINYENT II;2978;Comunitat Valenciana;Valencia/València;Ontinyent;Centros de salud;Publicos
1046000658;CENTRO DE SALUD DE ONTINYENT SAN RAFAEL;922;Comunitat Valenciana;Valencia/València;Ontinyent;Centros de salud;Publicos
0802000454;CENTRO DE SALUD DE ONTUR;0201667/0201667;Castilla - La Mancha;Albacete;Ontur;Centros de salud;Publicos
1003000716;CENTRO DE SALUD DE ORBA;24;Comunitat Valenciana;Alicante/Alacant;Orba;Centros de salud;Publicos
1003000276;CENTRO DE SALUD DE ORIHUELA COSTA;10060;Comunitat Valenciana;Alicante/Alacant;Orihuela;Centros de salud;Publicos
1003000289;CENTRO DE SALUD DE ORIHUELA I;10077;Comunitat Valenciana;Alicante/Alacant;Orihuela;Centros de salud;Publicos
1531001914;CENTRO DE SALUD DE ORKOIEN;C00582;Navarra, Comunidad Foral de;Navarra;Orkoien;Centros de salud;Publicos
0845000737;CENTRO DE SALUD DE OROPESA;4501741/4501741;Castilla - La Mancha;Toledo;Oropesa;Centros de salud;Publicos
1648000889;CENTRO DE SALUD DE ORTUELLA;48 C.2.3.1. 5244;País Vasco;Bizkaia;Ortuella;Centros de salud;Publicos
0734000931;CENTRO DE SALUD DE OSORNO;34-C231-0010;Castilla y León;Palencia;Osorno la Mayor;Centros de salud;Publicos
0802000434;CENTRO DE SALUD DE OSSA DE MONTIEL;0201578/0201578;Castilla - La Mancha;Albacete;Ossa de Montiel;Centros de salud;Publicos
0141001207;CENTRO DE SALUD DE OSUNA-SERVICIO ANDALUZ DE SALUD;20999;Andalucía;Sevilla;Osuna;Centros de salud;Publicos
0333004621;CENTRO DE SALUD DE OTERO;5552;Asturias, Principado de;Asturias;Oviedo;Centros de salud;Publicos
1648000886;CENTRO DE SALUD DE OTXARKOAGA;48 C.2.3.1. 4825;País Vasco;Bizkaia;Bilbao;Centros de salud;Publicos
1601001975;CENTRO DE SALUD DE OYON;01/016430;País Vasco;Araba/Álava;Oyón-Oion;Centros de salud;Privados
1046000294;CENTRO DE SALUD DE PAIPORTA;1142;Comunitat Valenciana;Valencia/València;Paiporta;Centros de salud;Publicos
0709001795;CENTRO DE SALUD DE PAMPLIEGA;09-C231-0022;Castilla y León;Burgos;Pampliega;Centros de salud;Publicos
0734000932;CENTRO DE SALUD DE PAREDES DE NAVA;34-C231-0011;Castilla y León;Palencia;Paredes de Nava;Centros de salud;Publicos
1620001539;CENTRO DE SALUD DE PASAI ANTXO;20 C.2.3.1. 8307;País Vasco;Gipuzkoa;Pasaia;Centros de salud;Publicos
1620000432;CENTRO DE SALUD DE PASAI DONIBANE (OSAKIDETZA);20 C.2.3.1. 1902;País Vasco;Gipuzkoa;Pasaia;Centros de salud;Publicos
0819000174;CENTRO DE SALUD DE PASTRANA;1901716/1901716;Castilla - La Mancha;Guadalajara;Pastrana;Centros de salud;Publicos
1046001157;CENTRO DE SALUD DE PATERNA;1202;Comunitat Valenciana;Valencia/València;Paterna;Centros de salud;Publicos
1046000615;CENTRO DE SALUD DE PEDRALBA;8050;Comunitat Valenciana;Valencia/València;Pedralba;Centros de salud;Publicos
1003002015;CENTRO DE SALUD DE PEDREGUER;908;Comunitat Valenciana;Alicante/Alacant;Pedreguer;Centros de salud;Publicos
0813001016;CENTRO DE SALUD DE PEDRO MUÑOZ;1306380/1306782;Castilla - La Mancha;Ciudad Real;Pedro Muñoz;Centros de salud;Publicos
0737002022;CENTRO DE SALUD DE PEDROSILLO EL RALO;37-C231-0016;Castilla y León;Salamanca;Pedrosillo el Ralo;Centros de salud;Publicos
1003001903;CENTRO DE SALUD DE PEGO;858;Comunitat Valenciana;Alicante/Alacant;Pego;Centros de salud;Publicos
0747001930;CENTRO DE SALUD DE PEÑAFIEL;47-C231-0001;Castilla y León;Valladolid;Peñafiel;Centros de salud;Publicos
0737002023;CENTRO DE SALUD DE PEÑARANDA DE BRACAMONTE;37-C231-0017;Castilla y León;Salamanca;Peñaranda de Bracamonte;Centros de salud;Publicos
1012002267;CENTRO DE SALUD DE PEÑISCOLA;18616;Comunitat Valenciana;Castellón/Castelló;Peníscola/Peñíscola;Centros de salud;Publicos
1531001915;CENTRO DE SALUD DE PERALTA;C00583;Navarra, Comunidad Foral de;Navarra;Peralta/Azkoien;Centros de salud;Publicos
0333005247;CENTRO DE SALUD DE PERCHERA;5923;Asturias, Principado de;Asturias;Gijón;Centros de salud;Publicos
1003000394;CENTRO DE SALUD DE PETRER I;10933;Comunitat Valenciana;Alicante/Alacant;Petrer;Centros de salud;Publicos
1003000439;CENTRO DE SALUD DE PETRER II;11039;Comunitat Valenciana;Alicante/Alacant;Petrer;Centros de salud;Publicos
1046000613;CENTRO DE SALUD DE PICANYA;804;Comunitat Valenciana;Valencia/València;Picanya;Centros de salud;Publicos
1046000355;CENTRO DE SALUD DE PICASSENT;2188;Comunitat Valenciana;Valencia/València;Picassent;Centros de salud;Publicos
0813001030;CENTRO DE SALUD DE PIEDRABUENA;1306405/1306694;Castilla - La Mancha;Ciudad Real;Piedrabuena;Centros de salud;Publicos
0705001003;CENTRO DE SALUD DE PIEDRAHITA;05-C231-0016;Castilla y León;Ávila;Piedrahíta;Centros de salud;Publicos
0333004447;CENTRO DE SALUD DE PIEDRAS BLANCAS;5393;Asturias, Principado de;Asturias;Castrillón;Centros de salud;Publicos
0724002221;CENTRO DE SALUD DE PINILLA SAN ANDRES DE RABANEDO;24-C231-0018;Castilla y León;León;San Andrés del Rabanedo;Centros de salud;Publicos
1003003120;CENTRO DE SALUD DE PINOS/ PINOSO;11646;Comunitat Valenciana;Alicante/Alacant;Pinós, el/Pinoso;Centros de salud;Publicos
1648000905;CENTRO DE SALUD DE PLENTZIA;48 C.2.3.1. 6749;País Vasco;Bizkaia;Plentzia;Centros de salud;Publicos
1648000848;CENTRO DE SALUD DE PLENTZIA (OSAKIDETZA);48 C.2.3.1. 1947;País Vasco;Bizkaia;Plentzia;Centros de salud;Publicos
0724002217;CENTRO DE SALUD DE POLA DE GORDON;24-C231-0014;Castilla y León;León;Pola de Gordón, La;Centros de salud;Publicos
0333004679;CENTRO DE SALUD DE POLA DE LAVIANA;5574;Asturias, Principado de;Asturias;Laviana;Centros de salud;Publicos
0333005100;CENTRO DE SALUD DE POLA DE SIERO;5788;Asturias, Principado de;Asturias;Siero;Centros de salud;Publicos
0845001325;CENTRO DE SALUD DE POLAN;4506528/4507039;Castilla - La Mancha;Toledo;Polán;Centros de salud;Publicos
0724002239;CENTRO DE SALUD DE PONFERRADA I;24-C231-0036;Castilla y León;León;Ponferrada;Centros de salud;Publicos
0724002228;CENTRO DE SALUD DE PONFERRADA II;24-C231-0025;Castilla y León;León;Ponferrada;Centros de salud;Publicos
0724002229;CENTRO DE SALUD DE PONFERRADA III;24-C231-0026;Castilla y León;León;Ponferrada;Centros de salud;Publicos
0724002243;CENTRO DE SALUD DE PONFERRADA IV;24-C231-0040;Castilla y León;León;Ponferrada;Centros de salud;Publicos
0747001949;CENTRO DE SALUD DE PORTILLO;47-C231-0020;Castilla y León;Valladolid;Portillo;Centros de salud;Publicos
0813001186;CENTRO DE SALUD DE PORZUNA;1306839/1307977;Castilla - La Mancha;Ciudad Real;Porzuna;Centros de salud;Publicos
0333005210;CENTRO DE SALUD DE PRAVIA;5891;Asturias, Principado de;Asturias;Pravia;Centros de salud;Publicos
0816000389;CENTRO DE SALUD DE PRIEGO;1601463/1601463;Castilla - La Mancha;Cuenca;Priego;Centros de salud;Publicos
1046000312;CENTRO DE SALUD DE PUÇOL;1306;Comunitat Valenciana;Valencia/València;Puçol;Centros de salud;Publicos
0845000738;CENTRO DE SALUD DE PUEBLANUEVA;4501744/4501744;Castilla - La Mancha;Toledo;Pueblanueva, La;Centros de salud;Publicos
0724002230;CENTRO DE SALUD DE PUENTE DE DOMINGO FLOREZ;24-C231-0027;Castilla y León;León;Puente de Domingo Flórez;Centros de salud;Publicos
1531001916;CENTRO DE SALUD DE PUENTE LA REINA/GARES;C00584;Navarra, Comunidad Foral de;Navarra;Puente la Reina/Gares;Centros de salud;Publicos
0813000469;CENTRO DE SALUD DE PUERTOLLANO-1 PUNTO DE ATENCION CONTINUADA;1301613/1301613;Castilla - La Mancha;Ciudad Real;Puertollano;Centros de salud;Publicos
0813000471;CENTRO DE SALUD DE PUERTOLLANO-2;1301615/1301615;Castilla - La Mancha;Ciudad Real;Puertollano;Centros de salud;Publicos
0813000470;CENTRO DE SALUD DE PUERTOLLANO-3;1301614/1301614;Castilla - La Mancha;Ciudad Real;Puertollano;Centros de salud;Publicos
0333004939;CENTRO DE SALUD DE PUMARIN;5635;Asturias, Principado de;Asturias;Oviedo;Centros de salud;Publicos
0121000294;CENTRO DE SALUD DE PUNTA UMBRIA - ZONA BASICA DE SALUD;21034;Andalucía;Huelva;Punta Umbría;Centros de salud;Publicos
1046000309;CENTRO DE SALUD DE QUART DE POBLET;1266;Comunitat Valenciana;Valencia/València;Quart de Poblet;Centros de salud;Publicos
0845000739;CENTRO DE SALUD DE QUINTANAR DE LA ORDEN;4501745/4501745;Castilla - La Mancha;Toledo;Quintanar de la Orden;Centros de salud;Publicos
0709001813;CENTRO DE SALUD DE QUINTANAR DE LA SIERRA;09-C231-0040;Castilla y León;Burgos;Quintanar de la Sierra;Centros de salud;Publicos
0816000792;CENTRO DE SALUD DE QUINTANAR DEL REY;1606703/1608141;Castilla - La Mancha;Cuenca;Quintanar del Rey;Centros de salud;Publicos
1046000464;CENTRO DE SALUD DE RAFELBUNYOL;4169;Comunitat Valenciana;Valencia/València;Rafelbunyol;Centros de salud;Publicos
1648002640;CENTRO DE SALUD DE REKALDE;48 C.2.3.1. 1911;País Vasco;Bizkaia;Bilbao;Centros de salud;Publicos
1648003950;CENTRO DE SALUD DE REPELEGA;48 C.2.3.1. 11183;País Vasco;Bizkaia;Portugalete;Centros de salud;Publicos
1046000389;CENTRO DE SALUD DE REQUENA;2721;Comunitat Valenciana;Valencia/València;Requena;Centros de salud;Publicos
0813000461;CENTRO DE SALUD DE RETUERTA DEL BULLAQUE;1301604/1301604;Castilla - La Mancha;Ciudad Real;Retuerta del Bullaque;Centros de salud;Publicos
1648004925;CENTRO DE SALUD DE RETUERTO;48 C.2.3.1. 12320;País Vasco;Bizkaia;Barakaldo;Centros de salud;Publicos
0333005189;CENTRO DE SALUD DE RIAÑO;5867;Asturias, Principado de;Asturias;Langreo;Centros de salud;Publicos
0724002218;CENTRO DE SALUD DE RIAÑO;24-C231-0015;Castilla y León;León;Riaño;Centros de salud;Publicos
0740000961;CENTRO DE SALUD DE RIAZA;40-C231-0005;Castilla y León;Segovia;Riaza;Centros de salud;Publicos
0333004550;CENTRO DE SALUD DE RIBADESELLA;5487;Asturias, Principado de;Asturias;Ribadesella;Centros de salud;Publicos
1046000449;CENTRO DE SALUD DE RIBA-ROJA DE TURIA;4015;Comunitat Valenciana;Valencia/València;Riba-roja de Túria;Centros de salud;Publicos
0724002219;CENTRO DE SALUD DE RIBERA DEL ESLA;24-C231-0016;Castilla y León;León;Gradefes;Centros de salud;Publicos
0724002234;CENTRO DE SALUD DE RIBERA DEL ORBIGO;24-C231-0031;Castilla y León;León;Benavides;Centros de salud;Publicos
0802000988;CENTRO DE SALUD DE RIOPAR;0206896/0208493;Castilla - La Mancha;Albacete;Riópar;Centros de salud;Publicos
1601000195;CENTRO DE SALUD DE RIVABELLOSA (OSAKIDETZA);01 C.2.3.1. 6252;País Vasco;Araba/Álava;Ribera Baja/Erriberabeitia;Centros de salud;Publicos
0709001785;CENTRO DE SALUD DE ROA;09-C231-0012;Castilla y León;Burgos;Roa;Centros de salud;Publicos
0737002024;CENTRO DE SALUD DE ROBLEDA;37-C231-0018;Castilla y León;Salamanca;Robleda;Centros de salud;Publicos
0333005087;CENTRO DE SALUD DE ROCES-MONTEVIL;5780;Asturias, Principado de;Asturias;Gijón;Centros de salud;Publicos
1531001917;CENTRO DE SALUD DE ROCHAPEA;C00585;Navarra, Comunidad Foral de;Navarra;Pamplona/Iruña;Centros de salud;Publicos
1003002230;CENTRO DE SALUD DE ROJALES II - LO MARABU;9957;Comunitat Valenciana;Alicante/Alacant;Rojales;Centros de salud;Publicos
0111000497;CENTRO DE SALUD DE ROTA;21044;Andalucía;Cádiz;Rota;Centros de salud;Publicos
0819000177;CENTRO DE SALUD DE SIGUENZA;1901719/1901719;Castilla - La Mancha;Guadalajara;Sigüenza;Centros de salud;Publicos
1046000183;CENTRO DE SALUD DE SILLA;10456;Comunitat Valenciana;Valencia/València;Silla;Centros de salud;Publicos
0816000392;CENTRO DE SALUD DE SISANTE;1601486/1601486;Castilla - La Mancha;Cuenca;Sisante;Centros de salud;Publicos
0802000451;CENTRO DE SALUD DE SOCOVOS;0201664/0201664;Castilla - La Mancha;Albacete;Socovos;Centros de salud;Publicos
0813001018;CENTRO DE SALUD DE SOCUELLAMOS;1306382/1306780;Castilla - La Mancha;Ciudad Real;Socuéllamos;Centros de salud;Publicos
1648000913;CENTRO DE SALUD DE SODUPE;48 C.2.3.1. 7919;País Vasco;Bizkaia;Güeñes;Centros de salud;Publicos
0813000468;CENTRO DE SALUD DE SOLANA DEL PINO;1301612/1301612;Castilla - La Mancha;Ciudad Real;Solana del Pino;Centros de salud;Publicos
1648000850;CENTRO DE SALUD DE SONDIKA;48 C.2.3.1. 1954;País Vasco;Bizkaia;Sondika;Centros de salud;Publicos
1012000203;CENTRO DE SALUD DE SONEJA;405;Comunitat Valenciana;Castellón/Castelló;Soneja;Centros de salud;Publicos
0845001409;CENTRO DE SALUD DE SONSECA;4506724/4508552;Castilla - La Mancha;Toledo;Sonseca;Centros de salud;Publicos
1648000880;CENTRO DE SALUD DE SOPELA;48 C.2.3.1. 450;País Vasco;Bizkaia;Sopela;Centros de salud;Publicos
1620000441;CENTRO DE SALUD DE SORALUZE;20 C.2.3.1. 3463;País Vasco;Gipuzkoa;Soraluze-Placencia de las Armas;Centros de salud;Publicos
0705001005;CENTRO DE SALUD DE SOTILLO DE LA ADRADA;05-C231-0018;Castilla y León;Ávila;Sotillo de la Adrada;Centros de salud;Publicos
0333004694;CENTRO DE SALUD DE SOTRONDIO;5590;Asturias, Principado de;Asturias;San Martín del Rey Aurelio;Centros de salud;Publicos
1046001572;CENTRO DE SALUD DE SUECA;2938;Comunitat Valenciana;Valencia/València;Sueca;Centros de salud;Publicos
0749001188;CENTRO DE SALUD DE TABARA;49-C231-0027;Castilla y León;Zamora;Tábara;Centros de salud;Publicos
1531001922;CENTRO DE SALUD DE TAFALLA;C00590;Navarra, Comunidad Foral de;Navarra;Tafalla;Centros de salud;Publicos
0845000330;CENTRO DE SALUD DE TALAVERA DE LA REINA-1-CENTRO PUNTO DE ATENCION CONTINUADA;TO03426/00003686;Castilla - La Mancha;Toledo;Talavera de la Reina;Centros de salud;Publicos
0845000742;CENTRO DE SALUD DE TALAVERA DE LA REINA-2-LA ESTACION;4501749/4501749;Castilla - La Mancha;Toledo;Talavera de la Reina;Centros de salud;Publicos
0845001577;CENTRO DE SALUD DE TALAVERA DE LA REINA-3-RIO TAJO (LA SOLANA);4507097/4510514;Castilla - La Mancha;Toledo;Talavera de la Reina;Centros de salud;Publicos
0845000331;CENTRO DE SALUD DE TALAVERA DE LA REINA-4-LA ALGODONERA;TO03427/00003687;Castilla - La Mancha;Toledo;Talavera de la Reina;Centros de salud;Publicos
0816000393;CENTRO DE SALUD DE TALAYUELAS;1601492/1601492;Castilla - La Mancha;Cuenca;Talayuelas;Centros de salud;Publicos
1012000058;CENTRO DE SALUD DE TALES;10477;Comunitat Valenciana;Castellón/Castelló;Tales;Centros de salud;Publicos
0737002026;CENTRO DE SALUD DE TAMAMES;37-C231-0020;Castilla y León;Salamanca;Tamames;Centros de salud;Publicos
0333005138;CENTRO DE SALUD DE TAPIA DE CASARIEGO;5827;Asturias, Principado de;Asturias;Tapia de Casariego;Centros de salud;Publicos
0802000450;CENTRO DE SALUD DE TARAZONA DE LA MANCHA;0201660/0201660;Castilla - La Mancha;Albacete;Tarazona de la Mancha;Centros de salud;Publicos
1046000365;CENTRO DE SALUD DE TAVERNES BLANQUES;2252;Comunitat Valenciana;Valencia/València;Tavernes Blanques;Centros de salud;Publicos
1046002973;CENTRO DE SALUD DE TAVERNES DE LA VALLDIGNA;843;Comunitat Valenciana;Valencia/València;Tavernes de la Valldigna;Centros de salud;Publicos
0845000744;CENTRO DE SALUD DE TEMBLEQUE;4501751/4501751;Castilla - La Mancha;Toledo;Tembleque;Centros de salud;Publicos
0749001174;CENTRO DE SALUD DE TERA;49-C231-0013;Castilla y León;Zamora;Camarzana de Tera;Centros de salud;Publicos
1003000763;CENTRO DE SALUD DE TEULADA;2812;Comunitat Valenciana;Alicante/Alacant;Teulada;Centros de salud;Publicos
0333005026;CENTRO DE SALUD DE TINEO;5724;Asturias, Principado de;Asturias;Tineo;Centros de salud;Publicos
1046000382;CENTRO DE SALUD DE TITAGUAS;2549;Comunitat Valenciana;Valencia/València;Titaguas;Centros de salud;Publicos
0802000452;CENTRO DE SALUD DE TOBARRA;0201665/0201665;Castilla - La Mancha;Albacete;Tobarra;Centros de salud;Publicos
0845000745;CENTRO DE SALUD DE TOLEDO-1-SILLERIA;4501752/4501752;Castilla - La Mancha;Toledo;Toledo;Centros de salud;Publicos
0845000748;CENTRO DE SALUD DE TOLEDO-2-PALOMAREJOS;4501755/4501755;Castilla - La Mancha;Toledo;Toledo;Centros de salud;Publicos
0845000746;CENTRO DE SALUD DE TOLEDO-3-STA. MARIA BENQUERENCIA PUNTO DE ATENCION CONTINUADA;4501753/4507267;Castilla - La Mancha;Toledo;Toledo;Centros de salud;Publicos
0845002516;CENTRO DE SALUD DE TOLEDO-4-SANTA BARBARA;4508155/4516531;Castilla - La Mancha;Toledo;Toledo;Centros de salud;Publicos
0845001347;CENTRO DE SALUD DE TOLEDO-5-BUENAVISTA PUNTO DE ATENCION CONTINUADA;4506564/4507185;Castilla - La Mancha;Toledo;Toledo;Centros de salud;Publicos
0813000585;CENTRO DE SALUD DE TOMELLOSO-2;1302645/1303333;Castilla - La Mancha;Ciudad Real;Tomelloso;Centros de salud;Publicos
0747001956;CENTRO DE SALUD DE TORDESILLAS;47-C231-0027;Castilla y León;Valladolid;Tordesillas;Centros de salud;Publicos
0724002231;CENTRO DE SALUD DE TORENO;24-C231-0028;Castilla y León;León;Toreno;Centros de salud;Publicos
0749001189;CENTRO DE SALUD DE TORO;49-C231-0028;Castilla y León;Zamora;Toro;Centros de salud;Publicos
0734000934;CENTRO DE SALUD DE TORQUEMADA;34-C231-0013;Castilla y León;Palencia;Torquemada;Centros de salud;Publicos
0813001029;CENTRO DE SALUD DE TORRE DE JUAN ABAD;1306404/1306693;Castilla - La Mancha;Ciudad Real;Torre de Juan Abad;Centros de salud;Publicos
1012000207;CENTRO DE SALUD DE TORREBLANCA;4131;Comunitat Valenciana;Castellón/Castelló;Torreblanca;Centros de salud;Publicos
0141003165;CENTRO DE SALUD DE TORREBLANCA-SERVICIO ANDALUZ DE SALUD;35562;Andalucía;Sevilla;Sevilla;Centros de salud;Publicos
1726000849;CENTRO DE SALUD DE TORRECILLA EN CAMEROS;1695080231001;Rioja, La;Rioja, La;Torrecilla en Cameros;Centros de salud;Publicos
0816000395;CENTRO DE SALUD DE TORREJONCILLO DEL REY;1601514/1601514;Castilla - La Mancha;Cuenca;Torrejoncillo del Rey;Centros de salud;Publicos
1003000295;CENTRO DE SALUD DE TORREVIEJA LA MATA;10084;Comunitat Valenciana;Alicante/Alacant;Torrevieja;Centros de salud;Publicos
0222000456;CENTRO DE SALUD DE SABIÑANIGO;2220622;Aragón;Huesca;Sabiñánigo;Centros de salud;Publicos
0333004462;CENTRO DE SALUD DE SABUGO;5411;Asturias, Principado de;Asturias;Avilés;Centros de salud;Publicos
0819000176;CENTRO DE SALUD DE SACEDON;1901718/1901718;Castilla - La Mancha;Guadalajara;Sacedón;Centros de salud;Publicos
0740000960;CENTRO DE SALUD DE SACRAMENIA;40-C231-0004;Castilla y León;Segovia;Sacramenia;Centros de salud;Publicos
1046000461;CENTRO DE SALUD DE SAGUNTO;4148;Comunitat Valenciana;Valencia/València;Sagunt/Sagunto;Centros de salud;Publicos
0724002220;CENTRO DE SALUD DE SAHAGUN;24-C231-0017;Castilla y León;León;Sahagún;Centros de salud;Publicos
0333004523;CENTRO DE SALUD DE SALAS;5471;Asturias, Principado de;Asturias;Salas;Centros de salud;Publicos
0709003511;CENTRO DE SALUD DE SALAS DE LOS INFANTES;09-C231-0046;Castilla y León;Burgos;Salas de los Infantes;Centros de salud;Publicos
1601000814;CENTRO DE SALUD DE SALBURUA;01 C.2.3.1. 9004;País Vasco;Araba/Álava;Vitoria-Gasteiz;Centros de salud;Publicos
0734000944;CENTRO DE SALUD DE SALDAÑA;34-C231-0023;Castilla y León;Palencia;Saldaña;Centros de salud;Publicos
1601000184;CENTRO DE SALUD DE SALVATIERRA-AGURAIN (OSAKIDETZA);01 C.2.3.1. 1189;País Vasco;Araba/Álava;Agurain/Salvatierra;Centros de salud;Publicos
0333004937;CENTRO DE SALUD DE SAMA;5626;Asturias, Principado de;Asturias;Langreo;Centros de salud;Publicos
1601000197;CENTRO DE SALUD DE SAMANIEGO (OSAKIDETZA);01 C.2.3.1. 6308;País Vasco;Araba/Álava;Samaniego;Centros de salud;Publicos
1531001949;CENTRO DE SALUD DE SAN ADRIAN;C00623;Navarra, Comunidad Foral de;Navarra;San Adrián;Centros de salud;Publicos
1648000872;CENTRO DE SALUD DE SAN ADRIAN;48 C.2.3.1. 3724;País Vasco;Bizkaia;Bilbao;Centros de salud;Publicos
0816000285;CENTRO DE SALUD DE SAN CLEMENTE;CU04409/00008438;Castilla - La Mancha;Cuenca;San Clemente;Centros de salud;Publicos
0742000762;CENTRO DE SALUD DE SAN ESTEBAN DE GORMAZ;42-C231-0012;Castilla y León;Soria;San Esteban de Gormaz;Centros de salud;Publicos
1648000874;CENTRO DE SALUD DE SAN IGNACIO;48 C.2.3.1. 3726;País Vasco;Bizkaia;Bilbao;Centros de salud;Publicos
1531001919;CENTRO DE SALUD DE SAN JORGE;C00587;Navarra, Comunidad Foral de;Navarra;Pamplona/Iruña;Centros de salud;Publicos
1531001932;CENTRO DE SALUD DE SAN JUAN;C00602;Navarra, Comunidad Foral de;Navarra;Pamplona/Iruña;Centros de salud;Publicos
0742000763;CENTRO DE SALUD DE SAN LEONARDO DE YAGUE;42-C231-0013;Castilla y León;Soria;San Leonardo de Yagüe;Centros de salud;Publicos
0816000784;CENTRO DE SALUD DE SAN LORENZO DE LA PARRILLA;1606674/1608034;Castilla - La Mancha;Cuenca;San Lorenzo de la Parrilla;Centros de salud;Publicos
1601000185;CENTRO DE SALUD DE SAN MARTIN (OSAKIDETZA);01 C.2.3.1. 1191;País Vasco;Araba/Álava;Vitoria-Gasteiz;Centros de salud;Publicos
1003000369;CENTRO DE SALUD DE SAN MIGUEL DE SALINAS;10863;Comunitat Valenciana;Alicante/Alacant;San Miguel de Salinas;Centros de salud;Publicos
0705001004;CENTRO DE SALUD DE SAN PEDRO DEL ARROYO;05-C231-0017;Castilla y León;Ávila;San Pedro del Arroyo;Centros de salud;Publicos
0742000764;CENTRO DE SALUD DE SAN PEDRO MANRIQUE;42-C231-0014;Castilla y León;Soria;San Pedro Manrique;Centros de salud;Publicos
1726000426;CENTRO DE SALUD DE SAN ROMAN DE CAMEROS;1486060231001;Rioja, La;Rioja, La;San Román de Cameros;Centros de salud;Publicos
1003000383;CENTRO DE SALUD DE SAN VICENTE DEL RASPEIG;1089;Comunitat Valenciana;Alicante/Alacant;Sant Vicent del Raspeig/San Vicente del Raspeig;Centros de salud;Publicos
1003001706;CENTRO DE SALUD DE SAN VICENTE DEL RASPEIG II;7201;Comunitat Valenciana;Alicante/Alacant;Sant Vicent del Raspeig/San Vicente del Raspeig;Centros de salud;Publicos
1531001920;CENTRO DE SALUD DE SANGUESA;C00588;Navarra, Comunidad Foral de;Navarra;Sangüesa/Zangoza;Centros de salud;Publicos
0141001216;CENTRO DE SALUD DE SANLUCAR LA MAYOR-SERVICIO ANDALUZ DE SALUD;21053;Andalucía;Sevilla;Sanlúcar la Mayor;Centros de salud;Publicos
1601000188;CENTRO DE SALUD DE SANSOMENDI (OSAKIDETZA);01 C.2.3.1. 1238;País Vasco;Araba/Álava;Vitoria-Gasteiz;Centros de salud;Publicos
1003000266;CENTRO DE SALUD DE SANT JOAN D'ALACANT;10043;Comunitat Valenciana;Alicante/Alacant;Sant Joan d'Alacant;Centros de salud;Publicos
1012000144;CENTRO DE SALUD DE SANT MATEU;1114;Comunitat Valenciana;Castellón/Castelló;Sant Mateu;Centros de salud;Publicos
0845000740;CENTRO DE SALUD DE SANTA CRUZ DE LA ZARZA;4501746/4501746;Castilla - La Mancha;Toledo;Santa Cruz de la Zarza;Centros de salud;Publicos
0813000474;CENTRO DE SALUD DE SANTA CRUZ DE MUDELA;1301619/1301619;Castilla - La Mancha;Ciudad Real;Santa Cruz de Mudela;Centros de salud;Publicos
0724002222;CENTRO DE SALUD DE SANTA MARIA DEL PARAMO;24-C231-0019;Castilla y León;León;Santa María del Páramo;Centros de salud;Publicos
0737002037;CENTRO DE SALUD DE SANTA MARTA DE TORMES;37-C231-0031;Castilla y León;Salamanca;Santa Marta de Tormes;Centros de salud;Publicos
0845000741;CENTRO DE SALUD DE SANTA OLALLA;4501747/4501747;Castilla - La Mancha;Toledo;Santa Olalla;Centros de salud;Publicos
0121000296;CENTRO DE SALUD DE SANTA OLALLA DEL CALA;21058;Andalucía;Huelva;Santa Olalla del Cala;Centros de salud;Publicos
1531001921;CENTRO DE SALUD DE SANTESTEBAN/DONEZTEBE;C00589;Navarra, Comunidad Foral de;Navarra;Doneztebe/Santesteban;Centros de salud;Publicos
0222000438;CENTRO DE SALUD DE SARIÑENA;2220604;Aragón;Huesca;Sariñena;Centros de salud;Publicos
1531001535;CENTRO DE SALUD DE SARRIGUREN;C02088;Navarra, Comunidad Foral de;Navarra;Valle de Egüés/Eguesibar;Centros de salud;Publicos
1003002231;CENTRO DE SALUD DE SAX;9970;Comunitat Valenciana;Alicante/Alacant;Sax;Centros de salud;Publicos
0749001185;CENTRO DE SALUD DE SAYAGO;49-C231-0024;Castilla y León;Zamora;Bermillo de Sayago;Centros de salud;Publicos
0709001788;CENTRO DE SALUD DE SEDANO;09-C231-0015;Castilla y León;Burgos;Valle de Sedano;Centros de salud;Publicos
1046000144;CENTRO DE SALUD DE SEDAVI;10415;Comunitat Valenciana;Valencia/València;Sedaví;Centros de salud;Publicos
0740000957;CENTRO DE SALUD DE SEPULVEDA;40-C231-0001;Castilla y León;Segovia;Sepúlveda;Centros de salud;Publicos
0747001964;CENTRO DE SALUD DE SERRADA;47-C231-0035;Castilla y León;Valladolid;Serrada;Centros de salud;Publicos
0845001517;CENTRO DE SALUD DE SESEÑA VIEJO;4506955/4509689;Castilla - La Mancha;Toledo;Seseña;Centros de salud;Publicos
0845000209;CENTRO DE SALUD DE TORRIJOS;TO03107/00001783;Castilla - La Mancha;Toledo;Torrijos;Centros de salud;Publicos
0816000811;CENTRO DE SALUD DE TRAGACETE;1606740/1608484;Castilla - La Mancha;Cuenca;Tragacete;Centros de salud;Publicos
1012000265;CENTRO DE SALUD DE TRAIGUERA;593;Comunitat Valenciana;Castellón/Castelló;Traiguera;Centros de salud;Publicos
1648000888;CENTRO DE SALUD DE TRAPAGA;48 C.2.3.1. 5242;País Vasco;Bizkaia;Valle de Trápaga-Trapagaran;Centros de salud;Publicos
0333005090;CENTRO DE SALUD DE TREVIAS;5782;Asturias, Principado de;Asturias;Valdés;Centros de salud;Publicos
0724002244;CENTRO DE SALUD DE TROBAJO DEL CAMINO-VALVERDE LA VIRGEN;24-C231-0041;Castilla y León;León;San Andrés del Rabanedo;Centros de salud;Publicos
0747001970;CENTRO DE SALUD DE TUDELA DE DUERO;47-C231-0041;Castilla y León;Valladolid;Tudela de Duero;Centros de salud;Publicos
1531001997;CENTRO DE SALUD DE TUDELA ESTE - SANTA ANA;C00697;Navarra, Comunidad Foral de;Navarra;Tudela;Centros de salud;Publicos
1046000592;CENTRO DE SALUD DE TURIS;755;Comunitat Valenciana;Valencia/València;Turís;Centros de salud;Publicos
1648000912;CENTRO DE SALUD DE URBAN;48 C.2.3.1. 7918;País Vasco;Bizkaia;Barakaldo;Centros de salud;Publicos
1620001538;CENTRO DE SALUD DE URNIETA;20 C.2.3.1. 8280;País Vasco;Gipuzkoa;Urnieta;Centros de salud;Publicos
0250001733;CENTRO DE SALUD DE UTEBO;5022897;Aragón;Zaragoza;Utebo;Centros de salud;Publicos
1046000563;CENTRO DE SALUD DE UTIEL;643;Comunitat Valenciana;Valencia/València;Utiel;Centros de salud;Publicos
0813000477;CENTRO DE SALUD DE VALDEPEÑAS-1;1301622/1301622;Castilla - La Mancha;Ciudad Real;Valdepeñas;Centros de salud;Publicos
0813001185;CENTRO DE SALUD DE VALDEPEÑAS-2 PUNTO DE ATENCION CONTINUADA;1306838/1307974;Castilla - La Mancha;Ciudad Real;Valdepeñas;Centros de salud;Publicos
0724002223;CENTRO DE SALUD DE VALDERAS;24-C231-0020;Castilla y León;León;Valderas;Centros de salud;Publicos
1046000564;CENTRO DE SALUD DE VALENCIA BENICALAP MIGUEL SERVET;6449;Comunitat Valenciana;Valencia/València;València;Centros de salud;Publicos
1046000584;CENTRO DE SALUD DE VALENCIA CASTELLAR;723;Comunitat Valenciana;Valencia/València;València;Centros de salud;Publicos
0724002245;CENTRO DE SALUD DE VALENCIA DE DON JUAN;24-C231-0042;Castilla y León;León;Valencia de Don Juan;Centros de salud;Publicos
1046000023;CENTRO DE SALUD DE VALENCIA FUENTE DE SAN LUIS;10119;Comunitat Valenciana;Valencia/València;València;Centros de salud;Publicos
1046000575;CENTRO DE SALUD DE VALENCIA GIL Y MORTE;700;Comunitat Valenciana;Valencia/València;València;Centros de salud;Publicos
1046000225;CENTRO DE SALUD DE VALENCIA JUAN XXIII;1059;Comunitat Valenciana;Valencia/València;València;Centros de salud;Publicos
1046000694;CENTRO DE SALUD DE VALENCIA LA MALVARROSA;995;Comunitat Valenciana;Valencia/València;València;Centros de salud;Publicos
1046000695;CENTRO DE SALUD DE VALENCIA NAZARET;996;Comunitat Valenciana;Valencia/València;València;Centros de salud;Publicos
1046000283;CENTRO DE SALUD DE VALENCIA PADRE JOFRE;1088;Comunitat Valenciana;Valencia/València;València;Centros de salud;Publicos
1046000446;CENTRO DE SALUD DE VALENCIA PLAZA SEGOVIA;3984;Comunitat Valenciana;Valencia/València;València;Centros de salud;Publicos
1046000394;CENTRO DE SALUD DE VALENCIA REPUBLICA ARGENTINA;2827;Comunitat Valenciana;Valencia/València;València;Centros de salud;Publicos
1046000441;CENTRO DE SALUD DE VALENCIA RUZAFA;3906;Comunitat Valenciana;Valencia/València;València;Centros de salud;Publicos
1046000522;CENTRO DE SALUD DE VALENCIA SALVADOR ALLENDE;5191;Comunitat Valenciana;Valencia/València;València;Centros de salud;Publicos
1046000650;CENTRO DE SALUD DE VALENCIA SALVADOR PAU;912;Comunitat Valenciana;Valencia/València;València;Centros de salud;Publicos
1046000328;CENTRO DE SALUD DE VALENCIA SAN MARCELINO;1721;Comunitat Valenciana;Valencia/València;València;Centros de salud;Publicos
1046000466;CENTRO DE SALUD DE VALENCIA SERRERIA I;4225;Comunitat Valenciana;Valencia/València;València;Centros de salud;Publicos
1046000447;CENTRO DE SALUD DE VALENCIA SERRERIA II;3997;Comunitat Valenciana;Valencia/València;València;Centros de salud;Publicos
1046001509;CENTRO DE SALUD DE VALENCIA TRAFALGAR;2732;Comunitat Valenciana;Valencia/València;València;Centros de salud;Publicos
1046000652;CENTRO DE SALUD DE VALENCIA TRINITAT;915;Comunitat Valenciana;Valencia/València;València;Centros de salud;Publicos
1046000573;CENTRO DE SALUD DE VALENCIA VIRGEN DE LA FUENSANTA;688;Comunitat Valenciana;Valencia/València;València;Centros de salud;Publicos
1012000279;CENTRO DE SALUD DE VALL D'ALBA;680;Comunitat Valenciana;Castellón/Castelló;Vall d'Alba;Centros de salud;Publicos
0709001796;CENTRO DE SALUD DE VALLE DE TOBALINA QUINTANA MARTIN GALINDEZ;09-C231-0023;Castilla y León;Burgos;Valle de Tobalina;Centros de salud;Publicos
0709001791;CENTRO DE SALUD DE VALLE DE VALDEBEZANA;09-C231-0018;Castilla y León;Burgos;Valle de Valdebezana;Centros de salud;Publicos
0845000755;CENTRO DE SALUD DE VALMOJADO;4501766/4501766;Castilla - La Mancha;Toledo;Valmojado;Centros de salud;Publicos
1531001993;CENTRO DE SALUD DE VALTIERRA;C00693;Navarra, Comunidad Foral de;Navarra;Valtierra;Centros de salud;Publicos
0816000709;CENTRO DE SALUD DE VALVERDE DE JUCAR;1606351/1606605;Castilla - La Mancha;Cuenca;Valverde de Júcar;Centros de salud;Publicos
0333005014;CENTRO DE SALUD DE VEGADEO;5717;Asturias, Principado de;Asturias;Vegadeo;Centros de salud;Publicos
0845001894;CENTRO DE SALUD DE VELADA;4507160/4512354;Castilla - La Mancha;Toledo;Velada;Centros de salud;Publicos
0734000935;CENTRO DE SALUD DE VENTA DE BAÑOS;34-C231-0014;Castilla y León;Palencia;Venta de Baños;Centros de salud;Publicos
0333004520;CENTRO DE SALUD DE VENTANIELLES;5461;Asturias, Principado de;Asturias;Oviedo;Centros de salud;Publicos
1531001952;CENTRO DE SALUD DE VIANA;C00626;Navarra, Comunidad Foral de;Navarra;Viana;Centros de salud;Publicos
1046000408;CENTRO DE SALUD DE VILAMARXANT;3111;Comunitat Valenciana;Valencia/València;Vilamarxant;Centros de salud;Publicos
1012000126;CENTRO DE SALUD DE VILA-REAL I BOVILA;10625;Comunitat Valenciana;Castellón/Castelló;Vila-real;Centros de salud;Publicos
1012000206;CENTRO DE SALUD DE VILA-REAL II CARINYENA;4130;Comunitat Valenciana;Castellón/Castelló;Vila-real;Centros de salud;Publicos
1110000246;CACERES CENTRO;10000525;Extremadura;Cáceres;Cáceres;Centros de salud;Publicos
1110000253;CACERES MANUEL ENCINAS;10000532;Extremadura;Cáceres;Cáceres;Centros de salud;Publicos
1110000237;CACERES PLAZA DE ARGEL;10000516;Extremadura;Cáceres;Cáceres;Centros de salud;Publicos
1110000266;CACERES SAN JORGE ZONA SUR;10000545;Extremadura;Cáceres;Cáceres;Centros de salud;Publicos
0118000853;CADIAR;20880;Andalucía;Granada;Cádiar;Centros de salud;Publicos
1106000163;CALAMONTE;06000204;Extremadura;Badajoz;Calamonte;Centros de salud;Publicos
0121000280;CALAÑAS;20888;Andalucía;Huelva;Calañas;Centros de salud;Publicos
0123000402;CAMBIL DON EUFRASIO MARTINEZ GALIANO;21300;Andalucía;Jaén;Cambil;Centros de salud;Publicos
0129001499;CAMPANILLAS;20890;Andalucía;Málaga;Málaga;Centros de salud;Publicos
0129001500;CAMPILLOS_SUAP;20891;Andalucía;Málaga;Campillos;Centros de salud;Publicos
0104000663;CAMPOHERMOSO;21312;Andalucía;Almería;Níjar;Centros de salud;Publicos
0917000012;CAP  DR. SUBIROS;E17006771;Cataluña;Girona;Jonquera, La;Centros de salud;Publicos
0908002066;CAP ABRERA;E08570427;Cataluña;Barcelona;Abrera;Centros de salud;Publicos
0908006365;CAP ABS GORG;E08025206;Cataluña;Barcelona;Badalona;Centros de salud;Publicos
0908002316;CAP ABS LA ROCA;E08605800;Cataluña;Barcelona;Roca del Vallès, La;Centros de salud;Privados
0908002275;CAP ABS MANRESA 1;E08604066;Cataluña;Barcelona;Manresa;Centros de salud;Privados
0908000032;CAP ACACIES;E08001702;Cataluña;Barcelona;Barcelona;Centros de salud;Publicos
0908003657;CAP ADRIA;E08758429;Cataluña;Barcelona;Barcelona;Centros de salud;Publicos
0925000661;CAP AGRAMUNT;E25026312;Cataluña;Lleida;Agramunt;Centros de salud;Publicos
0917000091;CAP AGUSTI CABAÑAS I LLOBET;E17026834;Cataluña;Girona;Lloret de Mar;Centros de salud;Publicos
0943000033;CAP ALCANAR;E43014109;Cataluña;Tarragona;Alcanar;Centros de salud;Publicos
0925000658;CAP ALCARRAS;E25044745;Cataluña;Lleida;Alcarràs;Centros de salud;Publicos
0943000316;CAP ALCOVER;E43557810;Cataluña;Tarragona;Alcover;Centros de salud;Privados
0917000644;CAP ALFONS MORE I PARETAS;E17848792;Cataluña;Girona;Salt;Centros de salud;Publicos
0925000659;CAP ALMACELLES;E25030100;Cataluña;Lleida;Almacelles;Centros de salud;Publicos
0925000059;CAP ALMENAR;E25023826;Cataluña;Lleida;Almenar;Centros de salud;Publicos
0908000122;CAP ALT PENEDES;E08006161;Cataluña;Barcelona;Vilafranca del Penedès;Centros de salud;Publicos
0908006390;CAP AMADEU TORNER;E08025132;Cataluña;Barcelona;Hospitalet de Llobregat, L';Centros de salud;Publicos
0943000046;CAP AMPOSTA;E43016755;Cataluña;Tarragona;Amposta;Centros de salud;Publicos
0917001764;CAP ANNEX BANYOLES;E17621390;Cataluña;Girona;Banyoles;Centros de salud;Publicos
0908000069;CAP ANOIA;E08003587;Cataluña;Barcelona;Igualada;Centros de salud;Publicos
0908006778;CAP ANTON DE BORJA;E08027919;Cataluña;Barcelona;Rubí;Centros de salud;Publicos
0908000213;CAP ANTONI CREUS;E08014236;Cataluña;Barcelona;Terrassa;Centros de salud;Publicos
0908005544;CAP APENINS MONTIGALA;E08036092;Cataluña;Barcelona;Badalona;Centros de salud;Publicos
0917000001;CAP ARBUCIES;E17006309;Cataluña;Girona;Arbúcies;Centros de salud;Publicos
0908000466;CAP ARENYS DE MAR;E08025870;Cataluña;Barcelona;Arenys de Mar;Centros de salud;Publicos
0925000662;CAP ARTESA DE SEGRE;E25030125;Cataluña;Lleida;Artesa de Segre;Centros de salud;Publicos
0908000116;CAP BADIA DEL VALLES;E08005513;Cataluña;Barcelona;Badia del Vallès;Centros de salud;Publicos
0908006402;CAP BAGES;E08003700;Cataluña;Barcelona;Manresa;Centros de salud;Publicos
0943000008;CAP BAIX EBRE;E43008017;Cataluña;Tarragona;Tortosa;Centros de salud;Publicos
0925000054;CAP BALAFIA-PARDINYES-SECA DE SANT PERE;E25023336;Cataluña;Lleida;Lleida;Centros de salud;Publicos
0925000002;CAP BALAGUER;E25007038;Cataluña;Lleida;Balaguer;Centros de salud;Publicos
0917000002;CAP BANYOLES;E17006330;Cataluña;Girona;Banyoles;Centros de salud;Publicos
0908000461;CAP BARBERA DEL VALLES;E08025774;Cataluña;Barcelona;Barberà del Vallès;Centros de salud;Publicos
0908003775;CAP BARBERA 2;E08782990;Cataluña;Barcelona;Barberà del Vallès;Centros de salud;Publicos
0908000470;CAP BARCELONETA;E08025936;Cataluña;Barcelona;Barcelona;Centros de salud;Privados
0908002395;CAP BARRI LLATI;E08614963;Cataluña;Barcelona;Santa Coloma de Gramenet;Centros de salud;Publicos
0917000252;CAP BASCARA;E17045717;Cataluña;Girona;Bàscara;Centros de salud;Publicos
0908002321;CAP BASES DE MANRESA;E08605951;Cataluña;Barcelona;Manresa;Centros de salud;Privados
0943000051;CAP BATEA;E43018600;Cataluña;Tarragona;Batea;Centros de salud;Publicos
0724002242;CENTRO DE SALUD DE VILLABLINO;24-C231-0039;Castilla y León;León;Villablino;Centros de salud;Publicos
0845000835;CENTRO DE SALUD DE VILLACAÑAS;4503915/4505058;Castilla - La Mancha;Toledo;Villacañas;Centros de salud;Publicos
0740000958;CENTRO DE SALUD DE VILLACASTIN;40-C231-0002;Castilla y León;Segovia;Villacastín;Centros de salud;Publicos
0734000936;CENTRO DE SALUD DE VILLADA;34-C231-0015;Castilla y León;Palencia;Villada;Centros de salud;Publicos
0709001802;CENTRO DE SALUD DE VILLADIEGO;09-C231-0029;Castilla y León;Burgos;Villadiego;Centros de salud;Publicos
0845000751;CENTRO DE SALUD DE VILLAFRANCA DE LOS CABALLEROS;4501762/4501762;Castilla - La Mancha;Toledo;Villafranca de los Caballeros;Centros de salud;Publicos
0724002233;CENTRO DE SALUD DE VILLAFRANCA DEL BIERZO;24-C231-0030;Castilla y León;León;Villafranca del Bierzo;Centros de salud;Publicos
1012000347;CENTRO DE SALUD DE VILLAFRANCA DEL CID;9302;Comunitat Valenciana;Castellón/Castelló;Vilafranca/Villafranca del Cid;Centros de salud;Publicos
0747001944;CENTRO DE SALUD DE VILLAFRECHOS;47-C231-0015;Castilla y León;Valladolid;Villafrechós;Centros de salud;Publicos
0813001247;CENTRO DE SALUD DE VILLAHERMOSA;1306907/1308473;Castilla - La Mancha;Ciudad Real;Villahermosa;Centros de salud;Publicos
0816000226;CENTRO DE SALUD DE VILLALBA DE LA SIERRA;CU04052/00005101;Castilla - La Mancha;Cuenca;Villalba de la Sierra;Centros de salud;Publicos
0816000810;CENTRO DE SALUD DE VILLALBA DEL REY;1606739/1608482;Castilla - La Mancha;Cuenca;Villalba del Rey;Centros de salud;Publicos
0747001959;CENTRO DE SALUD DE VILLALON DE CAMPOS;47-C231-0030;Castilla y León;Valladolid;Villalón de Campos;Centros de salud;Publicos
1046001930;CENTRO DE SALUD DE VILLALONGA;4383;Comunitat Valenciana;Valencia/València;Vilallonga/Villalonga;Centros de salud;Publicos
0749001177;CENTRO DE SALUD DE VILLALPANDO;49-C231-0016;Castilla y León;Zamora;Villalpando;Centros de salud;Publicos
0845001442;CENTRO DE SALUD DE VILLALUENGA DE LA SAGRA;4506813/4509135;Castilla - La Mancha;Toledo;Villaluenga de la Sagra;Centros de salud;Publicos
0802000120;CENTRO DE SALUD DE VILLAMALEA;AB02019/00008487;Castilla - La Mancha;Albacete;Villamalea;Centros de salud;Publicos
0816000400;CENTRO DE SALUD DE VILLAMAYOR DE SANTIAGO;1601552/1601552;Castilla - La Mancha;Cuenca;Villamayor de Santiago;Centros de salud;Publicos
0734000937;CENTRO DE SALUD DE VILLAMURIEL DE CERRATO;34-C231-0016;Castilla y León;Palencia;Villamuriel de Cerrato;Centros de salud;Publicos
0819000178;CENTRO DE SALUD DE VILLANUEVA DE ALCORON;1901720/1901720;Castilla - La Mancha;Guadalajara;Villanueva de Alcorón;Centros de salud;Publicos
0813000479;CENTRO DE SALUD DE VILLANUEVA DE LOS INFANTES;1301625/1301625;Castilla - La Mancha;Ciudad Real;Villanueva de los Infantes;Centros de salud;Publicos
1046000297;CENTRO DE SALUD DE VILLAR DEL ARZOBISPO;1159;Comunitat Valenciana;Valencia/València;Villar del Arzobispo;Centros de salud;Publicos
0709001809;CENTRO DE SALUD DE VILLARCAYO;09-C231-0036;Castilla y León;Burgos;Villarcayo de Merindad de Castilla la Vieja;Centros de salud;Publicos
0816000402;CENTRO DE SALUD DE VILLARES DEL SAZ;1601559/1601559;Castilla - La Mancha;Cuenca;Villares del Saz;Centros de salud;Publicos
0734000938;CENTRO DE SALUD DE VILLARRAMIEL;34-C231-0017;Castilla y León;Palencia;Villarramiel;Centros de salud;Publicos
0802000116;CENTRO DE SALUD DE VILLARROBLEDO;AB01661/00001035;Castilla - La Mancha;Albacete;Villarrobledo;Centros de salud;Publicos
0813001184;CENTRO DE SALUD DE VILLARRUBIA DE LOS OJOS;1306837/1307972;Castilla - La Mancha;Ciudad Real;Villarrubia de los Ojos;Centros de salud;Publicos
0813001442;CENTRO DE SALUD DE VILLARTA DE SAN JUAN;1307416/1310046;Castilla - La Mancha;Ciudad Real;Villarta de San Juan;Centros de salud;Publicos
1531001951;CENTRO DE SALUD DE VILLATUERTA;C00625;Navarra, Comunidad Foral de;Navarra;Villatuerta;Centros de salud;Publicos
1531001924;CENTRO DE SALUD DE VILLAVA;C00592;Navarra, Comunidad Foral de;Navarra;Villava/Atarrabia;Centros de salud;Publicos
0333004948;CENTRO DE SALUD DE VILLAVICIOSA;5634;Asturias, Principado de;Asturias;Villaviciosa;Centros de salud;Publicos
1003000728;CENTRO DE SALUD DE VILLENA I;25;Comunitat Valenciana;Alicante/Alacant;Villena;Centros de salud;Publicos
1003000370;CENTRO DE SALUD DE VILLENA 2;10864;Comunitat Valenciana;Alicante/Alacant;Villena;Centros de salud;Publicos
0737002027;CENTRO DE SALUD DE VILLORIA;37-C231-0021;Castilla y León;Salamanca;Villoria;Centros de salud;Publicos
1012000253;CENTRO DE SALUD DE VINAROS;5176;Comunitat Valenciana;Castellón/Castelló;Vinaròs;Centros de salud;Publicos
0737002028;CENTRO DE SALUD DE VITIGUDINO;37-C231-0022;Castilla y León;Salamanca;Vitigudino;Centros de salud;Publicos
1012000013;CENTRO DE SALUD DE VIVER;10106;Comunitat Valenciana;Castellón/Castelló;Viver;Centros de salud;Publicos
1046000497;CENTRO DE SALUD DE XATIVA;4732;Comunitat Valenciana;Valencia/València;Xàtiva;Centros de salud;Publicos
0845000750;CENTRO DE SALUD DE YEPES;4501758/4501758;Castilla - La Mancha;Toledo;Yepes;Centros de salud;Publicos
0802000453;CENTRO DE SALUD DE YESTE;0201666/0201666;Castilla - La Mancha;Albacete;Yeste;Centros de salud;Publicos
0819000175;CENTRO DE SALUD DE YUNQUERA DE HENARES;1901717/1901717;Castilla - La Mancha;Guadalajara;Yunquera de Henares;Centros de salud;Publicos
1601000625;CENTRO DE SALUD DE ZABALGANA;01 C.2.3.1. 9061;País Vasco;Araba/Álava;Vitoria-Gasteiz;Centros de salud;Publicos
1648001015;CENTRO DE SALUD DE ZABALLA;48 C.2.4.1. 5746;País Vasco;Bizkaia;Barakaldo;Centros de salud;Publicos
1648006784;CENTRO DE SALUD DE ZALLA;48/015609;País Vasco;Bizkaia;Zalla;Centros de salud;Publicos
0749001162;CENTRO DE SALUD DE ZAMORA NORTE;49-C231-0001;Castilla y León;Zamora;Zamora;Centros de salud;Publicos
1648000882;CENTRO DE SALUD DE ZAMUDIO;48 C.2.3.1. 4623;País Vasco;Bizkaia;Zamudio;Centros de salud;Publicos
1601000190;CENTRO DE SALUD DE ZARAMAGA (OSAKIDETZA);01 C.2.3.1. 1240;País Vasco;Araba/Álava;Vitoria-Gasteiz;Centros de salud;Publicos
1620003047;CENTRO DE SALUD DE ZARAUTZ;20 C.2.3.1. 7384;País Vasco;Gipuzkoa;Zarautz;Centros de salud;Publicos
1531001903;CENTRO DE SALUD DE ZIZUR;C00571;Navarra, Comunidad Foral de;Navarra;Zizur Mayor/Zizur Nagusia;Centros de salud;Publicos
1648000902;CENTRO DE SALUD DE ZORROZA;48 C.2.3.1. 6708;País Vasco;Bizkaia;Bilbao;Centros de salud;Publicos
1648000896;CENTRO DE SALUD DE ZUAZO;48 C.2.3.1. 5710;País Vasco;Bizkaia;Barakaldo;Centros de salud;Publicos
1601001263;CENTRO DE SALUD DE ZUIA-MURGUIA;01 C.2.3.1. 13595;País Vasco;Araba/Álava;Zuia;Centros de salud;Publicos
1648000887;CENTRO DE SALUD DE ZURBARAN;48 C.2.3.1. 4907;País Vasco;Bizkaia;Bilbao;Centros de salud;Publicos
1620000438;CENTRO DE SALUD DEBA;20 C.2.3.1. 3425;País Vasco;Gipuzkoa;Deba;Centros de salud;Publicos
0742000758;CENTRO DE SALUD DEL BURGO DE OSMA;42-C231-0008;Castilla y León;Soria;Burgo de Osma-Ciudad de Osma;Centros de salud;Publicos
1648000885;CENTRO DE SALUD DEL CASCO VIEJO;48 C.2.3.1. 4822;País Vasco;Bizkaia;Bilbao;Centros de salud;Publicos
0333004943;CENTRO DE SALUD DEL NARANCO;5636;Asturias, Principado de;Asturias;Oviedo;Centros de salud;Publicos
1046000301;CENTRO DE SALUD DEL PUERTO DE SAGUNTO;1182;Comunitat Valenciana;Valencia/València;Sagunt/Sagunto;Centros de salud;Publicos
1046000311;CENTRO DE SALUD DEL PUIG;1302;Comunitat Valenciana;Valencia/València;Puig de Santa Maria, el;Centros de salud;Publicos
0709001789;CENTRO DE SALUD DEL VALLE DE LOSA;09-C231-0016;Castilla y León;Burgos;Valle de Losa;Centros de salud;Publicos
0709001790;CENTRO DE SALUD DEL VALLE DE MENA;09-C231-0017;Castilla y León;Burgos;Valle de Mena;Centros de salud;Publicos
0747001933;CENTRO DE SALUD DELICIAS I;47-C231-0004;Castilla y León;Valladolid;Valladolid;Centros de salud;Publicos
0747001935;CENTRO DE SALUD DELICIAS II;47-C231-0006;Castilla y León;Valladolid;Valladolid;Centros de salud;Publicos
0250003464;CENTRO DE SALUD DELICIAS NORTE;5022684;Aragón;Zaragoza;Zaragoza;Centros de salud;Publicos
0250003447;CENTRO DE SALUD DELICIAS SUR;5022686;Aragón;Zaragoza;Zaragoza;Centros de salud;Publicos
1648004833;CENTRO DE SALUD DEUSTO;48 C.2.3.1. 7078;País Vasco;Bizkaia;Bilbao;Centros de salud;Publicos
0222001756;CENTRO DE SALUD DOCTOR FIDEL PAGES MIRAVE;2220979;Aragón;Huesca;Huesca;Centros de salud;Publicos
1003000954;CENTRO DE SALUD DOCTOR RICO JARA DE MONOVAR;4355;Comunitat Valenciana;Alicante/Alacant;Monòver/Monóvar;Centros de salud;Publicos
0141001196;CENTRO DE SALUD DOÑA MERCEDES DE DOS HERMANAS A-SERVICIO ANDALUIZ DE SALUD;20925;Andalucía;Sevilla;Dos Hermanas;Centros de salud;Publicos
0141001201;CENTRO DE SALUD DR. CORREA CHARRO DE GUILLENA-SERVICIO ANDALUZ DE SALUD;20938;Andalucía;Sevilla;Guillena;Centros de salud;Publicos
0111000494;CENTRO DE SALUD DR. FEDERICO RUBIO - SERVICIO ANDALUZ DE SALUD;21030;Andalucía;Cádiz;Puerto de Santa María, El;Centros de salud;Publicos
0111000498;CENTRO DE SALUD DR. JOAQUIN PECE;21048;Andalucía;Cádiz;San Fernando;Centros de salud;Publicos
0141003196;CENTRO DE SALUD DR. PEDRO VALLINA DE PUERTA ESTE-SERVICIO ANDALUZ DE SALUD;35686;Andalucía;Sevilla;Sevilla;Centros de salud;Publicos
0141003200;CENTRO DE SALUD DRA. INMACULADA VIERA DE LAS LETANIAS-SERVICIO ANDALUZ DE SALUD;35691;Andalucía;Sevilla;Sevilla;Centros de salud;Publicos
0819000935;CENTRO DE SALUD EL CASAR;1906475/1902507;Castilla - La Mancha;Guadalajara;Casar, El;Centros de salud;Publicos
0129005354;CENTRO DE SALUD EL CONSUL;30927;Andalucía;Málaga;Málaga;Centros de salud;Publicos
0724002210;CENTRO DE SALUD EL CRUCERO;24-C231-0007;Castilla y León;León;León;Centros de salud;Publicos
0724004728;CENTRO DE SALUD EL EJIDO;24-C231-0593;Castilla y León;León;León;Centros de salud;Publicos
0141004442;CENTRO DE SALUD EL GRECO-SERVICIO ANDALUZ DE SALUD;35880;Andalucía;Sevilla;Sevilla;Centros de salud;Publicos
0333002840;CENTRO DE SALUD EL LLANO;973;Asturias, Principado de;Asturias;Gijón;Centros de salud;Publicos
0333004955;CENTRO DE SALUD EL PARQUE-SOMIO;5661;Asturias, Principado de;Asturias;Gijón;Centros de salud;Publicos
0333004498;CENTRO DE SALUD EL QUIRINAL;5436;Asturias, Principado de;Asturias;Avilés;Centros de salud;Publicos
0141001187;CENTRO DE SALUD EL VISO DEL ALCOR-SERVICIO ANDALUZ DE SALUD;20834;Andalucía;Sevilla;Viso del Alcor, El;Centros de salud;Publicos
1003000260;CENTRO DE SALUD ELCHE DR. SAPENA;10028;Comunitat Valenciana;Alicante/Alacant;Elx/Elche;Centros de salud;Publicos
1003004839;CENTRO DE SALUD ELDA -ACACIAS-;14024;Comunitat Valenciana;Alicante/Alacant;Elda;Centros de salud;Publicos
0734000923;CENTRO DE SALUD ERAS DEL BOSQUE;34-C231-0002;Castilla y León;Palencia;Palencia;Centros de salud;Publicos
0141003160;CENTRO DE SALUD ESPERANZA MACARENA-SERVICIO ANDALUZ DE SALUD;35549;Andalucía;Sevilla;Sevilla;Centros de salud;Publicos
0250001591;CENTRO DE SALUD FERNANDO EL CATOLICO;5022689;Aragón;Zaragoza;Zaragoza;Centros de salud;Publicos
0250003456;CENTRO DE SALUD FUENTES DE EBRO;5022905;Aragón;Zaragoza;Fuentes de Ebro;Centros de salud;Publicos
0250003460;CENTRO DE SALUD GALLUR;5022882;Aragón;Zaragoza;Gallur;Centros de salud;Publicos
0747001947;CENTRO DE SALUD GAMAZO;47-C231-0018;Castilla y León;Valladolid;Valladolid;Centros de salud;Publicos
0709001781;CENTRO DE SALUD GAMONAL LAS TORRES;09-C231-0008;Castilla y León;Burgos;Burgos;Centros de salud;Publicos
0709001780;CENTRO DE SALUD GAMONAL-ANTIGUA;09-C231-0007;Castilla y León;Burgos;Burgos;Centros de salud;Publicos
0709003738;CENTRO DE SALUD GARCIA LORCA;09-C231-0047;Castilla y León;Burgos;Burgos;Centros de salud;Publicos
0737002034;CENTRO DE SALUD GARRIDO NORTE SISINIO DE CASTRO;37-C231-0028;Castilla y León;Salamanca;Salamanca;Centros de salud;Publicos
0737002042;CENTRO DE SALUD GARRIDO-SUR (LA ALAMEDILLA);37-C231-0036;Castilla y León;Salamanca;Salamanca;Centros de salud;Publicos
1648000878;CENTRO DE SALUD GAZTELEKU;48 C.2.3.1. 4288;País Vasco;Bizkaia;Bilbao;Centros de salud;Publicos
1726000524;CENTRO DE SALUD GONZALO DE BERCEO;1581170231001;Rioja, La;Rioja, La;Logroño;Centros de salud;Publicos
0222000829;CENTRO DE SALUD GRAUS;2220871;Aragón;Huesca;Graus;Centros de salud;Publicos
1601000189;CENTRO DE SALUD HABANA (OSAKIDETZA);01 C.2.3.1. 1239;País Vasco;Araba/Álava;Vitoria-Gasteiz;Centros de salud;Publicos
0802000909;CENTRO DE SALUD HELLIN-1- PUNTO DE ATENCION CONTINUADA;0206690/0206873;Castilla - La Mancha;Albacete;Hellín;Centros de salud;Publicos
0802000831;CENTRO DE SALUD HELLIN-2;0206469/0206169;Castilla - La Mancha;Albacete;Hellín;Centros de salud;Publicos
0250003457;CENTRO DE SALUD HERRERA DE LOS NAVARROS;5022901;Aragón;Zaragoza;Herrera de los Navarros;Centros de salud;Publicos
1106000172;CENTRO DE SALUD HERRERA DEL DUQUE;06000213;Extremadura;Badajoz;Herrera del Duque;Centros de salud;Publicos
0244000493;CENTRO DE SALUD HIJAR;4420519;Aragón;Teruel;Híjar;Centros de salud;Publicos
0747001948;CENTRO DE SALUD HUERTA DEL REY;47-C231-0019;Castilla y León;Valladolid;Valladolid;Centros de salud;Publicos
0222000459;CENTRO DE SALUD HUESCA RURAL;2220626;Aragón;Huesca;Huesca;Centros de salud;Publicos
1851000016;CENTRO DE SALUD I;C.2.3.1/003;Ceuta;Ceuta;Ceuta;Centros de salud;Publicos
0709001803;CENTRO DE SALUD IGNACIO LOPEZ SAIZ;09-C231-0030;Castilla y León;Burgos;Burgos;Centros de salud;Publicos
1531001930;CENTRO DE SALUD II ENSANCHE;C00600;Navarra, Comunidad Foral de;Navarra;Pamplona/Iruña;Centros de salud;Publicos
1851000151;CENTRO DE SALUD III;C.2.3.1/002;Ceuta;Ceuta;Ceuta;Centros de salud;Publicos
1046001903;CENTRO DE SALUD INTEGRADO DE MONCADA;4301;Comunitat Valenciana;Valencia/València;Moncada;Centros de salud;Publicos
1620000461;CENTRO DE SALUD INTXAURRONDO;20 C.2.3.1. 3759;País Vasco;Gipuzkoa;Donostia/San Sebastián;Centros de salud;Publicos
1648005414;CENTRO DE SALUD IRALA;48 C.2.3.1. 13453;País Vasco;Bizkaia;Bilbao;Centros de salud;Publicos
1648000904;CENTRO DE SALUD JAVIER SAENZ DE BURUAGA;48 C.2.3.1. 6710;País Vasco;Bizkaia;Bilbao;Centros de salud;Publicos
0111000481;CENTRO DE SALUD JEREZ DELICIAS;20949;Andalucía;Cádiz;Jerez de la Frontera;Centros de salud;Publicos
1430001068;CENTRO DE SALUD JESUS MARIN LOPEZ (BARRIO SAN ROQUE);21000008;Murcia, Región de;Murcia;Molina de Segura;Centros de salud;Publicos
1726000525;CENTRO DE SALUD JOAQUIN ELIZALDE;1582140231001;Rioja, La;Rioja, La;Logroño;Centros de salud;Publicos
0724002236;CENTRO DE SALUD JOSE AGUADO II (LEON VI);24-C231-0033;Castilla y León;León;León;Centros de salud;Publicos
0709001812;CENTRO DE SALUD JOSE LUIS SANTAMARIA;09-C231-0039;Castilla y León;Burgos;Burgos;Centros de salud;Publicos
0250000800;CENTRO DE SALUD JOSE RAMON MUÑOZ FERNANDEZ- SAGASTA MIRAFLORES- SAGASTA RUISEÑORES;5021108;Aragón;Zaragoza;Zaragoza;Centros de salud;Publicos
0123003411;CENTRO DE SALUD LA ALAMEDA;66961;Andalucía;Jaén;Jaén;Centros de salud;Publicos
0737002029;CENTRO DE SALUD LA ALAMEDILLA;37-C231-0023;Castilla y León;Salamanca;Salamanca;Centros de salud;Publicos
0250004518;CENTRO DE SALUD LA ALMOZARA;5024390;Aragón;Zaragoza;Zaragoza;Centros de salud;Publicos
0111000478;CENTRO DE SALUD LA ATALAYA - CONIL DE LA FRONTERA;20914;Andalucía;Cádiz;Conil de la Frontera;Centros de salud;Publicos
0724002211;CENTRO DE SALUD LA BAÑEZA I;24-C231-0008;Castilla y León;León;Bañeza, La;Centros de salud;Publicos
0724002212;CENTRO DE SALUD LA BAÑEZA II;24-C231-0009;Castilla y León;León;Bañeza, La;Centros de salud;Publicos
0111000482;CENTRO DE SALUD LA BARCA - JEREZ;20950;Andalucía;Cádiz;Jerez de la Frontera;Centros de salud;Publicos
0333005012;CENTRO DE SALUD LA CALZADA I;5707;Asturias, Principado de;Asturias;Gijón;Centros de salud;Publicos
0333004681;CENTRO DE SALUD LA CALZADA II;5573;Asturias, Principado de;Asturias;Gijón;Centros de salud;Publicos
0724002237;CENTRO DE SALUD LA CONDESA HERMANOS LARRUCEA;24-C231-0034;Castilla y León;León;León;Centros de salud;Publicos
0333004490;CENTRO DE SALUD LA CORREDORIA;5438;Asturias, Principado de;Asturias;Oviedo;Centros de salud;Publicos
0333005119;CENTRO DE SALUD LA ERIA DE BUENAVISTA;5810;Asturias, Principado de;Asturias;Oviedo;Centros de salud;Publicos
0333004491;CENTRO DE SALUD LA FRESNEDA;5440;Asturias, Principado de;Asturias;Siero;Centros de salud;Publicos
0749001181;CENTRO DE SALUD LA GUAREÑA;49-C231-0020;Castilla y León;Zamora;Fuentesaúco;Centros de salud;Publicos
0250001113;CENTRO DE SALUD LA JOTA;5021893;Aragón;Zaragoza;Zaragoza;Centros de salud;Publicos
0111000471;CENTRO DE SALUD LA LAGUNA;20881;Andalucía;Cádiz;Cádiz;Centros de salud;Publicos
0333004473;CENTRO DE SALUD LA LILA;5425;Asturias, Principado de;Asturias;Oviedo;Centros de salud;Publicos
0111000489;CENTRO DE SALUD LA LINEA CENTRO- LA VELADA;20968;Andalucía;Cádiz;Línea de la Concepción, La;Centros de salud;Publicos
0141001203;CENTRO DE SALUD LA LUISIANA-SERVICIO ANDALUZ DE SALUD;20971;Andalucía;Sevilla;Luisiana, La;Centros de salud;Publicos
0333004493;CENTRO DE SALUD LA MAGDALENA;5435;Asturias, Principado de;Asturias;Avilés;Centros de salud;Publicos
0724002208;CENTRO DE SALUD LA MAGDALENA;24-C231-0005;Castilla y León;León;León;Centros de salud;Publicos
1648000876;CENTRO DE SALUD LA MERCED;48 C.2.3.1. 3864;País Vasco;Bizkaia;Bilbao;Centros de salud;Publicos
0121000292;CENTRO DE SALUD LA ORDEN - ZONA BASICA DE SALUD;20997;Andalucía;Huelva;Huelva;Centros de salud;Publicos
0724002241;CENTRO DE SALUD LA PALOMERA;24-C231-0038;Castilla y León;León;León;Centros de salud;Publicos
1648000897;CENTRO DE SALUD LA PAZ;48 C.2.3.1. 5720;País Vasco;Bizkaia;Barakaldo;Centros de salud;Publicos
0141003197;CENTRO DE SALUD LA PLATA-SERVICIO ANDALUZ DE SALUD;35687;Andalucía;Sevilla;Sevilla;Centros de salud;Publicos
0141001214;CENTRO DE SALUD LA PUEBLA DE CAZALLA-SERVICIO ANDALUZ DE DE SALUD;21026;Andalucía;Sevilla;Puebla de Cazalla, La;Centros de salud;Publicos
0111000485;CENTRO DE SALUD LA SERRANA;20953;Andalucía;Cádiz;Jerez de la Frontera;Centros de salud;Publicos
0538004115;CENTRO DE SALUD LA UNIVERSIDAD;7662;Canarias;Santa Cruz de Tenerife;San Cristóbal de La Laguna;Centros de salud;Publicos
0747001972;CENTRO DE SALUD LA VICTORIA;47-C231-0043;Castilla y León;Valladolid;Valladolid;Centros de salud;Publicos
1726001521;CENTRO DE SALUD LA VILLANUEVA;2345130231001;Rioja, La;Rioja, La;Logroño;Centros de salud;Publicos
1106000205;CENTRO DE SALUD LA ZARZA;06000247;Extremadura;Badajoz;Zarza, La;Centros de salud;Publicos
0222000460;CENTRO DE SALUD LAFORTUNADA;2220627;Aragón;Huesca;Tella-Sin;Centros de salud;Publicos
1648000901;CENTRO DE SALUD LAS CARRERAS;48 C.2.3.1. 6100;País Vasco;Bizkaia;Abanto y Ciérvana-Abanto Zierbena;Centros de salud;Publicos
0250001376;CENTRO DE SALUD LAS FUENTES NORTE;5022445;Aragón;Zaragoza;Zaragoza;Centros de salud;Publicos
0709001814;CENTRO DE SALUD LAS HUELGAS;09-C231-0041;Castilla y León;Burgos;Burgos;Centros de salud;Publicos
0333004425;CENTRO DE SALUD LAS VEGAS;5361;Asturias, Principado de;Asturias;Corvera de Asturias;Centros de salud;Publicos
0333004519;CENTRO DE SALUD LLANO PONTE;5410;Asturias, Principado de;Asturias;Avilés;Centros de salud;Publicos
0111000476;CENTRO DE SALUD LORETO-PUNTALES;20886;Andalucía;Cádiz;Cádiz;Centros de salud;Publicos
0141004433;CENTRO DE SALUD LOS BERMEJALES-SERVICIO ANDALUZ DE SALUD;30528;Andalucía;Sevilla;Sevilla;Centros de salud;Publicos
0709001805;CENTRO DE SALUD LOS COMUNEROS;09-C231-0032;Castilla y León;Burgos;Burgos;Centros de salud;Publicos
0709001807;CENTRO DE SALUD LOS CUBOS;09-C231-0034;Castilla y León;Burgos;Burgos;Centros de salud;Publicos
0734000940;CENTRO DE SALUD LOS JARDINILLOS;34-C231-0019;Castilla y León;Palencia;Palencia;Centros de salud;Publicos
1106002929;CENTRO DE SALUD LOS SANTOS DE MAIMONA;06106051;Extremadura;Badajoz;Santos de Maimona, Los;Centros de salud;Publicos
0114001411;CENTRO DE SALUD LUCANO;28924;Andalucía;Córdoba;Córdoba;Centros de salud;Publicos
1046000186;CENTRO DE SALUD LUIS OLIAG-MONTEOLIVETE;10459;Comunitat Valenciana;Valencia/València;València;Centros de salud;Publicos
0111000484;CENTRO DE SALUD MADRE DE DIOS;20952;Andalucía;Cádiz;Jerez de la Frontera;Centros de salud;Publicos
0250003470;CENTRO DE SALUD MAELLA;5024167;Aragón;Zaragoza;Maella;Centros de salud;Publicos
0747004355;CENTRO DE SALUD MAGDALENA;47-C231-0047;Castilla y León;Valladolid;Valladolid;Centros de salud;Publicos
1046000580;CENTRO DE SALUD MALILLA-VALENCIA;714;Comunitat Valenciana;Valencia/València;València;Centros de salud;Publicos
1648000898;CENTRO DE SALUD MARKONZAGA;48 C.2.3.1. 5726;País Vasco;Bizkaia;Sestao;Centros de salud;Publicos
0244000010;CENTRO DE SALUD MAS DE LAS MATAS;4420055;Aragón;Teruel;Mas de las Matas;Centros de salud;Publicos
0747004383;CENTRO DE SALUD MEDINA DE RIOSECO- CIRCULO DE RECREO;47-C231-0048;Castilla y León;Valladolid;Medina de Rioseco;Centros de salud;Publicos
0111000474;CENTRO DE SALUD MENTIDERO;20884;Andalucía;Cádiz;Cádiz;Centros de salud;Publicos
0250003466;CENTRO DE SALUD MEQUINENZA;5022902;Aragón;Zaragoza;Mequinenza;Centros de salud;Publicos
0141002967;CENTRO DE SALUD MERCEDES NAVARRO DE ALCOSA-SERVICIO ANDALUZ DE SALUD;34272;Andalucía;Sevilla;Sevilla;Centros de salud;Publicos
0333004659;CENTRO DE SALUD MIERES SUR;5563;Asturias, Principado de;Asturias;Mieres;Centros de salud;Publicos
1648000911;CENTRO DE SALUD MINA DEL MORRO;48 C.2.3.1. 7748;País Vasco;Bizkaia;Bilbao;Centros de salud;Publicos
0709001808;CENTRO DE SALUD MIRANDA ESTE;09-C231-0035;Castilla y León;Burgos;Miranda de Ebro;Centros de salud;Publicos
0709001801;CENTRO DE SALUD MIRANDA OESTE;09-C231-0028;Castilla y León;Burgos;Miranda de Ebro;Centros de salud;Publicos
1648003948;CENTRO DE SALUD MIRIBILLA;48 C.2.3.1. 11166;País Vasco;Bizkaia;Bilbao;Centros de salud;Publicos
0121000291;CENTRO DE SALUD MOLINO DE LA VEGA;20981;Andalucía;Huelva;Huelva;Centros de salud;Publicos
0244000173;CENTRO DE SALUD MONREAL DEL CAMPO;4420332;Aragón;Teruel;Monreal del Campo;Centros de salud;Publicos
0250003453;CENTRO DE SALUD MORATA DE JALON;5022884;Aragón;Zaragoza;Morata de Jalón;Centros de salud;Publicos
0333002786;CENTRO DE SALUD MOREDA;908;Asturias, Principado de;Asturias;Aller;Centros de salud;Publicos
0244000863;CENTRO DE SALUD MOSQUERUELA;4420610;Aragón;Teruel;Mosqueruela;Centros de salud;Publicos
0244000505;CENTRO DE SALUD MUNIESA;4420521;Aragón;Teruel;Muniesa;Centros de salud;Publicos
1106000184;CENTRO DE SALUD NAVALVILLAR DE PELA;06000225;Extremadura;Badajoz;Navalvillar de Pela;Centros de salud;Publicos
0104001660;CENTRO DE SALUD NICOLAS SALMERON DEL DISTRITO DE ATENCION PRIMARIA ALMERIA;36674;Andalucía;Almería;Almería;Centros de salud;Publicos
1601000194;CENTRO DE SALUD OLARIZU (OSAKIDETZA);01 C.2.3.1. 4456;País Vasco;Araba/Álava;Vitoria-Gasteiz;Centros de salud;Publicos
1106000186;CENTRO DE SALUD OLIVENZA;06000228;Extremadura;Badajoz;Olivenza;Centros de salud;Publicos
0250001588;CENTRO DE SALUD OLIVER;5022685;Aragón;Zaragoza;Zaragoza;Centros de salud;Publicos
0111000473;CENTRO DE SALUD OLIVILLO;20883;Andalucía;Cádiz;Cádiz;Centros de salud;Publicos
1620000462;CENTRO DE SALUD ONDARRETA;20 C.2.3.1. 3760;País Vasco;Gipuzkoa;Donostia/San Sebastián;Centros de salud;Publicos
1046000363;CENTRO DE SALUD ONTINYENT III;2237;Comunitat Valenciana;Valencia/València;Ontinyent;Centros de salud;Publicos
1620000442;CENTRO DE SALUD ORDIZIA;20 C.2.3.1. 3484;País Vasco;Gipuzkoa;Ordizia;Centros de salud;Publicos
1106000187;CENTRO DE SALUD ORELLANA LA VIEJA;06000229;Extremadura;Badajoz;Orellana la Vieja;Centros de salud;Publicos
1106002881;CENTRO DE SALUD ORELLANA LA VIEJA;06105988;Extremadura;Badajoz;Orellana la Vieja;Centros de salud;Publicos
1003002220;CENTRO DE SALUD ORIHUELA ALVAREZ DE LA RIVA;9845;Comunitat Valenciana;Alicante/Alacant;Orihuela;Centros de salud;Publicos
0734000922;CENTRO DE SALUD PALENCIA RURAL;34-C231-0001;Castilla y León;Palencia;Palencia;Centros de salud;Publicos
0749002308;CENTRO DE SALUD PARADA DEL MOLINO;49-C231-0031;Castilla y León;Zamora;Zamora;Centros de salud;Publicos
0747001965;CENTRO DE SALUD PARQUE ALAMEDA - COVARESA;47-C231-0036;Castilla y León;Valladolid;Valladolid;Centros de salud;Publicos
0250001925;CENTRO DE SALUD PARQUE GOYA;5023154;Aragón;Zaragoza;Zaragoza;Centros de salud;Publicos
0250000894;CENTRO DE SALUD PARQUE ROMA;5021465;Aragón;Zaragoza;Zaragoza;Centros de salud;Publicos
0747001968;CENTRO DE SALUD PARQUESOL;47-C231-0039;Castilla y León;Valladolid;Valladolid;Centros de salud;Publicos
0333004501;CENTRO DE SALUD PAULINO PRIETO;5453;Asturias, Principado de;Asturias;Oviedo;Centros de salud;Publicos
0737002039;CENTRO DE SALUD PERIURBANA NORTE;37-C231-0033;Castilla y León;Salamanca;Villares de la Reina;Centros de salud;Publicos
0737002041;CENTRO DE SALUD PERIURBANA SUR ELENA GINEL DIEZ;37-C231-0035;Castilla y León;Salamanca;Salamanca;Centros de salud;Publicos
0250000857;CENTRO DE SALUD PICARRAL (CEN SALUD ZALFONADA-BALSAS EBRO VIEJO;5021302;Aragón;Zaragoza;Zaragoza;Centros de salud;Publicos
0747001969;CENTRO DE SALUD PILARICA;47-C231-0040;Castilla y León;Valladolid;Valladolid;Centros de salud;Publicos
0742000766;CENTRO DE SALUD PINARES-COVALEDA;42-C231-0016;Castilla y León;Soria;Covaleda;Centros de salud;Publicos
0141003117;CENTRO DE SALUD PINO MONTANO B-SERVICIO ANDALUZ DE SALUD;35344;Andalucía;Sevilla;Sevilla;Centros de salud;Publicos
0734000924;CENTRO DE SALUD PINTOR OLIVA;34-C231-0003;Castilla y León;Palencia;Palencia;Centros de salud;Publicos
0222000332;CENTRO DE SALUD PIRINEOS Y GERENCIADE ATENCION PRIMARIA;2220522;Aragón;Huesca;Huesca;Centros de salud;Publicos
0747001971;CENTRO DE SALUD PISUERGA;47-C231-0042;Castilla y León;Valladolid;Arroyo de la Encomienda;Centros de salud;Publicos
0747001937;CENTRO DE SALUD PLAZA CIRCULAR;47-C231-0008;Castilla y León;Valladolid;Valladolid;Centros de salud;Publicos
0747001950;CENTRO DE SALUD PLAZA DEL EJERCITO;47-C231-0021;Castilla y León;Valladolid;Valladolid;Centros de salud;Publicos
0250000097;CENTRO DE SALUD PLAZA REBOLERIA;5020137;Aragón;Zaragoza;Zaragoza;Centros de salud;Publicos
0333005335;CENTRO DE SALUD POLA DE LENA;6012;Asturias, Principado de;Asturias;Lena;Centros de salud;Publicos
0141003247;CENTRO DE SALUD POLIGONO NORTE-SERVICIO ANDALUZ DE SALUD;35935;Andalucía;Sevilla;Sevilla;Centros de salud;Publicos
0141003185;CENTRO DE SALUD POLIGONO SUR-SERVICIO ANDALUZ DE SALUD;35634;Andalucía;Sevilla;Sevilla;Centros de salud;Publicos
0333004497;CENTRO DE SALUD POSADA DE LLANERA;5450;Asturias, Principado de;Asturias;Llanera;Centros de salud;Publicos
0141001218;CENTRO DE SALUD PRINCIPE DE ASTURIAS (UTRERA NORTE)-SERVICO ANDALUZ DE SALUD;21079;Andalucía;Sevilla;Utrera;Centros de salud;Publicos
0816001371;CENTRO DE SALUD PROVISIONAL DE CARDENETE;1607555/1613285;Castilla - La Mancha;Cuenca;Cardenete;Centros de salud;Publicos
0333005025;CENTRO DE SALUD PUERTA DE LA VILLA;5706;Asturias, Principado de;Asturias;Gijón;Centros de salud;Publicos
0250003350;CENTRO DE SALUD PUERTA DEL CARMEN;5023942;Aragón;Zaragoza;Zaragoza;Centros de salud;Publicos
0749001180;CENTRO DE SALUD PUERTA NUEVA;49-C231-0019;Castilla y León;Zamora;Zamora;Centros de salud;Publicos
1046003346;CENTRO DE SALUD PUERTO DE SAGUNTO II;9874;Comunitat Valenciana;Valencia/València;Sagunt/Sagunto;Centros de salud;Publicos
0111000495;CENTRO DE SALUD PUERTO SANTA MARIA-NORTE PINILLO CHICO;21031;Andalucía;Cádiz;Puerto de Santa María, El;Centros de salud;Publicos
0111000496;CENTRO DE SALUD PUERTO SUR - SERVICIO ANDALUZ DE SALUD;21032;Andalucía;Cádiz;Puerto de Santa María, El;Centros de salud;Publicos
0813001576;CENTRO DE SALUD PUERTOLLANO-4;1307608/1311264;Castilla - La Mancha;Ciudad Real;Puertollano;Centros de salud;Publicos
0222002024;CENTRO DE SALUD RAMON Y CAJAL;2221458;Aragón;Huesca;Huesca;Centros de salud;Publicos
1003007724;CENTRO DE SALUD RINCON DE LOIX;43700;Comunitat Valenciana;Alicante/Alacant;Benidorm;Centros de salud;Publicos
0111000499;CENTRO DE SALUD RODRIGUEZ ARIAS - SERVICIO ANDALUZ DE SALUD;21049;Andalucía;Cádiz;San Fernando;Centros de salud;Publicos
0747001938;CENTRO DE SALUD RONDILLA I;47-C231-0009;Castilla y León;Valladolid;Valladolid;Centros de salud;Publicos
0747001939;CENTRO DE SALUD RONDILLA II;47-C231-0010;Castilla y León;Valladolid;Valladolid;Centros de salud;Publicos
1648002470;CENTRO DE SALUD RONTEGI;48 C.2.3.1. 8471;País Vasco;Bizkaia;Barakaldo;Centros de salud;Publicos
0250003452;CENTRO DE SALUD SABIÑAN;5022887;Aragón;Zaragoza;Sabiñán;Centros de salud;Publicos
0250003448;CENTRO DE SALUD SADABA;5022863;Aragón;Zaragoza;Sádaba;Centros de salud;Publicos
1110000267;CENTRO DE SALUD SALORINO;10000546;Extremadura;Cáceres;Salorino;Centros de salud;Publicos
0709001806;CENTRO DE SALUD SAN AGUSTIN;09-C231-0033;Castilla y León;Burgos;Burgos;Centros de salud;Publicos
0111000486;CENTRO DE SALUD SAN BENITO;20954;Andalucía;Cádiz;Jerez de la Frontera;Centros de salud;Publicos
0737002031;CENTRO DE SALUD SAN BERNARDO MIGUEL ARMIJO MORENO;37-C231-0025;Castilla y León;Salamanca;Salamanca;Centros de salud;Publicos
0141001205;CENTRO DE SALUD SAN FRANCISCO DE MORON DE LA FRONTERA-SERVICIO ANDALUZ DE SALUD;20986;Andalucía;Sevilla;Morón de la Frontera;Centros de salud;Publicos
0740000959;CENTRO DE SALUD SAN ILDEFONSO;40-C231-0003;Castilla y León;Segovia;Real Sitio de San Ildefonso;Centros de salud;Publicos
0250000101;CENTRO DE SALUD SAN JOSE NORTE Y CENTRO;5020154;Aragón;Zaragoza;Zaragoza;Centros de salud;Publicos
0737002033;CENTRO DE SALUD SAN JUAN;37-C231-0027;Castilla y León;Salamanca;Salamanca;Centros de salud;Publicos
1003000299;CENTRO DE SALUD SAN LUIS TORREVIEJA;10143;Comunitat Valenciana;Alicante/Alacant;Torrevieja;Centros de salud;Publicos
0747001940;CENTRO DE SALUD SAN PABLO;47-C231-0011;Castilla y León;Valladolid;Valladolid;Centros de salud;Publicos
0250000896;CENTRO DE SALUD SAN PABLO;5021470;Aragón;Zaragoza;Zaragoza;Centros de salud;Publicos
1648000895;CENTRO DE SALUD SAN VICENTE;48 C.2.3.1. 5709;País Vasco;Bizkaia;Barakaldo;Centros de salud;Publicos
1106000195;CENTRO DE SALUD SAN VICENTE DE ALCANTARA;06000237;Extremadura;Badajoz;San Vicente de Alcántara;Centros de salud;Publicos
0749001171;CENTRO DE SALUD SANABRIA;49-C231-0010;Castilla y León;Zamora;Puebla de Sanabria;Centros de salud;Publicos
0737002025;CENTRO DE SALUD SANCTI SPIRITUS - CANALEJAS (FILIBERTO VILLALOBOS);37-C231-0019;Castilla y León;Salamanca;Salamanca;Centros de salud;Publicos
0709001811;CENTRO DE SALUD SANTA CLARA;09-C231-0038;Castilla y León;Burgos;Burgos;Centros de salud;Publicos
0749001184;CENTRO DE SALUD SANTA ELENA;49-C231-0023;Castilla y León;Zamora;Zamora;Centros de salud;Publicos
0244000503;CENTRO DE SALUD SANTA EULALIA DEL CAMPO;4420522;Aragón;Teruel;Santa Eulalia;Centros de salud;Publicos
0250001587;CENTRO DE SALUD SANTA ISABEL;5022683;Aragón;Zaragoza;Zaragoza;Centros de salud;Publicos
1003000730;CENTRO DE SALUD SANTISIMA FAZ-AYUNTAMIENTO;2561;Comunitat Valenciana;Alicante/Alacant;Alacant/Alicante;Centros de salud;Publicos
1648003487;CENTRO DE SALUD SANTUTXU-KARMELO;48 C.2.3.1. 11088;País Vasco;Bizkaia;Bilbao;Centros de salud;Publicos
1648000907;CENTRO DE SALUD SANTUTXU-SOLOKOETXE;48 C.2.3.1. 7404;País Vasco;Bizkaia;Bilbao;Centros de salud;Publicos
0244000501;CENTRO DE SALUD SARRION;4420327;Aragón;Teruel;Sarrión;Centros de salud;Publicos
0250003449;CENTRO DE SALUD SASTAGO;5022899;Aragón;Zaragoza;Sástago;Centros de salud;Publicos
0114000985;CENTRO DE SALUD SECTOR SUR;21986;Andalucía;Córdoba;Córdoba;Centros de salud;Publicos
0740000972;CENTRO DE SALUD SEGOVIA I;40-C231-0016;Castilla y León;Segovia;Segovia;Centros de salud;Publicos
0740000971;CENTRO DE SALUD SEGOVIA II;40-C231-0015;Castilla y León;Segovia;Segovia;Centros de salud;Publicos
0740000973;CENTRO DE SALUD SEGOVIA III;40-C231-0017;Castilla y León;Segovia;Segovia;Centros de salud;Publicos
0740001994;CENTRO DE SALUD SEGOVIA IV;40-C231-0019;Castilla y León;Segovia;Segovia;Centros de salud;Publicos
0740000968;CENTRO DE SALUD SEGOVIA RURAL;40-C231-0012;Castilla y León;Segovia;Segovia;Centros de salud;Publicos
0250001383;CENTRO DE SALUD SEMINARIO;5022454;Aragón;Zaragoza;Zaragoza;Centros de salud;Publicos
0333005058;CENTRO DE SALUD SEVERO OCHOA;5747;Asturias, Principado de;Asturias;Gijón;Centros de salud;Publicos
1726000527;CENTRO DE SALUD SIETE INFANTES DE LARA;1584180231001;Rioja, La;Rioja, La;Logroño;Centros de salud;Publicos
0742000755;CENTRO DE SALUD SORIA NORTE;42-C231-0005;Castilla y León;Soria;Soria;Centros de salud;Publicos
0742000757;CENTRO DE SALUD SORIA RURAL;42-C231-0007;Castilla y León;Soria;Soria;Centros de salud;Publicos
0742000765;CENTRO DE SALUD SORIA SUR (LA MILAGROSA);42-C231-0015;Castilla y León;Soria;Soria;Centros de salud;Publicos
0250003469;CENTRO DE SALUD SOS DEL REY CATOLICO;5022900;Aragón;Zaragoza;Sos del Rey Católico;Centros de salud;Publicos
1106001106;CENTRO DE SALUD SUERTE SAAVEDRA;06100564;Extremadura;Badajoz;Badajoz;Centros de salud;Publicos
0222000827;CENTRO DE SALUD TAMARITE DE LITERA;2220872;Aragón;Huesca;Tamarite de Litera;Centros de salud;Publicos
0250001585;CENTRO DE SALUD TARAZONA;5022677;Aragón;Zaragoza;Tarazona;Centros de salud;Publicos
0250003455;CENTRO DE SALUD TAUSTE;5022889;Aragón;Zaragoza;Tauste;Centros de salud;Publicos
0333004488;CENTRO DE SALUD TEATINOS;5439;Asturias, Principado de;Asturias;Oviedo;Centros de salud;Publicos
0737002035;CENTRO DE SALUD TEJARES ELENA GINEL DIEZ;37-C231-0029;Castilla y León;Salamanca;Salamanca;Centros de salud;Publicos
0244000496;CENTRO DE SALUD TERUEL CENTRO;4420153;Aragón;Teruel;Teruel;Centros de salud;Publicos
0244000193;CENTRO DE SALUD TERUEL ENSANCHE;4420353;Aragón;Teruel;Teruel;Centros de salud;Publicos
0813002989;CENTRO DE SALUD TOMELLOSO-1 PUNTO DE ATENCION CONTINUADA;1309217/1317251;Castilla - La Mancha;Ciudad Real;Tomelloso;Centros de salud;Publicos
1110001946;CENTRO DE SALUD TORRE DE DON MIGUEL;10105711;Extremadura;Cáceres;Torre de Don Miguel;Centros de salud;Publicos
0250001590;CENTRO DE SALUD TORRE RAMONA;5022688;Aragón;Zaragoza;Zaragoza;Centros de salud;Publicos
1046000589;CENTRO DE SALUD TORRENT;750;Comunitat Valenciana;Valencia/València;Torrent;Centros de salud;Publicos
1046000626;CENTRO DE SALUD TORRENT II;8240;Comunitat Valenciana;Valencia/València;Torrent;Centros de salud;Publicos
1046011313;CENTRO DE SALUD TORRENT III;25315;Comunitat Valenciana;Valencia/València;Torrent;Centros de salud;Publicos
0250000125;CENTRO DE SALUD TORRERO ESTE - TORRERO LA PAZ;5020156;Aragón;Zaragoza;Zaragoza;Centros de salud;Publicos
0747001941;CENTRO DE SALUD TORTOLA;47-C231-0012;Castilla y León;Valladolid;Valladolid;Centros de salud;Publicos
1046010503;CENTRO DE SALUD TRES FORQUES;24289;Comunitat Valenciana;Valencia/València;València;Centros de salud;Publicos
1531001996;CENTRO DE SALUD TUDELA OESTE;C00696;Navarra, Comunidad Foral de;Navarra;Tudela;Centros de salud;Publicos
1601000199;CENTRO DE SALUD TXAGORRITXU (OSAKIDETZA);01 C.2.3.1. 6633;País Vasco;Araba/Álava;Vitoria-Gasteiz;Centros de salud;Publicos
1648002646;CENTRO DE SALUD TXURDINAGA;48 C.2.3.1. 4824;País Vasco;Bizkaia;Bilbao;Centros de salud;Publicos
0737002043;CENTRO DE SALUD UNIVERSIDAD-CENTRO FILIBERTO VILLALOBOS;37-C231-0037;Castilla y León;Salamanca;Salamanca;Centros de salud;Publicos
0250000129;CENTRO DE SALUD UNIVERSITAS;5020166;Aragón;Zaragoza;Zaragoza;Centros de salud;Publicos
1648002313;CENTRO DE SALUD URBI BASAURI (CENTRO PENITENCIARIO);48 C.3. 583;País Vasco;Bizkaia;Basauri;Centros de salud;Publicos
1620000448;CENTRO DE SALUD USURBIL;20 C.2.3.1. 3559;País Vasco;Gipuzkoa;Usurbil;Centros de salud;Publicos
0244000490;CENTRO DE SALUD UTRILLAS;4420326;Aragón;Teruel;Utrillas;Centros de salud;Publicos
0250000895;CENTRO DE SALUD VALDEFIERRO;5021468;Aragón;Zaragoza;Zaragoza;Centros de salud;Publicos
0244000504;CENTRO DE SALUD VALDERROBRES;4420523;Aragón;Teruel;Valderrobres;Centros de salud;Publicos
0250001937;CENTRO DE SALUD VALDESPARTERA;5023170;Aragón;Zaragoza;Zaragoza;Centros de salud;Publicos
1046000391;CENTRO DE SALUD VALENCIA - BENIMAMET;2787;Comunitat Valenciana;Valencia/València;València;Centros de salud;Publicos
1046000607;CENTRO DE SALUD VALENCIA  NOU CAMPANAR;7832;Comunitat Valenciana;Valencia/València;València;Centros de salud;Publicos
1046001548;CENTRO DE SALUD VALENCIA - NOU MOLES;2881;Comunitat Valenciana;Valencia/València;València;Centros de salud;Publicos
1046008417;CENTRO DE SALUD VALENCIA ALFAHUIR;18157;Comunitat Valenciana;Valencia/València;València;Centros de salud;Publicos
1046000599;CENTRO DE SALUD VALENCIA GUILLEM DE CASTRO;7718;Comunitat Valenciana;Valencia/València;València;Centros de salud;Publicos
1046002904;CENTRO DE SALUD VALENCIA SAN ISIDRO;8192;Comunitat Valenciana;Valencia/València;València;Centros de salud;Publicos
0747001957;CENTRO DE SALUD VALLADOLID RURAL I (RENEDO);47-C231-0028;Castilla y León;Valladolid;Renedo de Esgueva;Centros de salud;Publicos
0747001973;CENTRO DE SALUD VALLADOLID RURAL II (ZARATAN);47-C231-0044;Castilla y León;Valladolid;Zaratán;Centros de salud;Publicos
0333004496;CENTRO DE SALUD VALLOBIN - CONCINOS;5446;Asturias, Principado de;Asturias;Oviedo;Centros de salud;Publicos
1106002810;CENTRO DE SALUD VALVERDE DE LEGANES;06105945;Extremadura;Badajoz;Valverde de Leganés;Centros de salud;Publicos
0104002292;CENTRO DE SALUD VEGA DE ACA;45858;Andalucía;Almería;Almería;Centros de salud;Publicos
0749001176;CENTRO DE SALUD VIDRIALES;49-C231-0015;Castilla y León;Zamora;Santibáñez de Vidriales;Centros de salud;Publicos
1012000082;CENTRO DE SALUD VILA-REAL DOLORES CANO ROYO (EL PILAR);10526;Comunitat Valenciana;Castellón/Castelló;Vila-real;Centros de salud;Publicos
0333004475;CENTRO DE SALUD VILLALEGRE - LA LUZ;5432;Asturias, Principado de;Asturias;Avilés;Centros de salud;Publicos
0250003451;CENTRO DE SALUD VILLAMAYOR;5022544;Aragón;Zaragoza;Zaragoza;Centros de salud;Publicos
0250001728;CENTRO DE SALUD VILLARROYA DE LA SIERRA;5022888;Aragón;Zaragoza;Villarroya de la Sierra;Centros de salud;Publicos
0244000491;CENTRO DE SALUD VILLEL;4420524;Aragón;Teruel;Villel;Centros de salud;Publicos
0141001219;CENTRO DE SALUD VIRGEN DE CONSOLACION (UTRERA SUR)-SERVICIO ANDALUZ DE SALUD;21080;Andalucía;Sevilla;Utrera;Centros de salud;Publicos
0749001178;CENTRO DE SALUD VIRGEN DE LA CONCHA;49-C231-0017;Castilla y León;Zamora;Zamora;Centros de salud;Publicos
0141003129;CENTRO DE SALUD VIRGEN DE LOS REYES-SERVICIO ANDALUZ DE SALUD;35410;Andalucía;Sevilla;Sevilla;Centros de salud;Publicos
0141001199;CENTRO DE SALUD VIRGEN DEL VALLE DE ECIJA-SERVICIO ANDALUZ DE SALUD;20928;Andalucía;Sevilla;Écija;Centros de salud;Publicos
1648001016;CENTRO DE SALUD Y AMBULATORIO DE ZALLA;48 C.2.4.1. 5900;País Vasco;Bizkaia;Zalla;Centros de salud;Publicos
0749002326;CENTRO DE SALUD ZAMORA SUR;49-C231-0032;Castilla y León;Zamora;Zamora;Centros de salud;Publicos
0333004926;CENTRO DE SALUD ZARRACINA;5623;Asturias, Principado de;Asturias;Gijón;Centros de salud;Publicos
1952000049;CENTRO DE SALUD ZONA CENTRO;049;Melilla;Melilla;Melilla;Centros de salud;Publicos
1952000106;CENTRO DE SALUD ZONA ESTE;106;Melilla;Melilla;Melilla;Centros de salud;Publicos
1952000107;CENTRO DE SALUD ZONA NORTE;107;Melilla;Melilla;Melilla;Centros de salud;Publicos
1952000108;CENTRO DE SALUD ZONA OESTE;108;Melilla;Melilla;Melilla;Centros de salud;Publicos
0250003458;CENTRO DE SALUD ZUERA;5022893;Aragón;Zaragoza;Zuera;Centros de salud;Publicos
1620000469;CENTRO DE SALUD ZUMAIA;20 C.2.3.1. 7348;País Vasco;Gipuzkoa;Zumaia;Centros de salud;Publicos
1620000457;CENTRO DE SALUD ZUMARRAGA;20 C.2.3.1. 3729;País Vasco;Gipuzkoa;Zumarraga;Centros de salud;Publicos
1215004521;CENTRO DE SAUDE DE VILARRODIS;C-15-003815;Galicia;Coruña, A;Arteixo;Centros de salud;Publicos
1106000935;CENTRO DE URGENCIAS DE ATENCION PRIMARIA DE BADAJOZ;06100334;Extremadura;Badajoz;Badajoz;Centros de salud;Publicos
1227001651;CENTRO INTEGRAL SANITARIO CIS DE LUGO;C-27-001366;Galicia;Lugo;Lugo;Centros de salud;Publicos
1620004880;CENTRO PENITENCIARIO GIPUZKOA;20/016890;País Vasco;Gipuzkoa;Donostia/San Sebastián;Centros de salud;Publicos
1106000584;CENTRO SALUD GEVORA;06005880;Extremadura;Badajoz;Badajoz;Centros de salud;Publicos
1215000010;CENTRO SAUDE A BAÑA;C-15-000012;Galicia;Coruña, A;Baña, A;Centros de salud;Publicos
1227000011;CENTRO SAUDE A BARRELA;C-27-000011;Galicia;Lugo;Carballedo;Centros de salud;Publicos
1232000016;CENTRO SAUDE A BOLA;C-32-000017;Galicia;Ourense;Bola, A;Centros de salud;Publicos
1236000012;CENTRO SAUDE A CAÑIZA;C-36-000012;Galicia;Pontevedra;Cañiza, A;Centros de salud;Publicos
1215000028;CENTRO SAUDE A CAPELA;C-15-000030;Galicia;Coruña, A;Capela, A;Centros de salud;Publicos
1215000004;CENTRO SAUDE A CASTELLANA;C-15-000006;Galicia;Coruña, A;Aranga;Centros de salud;Publicos
1215001526;CENTRO SAUDE A COVADA;C-15-002378;Galicia;Coruña, A;Oleiros;Centros de salud;Publicos
1232000064;CENTRO SAUDE A CUÑA;C-32-000065;Galicia;Ourense;Ourense;Centros de salud;Publicos
1236000090;CENTRO SAUDE A DOBLADA;C-36-000097;Galicia;Pontevedra;Vigo;Centros de salud;Publicos
1227000026;CENTRO SAUDE A FONSAGRADA;C-27-000026;Galicia;Lugo;Fonsagrada, A;Centros de salud;Publicos
1236000034;CENTRO SAUDE A GUARDA;C-36-000036;Galicia;Pontevedra;Guarda, A;Centros de salud;Publicos
1232000041;CENTRO SAUDE A GUDIÑA;C-32-000042;Galicia;Ourense;Gudiña, A;Centros de salud;Publicos
1236000114;CENTRO SAUDE A ILLA DE AROUSA;C-36-000121;Galicia;Pontevedra;Illa de Arousa, A;Centros de salud;Publicos
1236000037;CENTRO SAUDE A LAMA;C-36-000039;Galicia;Pontevedra;Lama, A;Centros de salud;Publicos
1232000056;CENTRO SAUDE A MERCA;C-32-000057;Galicia;Ourense;Merca, A;Centros de salud;Publicos
1232000057;CENTRO SAUDE A MEZQUITA;C-32-000058;Galicia;Ourense;Mezquita, A;Centros de salud;Publicos
1227000039;CENTRO SAUDE A MILAGROSA;C-27-000039;Galicia;Lugo;Lugo;Centros de salud;Publicos
1236001041;CENTRO SAUDE A PARDA;C-36-001624;Galicia;Pontevedra;Pontevedra;Centros de salud;Publicos
1227000064;CENTRO SAUDE A PASTORIZA;C-27-000064;Galicia;Lugo;Pastoriza, A;Centros de salud;Publicos
1232000075;CENTRO SAUDE A PEROXA;C-32-000077;Galicia;Ourense;Peroxa, A;Centros de salud;Publicos
1215000121;CENTRO SAUDE A POBRA CARAMIÑAL;C-15-000131;Galicia;Coruña, A;Pobra do Caramiñal, A;Centros de salud;Publicos
1232000065;CENTRO SAUDE A PONTE;C-32-000066;Galicia;Ourense;Ourense;Centros de salud;Publicos
1227000069;CENTRO SAUDE A PONTENOVA;C-27-000069;Galicia;Lugo;Pontenova, A;Centros de salud;Publicos
1232000089;CENTRO SAUDE A RUA;C-32-000091;Galicia;Ourense;Rúa, A;Centros de salud;Publicos
1232000098;CENTRO SAUDE A TEIXEIRA;C-32-000100;Galicia;Ourense;Teixeira, A;Centros de salud;Publicos
1232000008;CENTRO SAUDE A VALENZA;C-32-000009;Galicia;Ourense;Barbadás;Centros de salud;Publicos
1232000101;CENTRO SAUDE A VEIGA;C-32-000103;Galicia;Ourense;Veiga, A;Centros de salud;Publicos
1227000001;CENTRO SAUDE ABADIN;C-27-000001;Galicia;Lugo;Abadín;Centros de salud;Publicos
1215000001;CENTRO SAUDE ABEGONDO;C-15-000001;Galicia;Coruña, A;Abegondo;Centros de salud;Publicos
1215000047;CENTRO SAUDE ABENTE Y LAGO;C-15-000051;Galicia;Coruña, A;Coruña, A;Centros de salud;Publicos
1215000048;CENTRO SAUDE ADORMIDERAS;C-15-000052;Galicia;Coruña, A;Coruña, A;Centros de salud;Publicos
1236000031;CENTRO SAUDE AGOLADA;C-36-000033;Galicia;Pontevedra;Agolada;Centros de salud;Publicos
1215001581;CENTRO SAUDE AGUALADA;C-15-002440;Galicia;Coruña, A;Coristanco;Centros de salud;Publicos
1236000009;CENTRO SAUDE ALDAN;C-36-000009;Galicia;Pontevedra;Cangas;Centros de salud;Publicos
1227000002;CENTRO SAUDE ALFOZ;C-27-000002;Galicia;Lugo;Alfoz;Centros de salud;Publicos
1232000001;CENTRO SAUDE ALLARIZ;C-32-000001;Galicia;Ourense;Allariz;Centros de salud;Publicos
1232000002;CENTRO SAUDE AMOEIRO;C-32-000002;Galicia;Ourense;Amoeiro;Centros de salud;Publicos
1236000064;CENTRO SAUDE ANAFANS;C-36-000068;Galicia;Pontevedra;Poio;Centros de salud;Publicos
1227000003;CENTRO SAUDE ANTAS DE ULLA;C-27-000003;Galicia;Lugo;Antas de Ulla;Centros de salud;Publicos
1236000002;CENTRO SAUDE ARBO;C-36-000001;Galicia;Pontevedra;Arbo;Centros de salud;Publicos
1236000082;CENTRO SAUDE ARCADE;C-36-000089;Galicia;Pontevedra;Soutomaior;Centros de salud;Publicos
1215000006;CENTRO SAUDE ARES;C-15-000008;Galicia;Coruña, A;Ares;Centros de salud;Publicos
1232000003;CENTRO SAUDE ARNOIA;C-32-000003;Galicia;Ourense;Arnoia, A;Centros de salud;Publicos
1215000007;CENTRO SAUDE ARTEIXO;C-15-000009;Galicia;Coruña, A;Arteixo;Centros de salud;Publicos
1215000009;CENTRO SAUDE ARZUA;C-15-000011;Galicia;Coruña, A;Arzúa;Centros de salud;Publicos
1236000053;CENTRO SAUDE AS NEVES;C-36-000055;Galicia;Pontevedra;Neves, As;Centros de salud;Publicos
1227000056;CENTRO SAUDE AS NOGAIS;C-27-000056;Galicia;Lugo;Nogais, As;Centros de salud;Publicos
1215000125;CENTRO SAUDE AS PONTES;C-15-000135;Galicia;Coruña, A;Pontes de García Rodríguez, As;Centros de salud;Publicos
1215000149;CENTRO SAUDE AS SOMOZAS;C-15-000160;Galicia;Coruña, A;Somozas, As;Centros de salud;Publicos
1232000004;CENTRO SAUDE AVION;C-32-000004;Galicia;Ourense;Avión;Centros de salud;Publicos
1236000004;CENTRO SAUDE BAIONA;C-36-000003;Galicia;Pontevedra;Baiona;Centros de salud;Publicos
1227000004;CENTRO SAUDE BALEIRA;C-27-000004;Galicia;Lugo;Baleira;Centros de salud;Publicos
1232000005;CENTRO SAUDE BALTAR;C-32-000006;Galicia;Ourense;Baltar;Centros de salud;Publicos
1232000006;CENTRO SAUDE BANDE;C-32-000007;Galicia;Ourense;Bande;Centros de salud;Publicos
1232000007;CENTRO SAUDE BAÑOS DE MOLGAS;C-32-000008;Galicia;Ourense;Baños de Molgas;Centros de salud;Publicos
1227000089;CENTRO SAUDE BARALLA;C-27-000090;Galicia;Lugo;Baralla;Centros de salud;Publicos
1227000005;CENTRO SAUDE BARREIROS;C-27-000005;Galicia;Lugo;Barreiros;Centros de salud;Publicos
1236000003;CENTRO SAUDE BARRO;C-36-000002;Galicia;Pontevedra;Barro;Centros de salud;Publicos
1232000012;CENTRO SAUDE BEADE;C-32-000013;Galicia;Ourense;Beade;Centros de salud;Publicos
1232000013;CENTRO SAUDE BEARIZ;C-32-000014;Galicia;Ourense;Beariz;Centros de salud;Publicos
1227000006;CENTRO SAUDE BECERREA;C-27-000006;Galicia;Lugo;Becerreá;Centros de salud;Publicos
1227000007;CENTRO SAUDE BEGONTE;C-27-000007;Galicia;Lugo;Begonte;Centros de salud;Publicos
1215000160;CENTRO SAUDE BEMBIBRE;C-15-000171;Galicia;Coruña, A;Val do Dubra;Centros de salud;Publicos
1236000092;CENTRO SAUDE BEMBRIVE;C-36-000099;Galicia;Pontevedra;Vigo;Centros de salud;Publicos
1215000011;CENTRO SAUDE BERGONDO;C-15-000013;Galicia;Coruña, A;Bergondo;Centros de salud;Publicos
1215000002;CENTRO SAUDE BERTAMIRANS;C-15-000002;Galicia;Coruña, A;Ames;Centros de salud;Publicos
1215000013;CENTRO SAUDE BETANZOS;C-15-000015;Galicia;Coruña, A;Betanzos;Centros de salud;Publicos
1232000014;CENTRO SAUDE BLANCOS;C-32-000015;Galicia;Ourense;Blancos, Os;Centros de salud;Publicos
1232000015;CENTRO SAUDE BOBORAS;C-32-000016;Galicia;Ourense;Boborás;Centros de salud;Publicos
1215000014;CENTRO SAUDE BOIMORTO;C-15-000016;Galicia;Coruña, A;Boimorto;Centros de salud;Publicos
1215000016;CENTRO SAUDE BOIRO;C-15-000018;Galicia;Coruña, A;Boiro;Centros de salud;Publicos
1215000017;CENTRO SAUDE BOQUEIXON;C-15-000019;Galicia;Coruña, A;Boqueixón;Centros de salud;Publicos
1236003790;CENTRO SAUDE BOUZAS;C-36-003146;Galicia;Pontevedra;Vigo;Centros de salud;Publicos
1227000009;CENTRO SAUDE BOVEDA;C-27-000009;Galicia;Lugo;Bóveda;Centros de salud;Publicos
1215000019;CENTRO SAUDE BRION;C-15-000021;Galicia;Coruña, A;Brión;Centros de salud;Publicos
1236000005;CENTRO SAUDE BUEU;C-36-000004;Galicia;Pontevedra;Bueu;Centros de salud;Publicos
1215000083;CENTRO SAUDE BUÑO;C-15-000089;Galicia;Coruña, A;Malpica de Bergantiños;Centros de salud;Publicos
1227000091;CENTRO SAUDE BURELA;C-27-000092;Galicia;Lugo;Burela;Centros de salud;Publicos
1215000022;CENTRO SAUDE CABANAS;C-15-000024;Galicia;Coruña, A;Cabanas;Centros de salud;Publicos
1236000006;CENTRO SAUDE CALDAS DE REIS;C-36-000005;Galicia;Pontevedra;Caldas de Reis;Centros de salud;Publicos
1232000018;CENTRO SAUDE CALVOS DE RANDIN;C-32-000019;Galicia;Ourense;Calvos de Randín;Centros de salud;Publicos
1215000023;CENTRO SAUDE CAMARIÑAS;C-15-000025;Galicia;Coruña, A;Camariñas;Centros de salud;Publicos
1236000007;CENTRO SAUDE CAMBADOS;C-36-000006;Galicia;Pontevedra;Cambados;Centros de salud;Publicos
1215000026;CENTRO SAUDE CAMBRE;C-15-000028;Galicia;Coruña, A;Cambre;Centros de salud;Publicos
1236000008;CENTRO SAUDE CAMPOLAMEIRO;C-36-000008;Galicia;Pontevedra;Campo Lameiro;Centros de salud;Publicos
1236000010;CENTRO SAUDE CANGAS;C-36-000010;Galicia;Pontevedra;Cangas;Centros de salud;Publicos
1215000071;CENTRO SAUDE CARANZA;C-15-000076;Galicia;Coruña, A;Ferrol;Centros de salud;Publicos
1232000021;CENTRO SAUDE CARBALLEDA AVIA;C-32-000022;Galicia;Ourense;Carballeda de Avia;Centros de salud;Publicos
1232000019;CENTRO SAUDE CARBALLEDA VALDEORRAS;C-32-000020;Galicia;Ourense;Carballeda de Valdeorras;Centros de salud;Publicos
1236000016;CENTRO SAUDE CARBALLEDO;C-36-000016;Galicia;Pontevedra;Cerdedo-Cotobade;Centros de salud;Publicos
1232000066;CENTRO SAUDE CARBALLEIRA;C-32-000067;Galicia;Ourense;Ourense;Centros de salud;Publicos
1232000022;CENTRO SAUDE CARBALLIÑO;C-32-000023;Galicia;Ourense;Carballiño, O;Centros de salud;Publicos
1215000029;CENTRO SAUDE CARBALLO;C-15-000031;Galicia;Coruña, A;Carballo;Centros de salud;Publicos
1215000168;CENTRO SAUDE CARIÑO;C-15-000179;Galicia;Coruña, A;Cariño;Centros de salud;Publicos
1215000031;CENTRO SAUDE CARNOTA;C-15-000033;Galicia;Coruña, A;Carnota;Centros de salud;Publicos
1215000033;CENTRO SAUDE CARRAL;C-15-000035;Galicia;Coruña, A;Carral;Centros de salud;Publicos
1232000023;CENTRO SAUDE CARTELLE;C-32-000024;Galicia;Ourense;Cartelle;Centros de salud;Publicos
1215000049;CENTRO SAUDE CASA DO MAR;C-15-000053;Galicia;Coruña, A;Coruña, A;Centros de salud;Publicos
1236000094;CENTRO SAUDE CASCO VELLO;C-36-000101;Galicia;Pontevedra;Vigo;Centros de salud;Publicos
1232000026;CENTRO SAUDE CASTRELO DE MIÑO-BARRAL;C-32-000027;Galicia;Ourense;Castrelo de Miño;Centros de salud;Publicos
1232000025;CENTRO SAUDE CASTRELO DO VAL;C-32-000026;Galicia;Ourense;Castrelo do Val;Centros de salud;Publicos
1232000029;CENTRO SAUDE CASTRO CALDELAS;C-32-000030;Galicia;Ourense;Castro Caldelas;Centros de salud;Publicos
1227000013;CENTRO SAUDE CASTRO RIBERAS DO LEA;C-27-000013;Galicia;Lugo;Castro de Rei;Centros de salud;Publicos
1227000015;CENTRO SAUDE CASTROVERDE;C-27-000015;Galicia;Lugo;Castroverde;Centros de salud;Publicos
1236000014;CENTRO SAUDE CATOIRA;C-36-000014;Galicia;Pontevedra;Catoira;Centros de salud;Publicos
1215000034;CENTRO SAUDE CEDEIRA;C-15-000036;Galicia;Coruña, A;Cedeira;Centros de salud;Publicos
1215000035;CENTRO SAUDE CEE;C-15-000037;Galicia;Coruña, A;Cee;Centros de salud;Publicos
1232000030;CENTRO SAUDE CELANOVA;C-32-000031;Galicia;Ourense;Celanova;Centros de salud;Publicos
1232000032;CENTRO SAUDE CENLLE;C-32-000033;Galicia;Ourense;Cenlle;Centros de salud;Publicos
1215000037;CENTRO SAUDE CERCEDA;C-15-000039;Galicia;Coruña, A;Cerceda;Centros de salud;Publicos
1236000015;CENTRO SAUDE CERDEDO;C-36-000015;Galicia;Pontevedra;Cerdedo-Cotobade;Centros de salud;Publicos
1215000039;CENTRO SAUDE CERDIDO;C-15-000041;Galicia;Coruña, A;Cerdido;Centros de salud;Publicos
1227000018;CENTRO SAUDE CERVO;C-27-000018;Galicia;Lugo;Cervo;Centros de salud;Publicos
1215000020;CENTRO SAUDE CESULLAS;C-15-000022;Galicia;Coruña, A;Cabana de Bergantiños;Centros de salud;Publicos
1215000040;CENTRO SAUDE CESURAS;C-15-000042;Galicia;Coruña, A;Oza-Cesuras;Centros de salud;Publicos
1232000036;CENTRO SAUDE CHANDREXA QUEIXA;C-32-000037;Galicia;Ourense;Chandrexa de Queixa;Centros de salud;Publicos
1227000023;CENTRO SAUDE CHANTADA;C-27-000023;Galicia;Lugo;Chantada;Centros de salud;Publicos
1236000070;CENTRO SAUDE CHAPELA;C-36-000074;Galicia;Pontevedra;Redondela;Centros de salud;Publicos
1236000024;CENTRO SAUDE CODESEDA;C-36-000025;Galicia;Pontevedra;Estrada, A;Centros de salud;Publicos
1236000095;CENTRO SAUDE COIA;C-36-000102;Galicia;Pontevedra;Vigo;Centros de salud;Publicos
1232000033;CENTRO SAUDE COLES;C-32-000034;Galicia;Ourense;Coles;Centros de salud;Publicos
1236000096;CENTRO SAUDE COLMEIRO;C-36-000103;Galicia;Pontevedra;Vigo;Centros de salud;Publicos
1236000065;CENTRO SAUDE COMBARRO;C-36-000069;Galicia;Pontevedra;Poio;Centros de salud;Publicos
1215000141;CENTRO SAUDE CONCEPCION ARENAL;C-15-000151;Galicia;Coruña, A;Santiago de Compostela;Centros de salud;Publicos
1215000142;CENTRO SAUDE CONXO;C-15-000152;Galicia;Coruña, A;Santiago de Compostela;Centros de salud;Publicos
1215000044;CENTRO SAUDE CORCUBION;C-15-000047;Galicia;Coruña, A;Corcubión;Centros de salud;Publicos
1227000020;CENTRO SAUDE CORGO;C-27-000020;Galicia;Lugo;Corgo, O;Centros de salud;Publicos
1215000045;CENTRO SAUDE CORISTANCO;C-15-000048;Galicia;Coruña, A;Coristanco;Centros de salud;Publicos
1232000034;CENTRO SAUDE CORTEGADA;C-32-000035;Galicia;Ourense;Cortegada;Centros de salud;Publicos
1236000097;CENTRO SAUDE CORUXO;C-36-000104;Galicia;Pontevedra;Vigo;Centros de salud;Publicos
1227000021;CENTRO SAUDE COSPEITO;C-27-000021;Galicia;Lugo;Cospeito;Centros de salud;Publicos
1236000020;CENTRO SAUDE CRECENTE;C-36-000021;Galicia;Pontevedra;Crecente;Centros de salud;Publicos
1232000035;CENTRO SAUDE CUALEDRO;C-32-000036;Galicia;Ourense;Cualedro;Centros de salud;Publicos
1215000061;CENTRO SAUDE CULLEREDO;C-15-000065;Galicia;Coruña, A;Culleredo;Centros de salud;Publicos
1236000022;CENTRO SAUDE CUNTIS;C-36-000023;Galicia;Pontevedra;Cuntis;Centros de salud;Publicos
1215000063;CENTRO SAUDE CURTIS;C-15-000068;Galicia;Coruña, A;Curtis;Centros de salud;Publicos
1236000041;CENTRO SAUDE DENA;C-36-000043;Galicia;Pontevedra;Meaño;Centros de salud;Publicos
1215000065;CENTRO SAUDE DODRO;C-15-000070;Galicia;Coruña, A;Dodro;Centros de salud;Publicos
1236000023;CENTRO SAUDE DOZON;C-36-000024;Galicia;Pontevedra;Dozón;Centros de salud;Publicos
1215000066;CENTRO SAUDE DUMBRIA;C-15-000071;Galicia;Coruña, A;Dumbría;Centros de salud;Publicos
1215000050;CENTRO SAUDE ELVIÑA-MESOIRO;C-15-000054;Galicia;Coruña, A;Coruña, A;Centros de salud;Publicos
1232000037;CENTRO SAUDE ENTRIMO;C-32-000038;Galicia;Ourense;Entrimo;Centros de salud;Publicos
1232000038;CENTRO SAUDE ESGOS;C-32-000039;Galicia;Ourense;Esgos;Centros de salud;Publicos
1215000113;CENTRO SAUDE ESPASANTE;C-15-000122;Galicia;Coruña, A;Ortigueira;Centros de salud;Publicos
1236000025;CENTRO SAUDE ESTRADA;C-36-000026;Galicia;Pontevedra;Estrada, A;Centros de salud;Publicos
1215000051;CENTRO SAUDE FEDERICO TAPIA;C-15-000055;Galicia;Coruña, A;Coruña, A;Centros de salud;Publicos
1215000068;CENTRO SAUDE FENE;C-15-000073;Galicia;Coruña, A;Fene;Centros de salud;Publicos
1215000041;CENTRO SAUDE FIGUEIRAS-COIROS;C-15-000043;Galicia;Coruña, A;Coirós;Centros de salud;Publicos
1227000040;CENTRO SAUDE FINGOI;C-27-000040;Galicia;Lugo;Lugo;Centros de salud;Publicos
1215000074;CENTRO SAUDE FISTERRA;C-15-000080;Galicia;Coruña, A;Fisterra;Centros de salud;Publicos
1227000024;CENTRO SAUDE FOLGOSO DO COUREL;C-27-000024;Galicia;Lugo;Folgoso do Courel;Centros de salud;Publicos
1215000150;CENTRO SAUDE FOLGUEIRAS-CALO;C-15-000161;Galicia;Coruña, A;Teo;Centros de salud;Publicos
1215000070;CENTRO SAUDE FONTENLA MARISTANY;C-15-000075;Galicia;Coruña, A;Ferrol;Centros de salud;Publicos
1215000143;CENTRO SAUDE FONTIÑAS;C-15-000153;Galicia;Coruña, A;Santiago de Compostela;Centros de salud;Publicos
1236000028;CENTRO SAUDE FORCAREI;C-36-000030;Galicia;Pontevedra;Forcarei;Centros de salud;Publicos
1236000030;CENTRO SAUDE FORNELOS;C-36-000032;Galicia;Pontevedra;Fornelos de Montes;Centros de salud;Publicos
1227000027;CENTRO SAUDE FOZ;C-27-000027;Galicia;Lugo;Foz;Centros de salud;Publicos
1215000075;CENTRO SAUDE FRADES-PONTE CARREIRA;C-15-000081;Galicia;Coruña, A;Frades;Centros de salud;Publicos
1227000028;CENTRO SAUDE FRIOL;C-27-000028;Galicia;Lugo;Friol;Centros de salud;Publicos
0908003994;CAP BEGUES;E08822392;Cataluña;Barcelona;Begues;Centros de salud;Publicos
0925000052;CAP BELLPUIG;E25023103;Cataluña;Lleida;Bellpuig;Centros de salud;Publicos
0908000878;CAP BELLVITGE;E08035123;Cataluña;Barcelona;Hospitalet de Llobregat, L';Centros de salud;Publicos
0908000045;CAP BERGUEDA;E08002752;Cataluña;Barcelona;Berga;Centros de salud;Publicos
0917000074;CAP BESALU;E17023914;Cataluña;Girona;Besalú;Centros de salud;Publicos
0908003383;CAP BESOS MAR;E08708996;Cataluña;Barcelona;Barcelona;Centros de salud;Publicos
0908004026;CAP BIGUES I RIELLS;E08828468;Cataluña;Barcelona;Bigues i Riells del Fai;Centros de salud;Publicos
0917000003;CAP BLANES;E17006355;Cataluña;Girona;Blanes;Centros de salud;Publicos
0917000488;CAP BLANES-2;E17679270;Cataluña;Girona;Blanes;Centros de salud;Publicos
0908006389;CAP BOBILA;E08003227;Cataluña;Barcelona;Esplugues de Llobregat;Centros de salud;Publicos
0908006123;CAP BON PASTOR;E08000378;Cataluña;Barcelona;Barcelona;Centros de salud;Publicos
0943001302;CAP BONAVISTA;E43026320;Cataluña;Tarragona;Tarragona;Centros de salud;Publicos
0908005968;CAP BORDETA-MAGORIA;E08039209;Cataluña;Barcelona;Barcelona;Centros de salud;Publicos
0925000666;CAP BORDETA-MAGRANERS;E25026810;Cataluña;Lleida;Lleida;Centros de salud;Publicos
0917000102;CAP BREDA;E17030012;Cataluña;Girona;Breda;Centros de salud;Publicos
0908000004;CAP BUFALA-CANYET;E08000191;Cataluña;Barcelona;Badalona;Centros de salud;Publicos
0908006369;CAP CA N'ORIACH;E08004809;Cataluña;Barcelona;Sabadell;Centros de salud;Publicos
0908001466;CAP CABRILS;E08044417;Cataluña;Barcelona;Cabrils;Centros de salud;Publicos
0908000879;CAP CALAF;E08035130;Cataluña;Barcelona;Calaf;Centros de salud;Publicos
0908000047;CAP CALELLA;E08002865;Cataluña;Barcelona;Calella;Centros de salud;Publicos
0917000005;CAP CAMPDEVANOL;E17006387;Cataluña;Girona;Campdevànol;Centros de salud;Privados
0917000936;CAP CAMPRODON;E17040187;Cataluña;Girona;Camprodon;Centros de salud;Publicos
0908000104;CAP CAMPS BLANCS;E08005030;Cataluña;Barcelona;Sant Boi de Llobregat;Centros de salud;Publicos
0917000137;CAP CAN GIBERT DEL PLA;E17035170;Cataluña;Girona;Girona;Centros de salud;Publicos
0908015216;CAP CAN LLONG;E08756245;Cataluña;Barcelona;Sabadell;Centros de salud;Publicos
0908000055;CAP CAN MORITZ;E08003097;Cataluña;Barcelona;Cornellà de Llobregat;Centros de salud;Publicos
0908000085;CAP CAN PANTIQUET;E08004206;Cataluña;Barcelona;Mollet del Vallès;Centros de salud;Publicos
0908015038;CAP CAN ROCA;E08752160;Cataluña;Barcelona;Terrassa;Centros de salud;Publicos
0908006393;CAP CAN RULL;E08047062;Cataluña;Barcelona;Sabadell;Centros de salud;Publicos
0908000066;CAP CAN SERRA;E08003467;Cataluña;Barcelona;Hospitalet de Llobregat, L';Centros de salud;Publicos
0908002346;CAP CAN TRIAS-ERNEST LLUCH;E08607758;Cataluña;Barcelona;Viladecavalls;Centros de salud;Privados
0908003710;CAP CANET DE MAR;E08768794;Cataluña;Barcelona;Canet de Mar;Centros de salud;Publicos
0908006373;CAP CANOVELLES;E08027901;Cataluña;Barcelona;Canovelles;Centros de salud;Publicos
0908006392;CAP CAPELLADES;E08030132;Cataluña;Barcelona;Capellades;Centros de salud;Publicos
0925000667;CAP CAPPONT;E25672355;Cataluña;Lleida;Lleida;Centros de salud;Publicos
0908003687;CAP CARDEDEU;E08764599;Cataluña;Barcelona;Cardedeu;Centros de salud;Publicos
0908000350;CAP CARDONA;E08022290;Cataluña;Barcelona;Cardona;Centros de salud;Publicos
0908000359;CAP CARMEL;E08022727;Cataluña;Barcelona;Barcelona;Centros de salud;Publicos
0908001760;CAP CASANOVA;E08053683;Cataluña;Barcelona;Barcelona;Centros de salud;Publicos
0908005375;CAP CASERNES SANT ANDREU;E08571621;Cataluña;Barcelona;Barcelona;Centros de salud;Publicos
0917000087;CAP CASSA DE LA SELVA;E17025735;Cataluña;Girona;Cassà de la Selva;Centros de salud;Publicos
0908000051;CAP CASTELLAR DEL VALLES;E08002960;Cataluña;Barcelona;Castellar del Vallès;Centros de salud;Publicos
0908001494;CAP CASTELLBELL I EL VILAR;E08044921;Cataluña;Barcelona;Castellbell i el Vilar;Centros de salud;Publicos
0908000277;CAP CASTELLDEFELS;E08019467;Cataluña;Barcelona;Castelldefels;Centros de salud;Publicos
0917001352;CAP CASTELL-PLATJA D'ARO;E17627183;Cataluña;Girona;Castell d'Aro, Platja d'Aro i s'Agaró;Centros de salud;Publicos
0917000581;CAP CATALINA CARGOL;E17774607;Cataluña;Girona;Palamós;Centros de salud;Privados
0943001315;CAP CATALUNYA;E43007856;Cataluña;Tarragona;Tarragona;Centros de salud;Publicos
0917000138;CAP CELRA;E17035187;Cataluña;Girona;Celrà;Centros de salud;Publicos
0908001814;CAP CENTELLES;E08553936;Cataluña;Barcelona;Centelles;Centros de salud;Privados
0908003707;CAP CENTRE;E08767800;Cataluña;Barcelona;Sabadell;Centros de salud;Publicos
1215004472;CENTRO SAUDE GALERAS;C-15-003778;Galicia;Coruña, A;Santiago de Compostela;Centros de salud;Publicos
1232000040;CENTRO SAUDE GOMESENDE;C-32-000041;Galicia;Ourense;Gomesende;Centros de salud;Publicos
1236000032;CENTRO SAUDE GONDOMAR;C-36-000034;Galicia;Pontevedra;Gondomar;Centros de salud;Publicos
1227000030;CENTRO SAUDE GUITIRIZ;C-27-000030;Galicia;Lugo;Guitiriz;Centros de salud;Publicos
1227000032;CENTRO SAUDE GUNTIN;C-27-000032;Galicia;Lugo;Guntín;Centros de salud;Publicos
1227000041;CENTRO SAUDE ILLAS CANARIAS;C-27-000041;Galicia;Lugo;Lugo;Centros de salud;Publicos
1232000042;CENTRO SAUDE IRIXO;C-32-000043;Galicia;Ourense;Irixo, O;Centros de salud;Publicos
1215000077;CENTRO SAUDE IRIXOA;C-15-000083;Galicia;Coruña, A;Irixoa;Centros de salud;Publicos
1215000052;CENTRO SAUDE LABAÑOU;C-15-000056;Galicia;Coruña, A;Coruña, A;Centros de salud;Publicos
1227000036;CENTRO SAUDE LANCARA;C-27-000036;Galicia;Lugo;Láncara;Centros de salud;Publicos
1215000079;CENTRO SAUDE LARACHA;C-15-000085;Galicia;Coruña, A;Laracha, A;Centros de salud;Publicos
1232000045;CENTRO SAUDE LAROUCO;C-32-000046;Galicia;Ourense;Larouco;Centros de salud;Publicos
1236000098;CENTRO SAUDE LAVADORES;C-36-000105;Galicia;Pontevedra;Vigo;Centros de salud;Publicos
1215000078;CENTRO SAUDE LAXE;C-15-000084;Galicia;Coruña, A;Laxe;Centros de salud;Publicos
1232000046;CENTRO SAUDE LAZA;C-32-000047;Galicia;Ourense;Laza;Centros de salud;Publicos
1232000047;CENTRO SAUDE LEIRO;C-32-000048;Galicia;Ourense;Leiro;Centros de salud;Publicos
1236000059;CENTRO SAUDE LEREZ;C-36-000063;Galicia;Pontevedra;Pontevedra;Centros de salud;Publicos
1215000018;CENTRO SAUDE LESTEDO;C-15-000020;Galicia;Coruña, A;Boqueixón;Centros de salud;Publicos
1232000048;CENTRO SAUDE LOBEIRA;C-32-000049;Galicia;Ourense;Lobeira;Centros de salud;Publicos
1232000049;CENTRO SAUDE LOBIOS;C-32-000050;Galicia;Ourense;Lobios;Centros de salud;Publicos
1236000099;CENTRO SAUDE LOPEZ MORA;C-36-000106;Galicia;Pontevedra;Vigo;Centros de salud;Publicos
1227000037;CENTRO SAUDE LOURENZA;C-27-000037;Galicia;Lugo;Lourenzá;Centros de salud;Publicos
1215000081;CENTRO SAUDE LOUSAME;C-15-000087;Galicia;Coruña, A;Lousame;Centros de salud;Publicos
1232000050;CENTRO SAUDE MACEDA;C-32-000051;Galicia;Ourense;Maceda;Centros de salud;Publicos
1215000082;CENTRO SAUDE MALPICA;C-15-000088;Galicia;Coruña, A;Malpica de Bergantiños;Centros de salud;Publicos
1215000069;CENTRO SAUDE MANIÑOS;C-15-000074;Galicia;Coruña, A;Fene;Centros de salud;Publicos
1215000072;CENTRO SAUDE MANUEL COMELLAS;C-15-000077;Galicia;Coruña, A;Ferrol;Centros de salud;Publicos
1232000051;CENTRO SAUDE MANZANEDA;C-32-000052;Galicia;Ourense;Manzaneda;Centros de salud;Publicos
1215000084;CENTRO SAUDE MAÑON;C-15-000090;Galicia;Coruña, A;Mañón;Centros de salud;Publicos
1236000038;CENTRO SAUDE MARIN;C-36-000040;Galicia;Pontevedra;Marín;Centros de salud;Publicos
1232000052;CENTRO SAUDE MASIDE;C-32-000053;Galicia;Ourense;Maside;Centros de salud;Publicos
1236000100;CENTRO SAUDE MATAMA;C-36-000107;Galicia;Pontevedra;Vigo;Centros de salud;Publicos
1215000053;CENTRO SAUDE MATOGRANDE;C-15-000057;Galicia;Coruña, A;Coruña, A;Centros de salud;Publicos
1215000087;CENTRO SAUDE MAZARICOS;C-15-000093;Galicia;Coruña, A;Mazaricos;Centros de salud;Publicos
1236000042;CENTRO SAUDE MEAÑO;C-36-000044;Galicia;Pontevedra;Meaño;Centros de salud;Publicos
1227000047;CENTRO SAUDE MEIRA;C-27-000047;Galicia;Lugo;Meira;Centros de salud;Publicos
1215000088;CENTRO SAUDE MELIDE;C-15-000094;Galicia;Coruña, A;Melide;Centros de salud;Publicos
1215000089;CENTRO SAUDE MESIA-VISANTOÑA;C-15-000095;Galicia;Coruña, A;Mesía;Centros de salud;Publicos
1215000003;CENTRO SAUDE MILLADOIRO;C-15-000003;Galicia;Coruña, A;Ames;Centros de salud;Publicos
1215000091;CENTRO SAUDE MIÑO;C-15-000097;Galicia;Coruña, A;Miño;Centros de salud;Publicos
1236000046;CENTRO SAUDE MOAÑA;C-36-000048;Galicia;Pontevedra;Moaña;Centros de salud;Publicos
1215000092;CENTRO SAUDE MOECHE;C-15-000098;Galicia;Coruña, A;Moeche;Centros de salud;Publicos
1236000049;CENTRO SAUDE MONDARIZ;C-36-000051;Galicia;Pontevedra;Mondariz;Centros de salud;Publicos
1236000050;CENTRO SAUDE MONDARIZ-BALNEARIO;C-36-000052;Galicia;Pontevedra;Mondariz-Balneario;Centros de salud;Publicos
1227000048;CENTRO SAUDE MONDOÑEDO;C-27-000048;Galicia;Lugo;Mondoñedo;Centros de salud;Publicos
1215000093;CENTRO SAUDE MONFERO;C-15-000099;Galicia;Coruña, A;Monfero;Centros de salud;Publicos
1227000049;CENTRO SAUDE MONFORTE DE LEMOS;C-27-000049;Galicia;Lugo;Monforte de Lemos;Centros de salud;Publicos
1215000054;CENTRO SAUDE MONTE ALTO - A TORRE;C-15-000058;Galicia;Coruña, A;Coruña, A;Centros de salud;Publicos
1232000058;CENTRO SAUDE MONTEDERRAMO;C-32-000059;Galicia;Ourense;Montederramo;Centros de salud;Publicos
1236000060;CENTRO SAUDE MONTEPORREIRO;C-36-000064;Galicia;Pontevedra;Pontevedra;Centros de salud;Publicos
1227000052;CENTRO SAUDE MONTERROSO;C-27-000052;Galicia;Lugo;Monterroso;Centros de salud;Publicos
1236000051;CENTRO SAUDE MORAÑA;C-36-000053;Galicia;Pontevedra;Moraña;Centros de salud;Publicos
1236000052;CENTRO SAUDE MOS;C-36-000054;Galicia;Pontevedra;Mos;Centros de salud;Publicos
1236000043;CENTRO SAUDE MOSTEIRO;C-36-000045;Galicia;Pontevedra;Meis;Centros de salud;Publicos
1215000097;CENTRO SAUDE MUGARDOS;C-15-000103;Galicia;Coruña, A;Mugardos;Centros de salud;Publicos
1232000061;CENTRO SAUDE MUIÑOS;C-32-000062;Galicia;Ourense;Muíños;Centros de salud;Publicos
1215000005;CENTRO SAUDE MUNIFERRAL;C-15-000007;Galicia;Coruña, A;Aranga;Centros de salud;Publicos
1227000053;CENTRO SAUDE MURAS;C-27-000053;Galicia;Lugo;Muras;Centros de salud;Publicos
1215000100;CENTRO SAUDE MUROS;C-15-000106;Galicia;Coruña, A;Muros;Centros de salud;Publicos
1215000099;CENTRO SAUDE MUXIA;C-15-000105;Galicia;Coruña, A;Muxía;Centros de salud;Publicos
1215000102;CENTRO SAUDE NARON;C-15-000108;Galicia;Coruña, A;Narón;Centros de salud;Publicos
1227000054;CENTRO SAUDE NAVIA DE SUARNA;C-27-000054;Galicia;Lugo;Navia de Suarna;Centros de salud;Publicos
1215000105;CENTRO SAUDE NEDA;C-15-000111;Galicia;Coruña, A;Neda;Centros de salud;Publicos
1215000106;CENTRO SAUDE NEGREIRA;C-15-000112;Galicia;Coruña, A;Negreira;Centros de salud;Publicos
1236000101;CENTRO SAUDE NICOLAS PEÑA;C-36-000108;Galicia;Pontevedra;Vigo;Centros de salud;Publicos
1232000062;CENTRO SAUDE NOGUEIRA RAMUIN;C-32-000063;Galicia;Ourense;Nogueira de Ramuín;Centros de salud;Publicos
1215000107;CENTRO SAUDE NOIA;C-15-000113;Galicia;Coruña, A;Noia;Centros de salud;Publicos
1215001589;CENTRO SAUDE NOVO MESOIRO;C-15-002448;Galicia;Coruña, A;Coruña, A;Centros de salud;Publicos
1232000067;CENTRO SAUDE NOVOA SANTOS;C-32-000068;Galicia;Ourense;Ourense;Centros de salud;Publicos
1232000010;CENTRO SAUDE O BARCO;C-32-000011;Galicia;Ourense;Barco de Valdeorras, O;Centros de salud;Publicos
1232000017;CENTRO SAUDE O BOLO;C-32-000018;Galicia;Ourense;Bolo, O;Centros de salud;Publicos
1215000055;CENTRO SAUDE O CASTRILLON;C-15-000059;Galicia;Coruña, A;Coruña, A;Centros de salud;Publicos
1232001296;CENTRO SAUDE O COUTO;C-32-001044;Galicia;Ourense;Ourense;Centros de salud;Publicos
1236000018;CENTRO SAUDE O COVELO;C-36-000019;Galicia;Pontevedra;Covelo;Centros de salud;Publicos
1236000033;CENTRO SAUDE O GROVE;C-36-000035;Galicia;Pontevedra;Grove, O;Centros de salud;Publicos
1227000034;CENTRO SAUDE O INCIO;C-27-000034;Galicia;Lugo;Incio, O;Centros de salud;Publicos
1227000063;CENTRO SAUDE O PARAMO;C-27-000063;Galicia;Lugo;Páramo, O;Centros de salud;Publicos
1215000120;CENTRO SAUDE O PINO;C-15-000130;Galicia;Coruña, A;Pino, O;Centros de salud;Publicos
1215004530;CENTRO SAUDE O PORTADEGO;C-15-003824;Galicia;Coruña, A;Culleredo;Centros de salud;Publicos
1236000074;CENTRO SAUDE O ROSAL;C-36-000079;Galicia;Pontevedra;Rosal, O;Centros de salud;Publicos
1227000079;CENTRO SAUDE O SAVIÑAO;C-27-000080;Galicia;Lugo;Saviñao, O;Centros de salud;Publicos
1215000027;CENTRO SAUDE O TEMPLE;C-15-000029;Galicia;Coruña, A;Cambre;Centros de salud;Publicos
1227000085;CENTRO SAUDE O VALADOURO;C-27-000086;Galicia;Lugo;Valadouro, O;Centros de salud;Publicos
1215000056;CENTRO SAUDE O VENTORRILLO;C-15-000060;Galicia;Coruña, A;Coruña, A;Centros de salud;Publicos
1227000086;CENTRO SAUDE O VICEDO;C-27-000087;Galicia;Lugo;Vicedo, O;Centros de salud;Publicos
1236000026;CENTRO SAUDE OCA;C-36-000027;Galicia;Pontevedra;Estrada, A;Centros de salud;Publicos
1236000056;CENTRO SAUDE OIA;C-36-000058;Galicia;Pontevedra;Oia;Centros de salud;Publicos
1232000063;CENTRO SAUDE OIMBRA;C-32-000064;Galicia;Ourense;Oímbra;Centros de salud;Publicos
1215000111;CENTRO SAUDE ORDES;C-15-000120;Galicia;Coruña, A;Ordes;Centros de salud;Publicos
1215000112;CENTRO SAUDE OROSO;C-15-000121;Galicia;Coruña, A;Oroso;Centros de salud;Publicos
1215000114;CENTRO SAUDE ORTIGUEIRA;C-15-000123;Galicia;Coruña, A;Ortigueira;Centros de salud;Publicos
1215000057;CENTRO SAUDE OS MALLOS;C-15-000061;Galicia;Coruña, A;Coruña, A;Centros de salud;Publicos
1232000076;CENTRO SAUDE OS PEARES;C-32-000078;Galicia;Ourense;Peroxa, A;Centros de salud;Publicos
1215000058;CENTRO SAUDE OS ROSALES;C-15-000062;Galicia;Coruña, A;Coruña, A;Centros de salud;Publicos
1227000057;CENTRO SAUDE OUROL;C-27-000057;Galicia;Lugo;Ourol;Centros de salud;Publicos
1227000058;CENTRO SAUDE OUTEIRO DE REI;C-27-000058;Galicia;Lugo;Outeiro de Rei;Centros de salud;Publicos
1215000116;CENTRO SAUDE OUTES;C-15-000125;Galicia;Coruña, A;Outes;Centros de salud;Publicos
1232000024;CENTRO SAUDE OUTUMURO;C-32-000025;Galicia;Ourense;Cartelle;Centros de salud;Publicos
1215000117;CENTRO SAUDE OZA DOS RIOS;C-15-000126;Galicia;Coruña, A;Oza-Cesuras;Centros de salud;Publicos
1215000118;CENTRO SAUDE PADERNE;C-15-000127;Galicia;Coruña, A;Paderne;Centros de salud;Publicos
1232000070;CENTRO SAUDE PADERNE ALLARIZ;C-32-000072;Galicia;Ourense;Paderne de Allariz;Centros de salud;Publicos
1232000072;CENTRO SAUDE PADRENDA-CRESPOS;C-32-000074;Galicia;Ourense;Padrenda;Centros de salud;Publicos
1215000119;CENTRO SAUDE PADRON;C-15-000129;Galicia;Coruña, A;Padrón;Centros de salud;Publicos
1227000060;CENTRO SAUDE PALAS DE REI;C-27-000060;Galicia;Lugo;Palas de Rei;Centros de salud;Publicos
1227000061;CENTRO SAUDE PANTON;C-27-000061;Galicia;Lugo;Pantón;Centros de salud;Publicos
1236000054;CENTRO SAUDE PANXON;C-36-000056;Galicia;Pontevedra;Nigrán;Centros de salud;Publicos
1232000073;CENTRO SAUDE PARADA DO SIL;C-32-000075;Galicia;Ourense;Parada de Sil;Centros de salud;Publicos
1227000062;CENTRO SAUDE PARADELA;C-27-000062;Galicia;Lugo;Paradela;Centros de salud;Publicos
1236000057;CENTRO SAUDE PAZOS BORBEN;C-36-000060;Galicia;Pontevedra;Pazos de Borbén;Centros de salud;Publicos
1227000066;CENTRO SAUDE PEDRAFITA DO CEBREIRO;C-27-000066;Galicia;Lugo;Pedrafita do Cebreiro;Centros de salud;Publicos
1232000074;CENTRO SAUDE PEREIRO DE AGUIAR;C-32-000076;Galicia;Ourense;Pereiro de Aguiar, O;Centros de salud;Publicos
1215000108;CENTRO SAUDE PERILLO;C-15-000114;Galicia;Coruña, A;Oleiros;Centros de salud;Publicos
1232000077;CENTRO SAUDE PETIN;C-32-000079;Galicia;Ourense;Petín;Centros de salud;Publicos
1232000078;CENTRO SAUDE PIÑOR;C-32-000080;Galicia;Ourense;Piñor;Centros de salud;Publicos
1232000080;CENTRO SAUDE POBRA DE TRIVES;C-32-000082;Galicia;Ourense;Pobra de Trives, A;Centros de salud;Publicos
1227000068;CENTRO SAUDE POBRA DO BROLLON;C-27-000068;Galicia;Lugo;Pobra do Brollón, A;Centros de salud;Publicos
1227000067;CENTRO SAUDE POL;C-27-000067;Galicia;Lugo;Pol;Centros de salud;Publicos
1236000067;CENTRO SAUDE PONTEAREAS;C-36-000071;Galicia;Pontevedra;Ponteareas;Centros de salud;Publicos
1236000068;CENTRO SAUDE PONTECALDELAS;C-36-000072;Galicia;Pontevedra;Ponte Caldelas;Centros de salud;Publicos
1215000122;CENTRO SAUDE PONTECESO;C-15-000132;Galicia;Coruña, A;Ponteceso;Centros de salud;Publicos
1236000069;CENTRO SAUDE PONTECESURES;C-36-000073;Galicia;Pontevedra;Pontecesures;Centros de salud;Publicos
1215000124;CENTRO SAUDE PONTEDEUME;C-15-000134;Galicia;Coruña, A;Pontedeume;Centros de salud;Publicos
1232000081;CENTRO SAUDE PONTEDEVA;C-32-000083;Galicia;Ourense;Pontedeva;Centros de salud;Publicos
1232000079;CENTRO SAUDE PORQUEIRA;C-32-000081;Galicia;Ourense;Porqueira;Centros de salud;Publicos
1236000062;CENTRO SAUDE PORRIÑO;C-36-000066;Galicia;Pontevedra;Porriño, O;Centros de salud;Publicos
1236000063;CENTRO SAUDE PORTAS;C-36-000067;Galicia;Pontevedra;Portas;Centros de salud;Publicos
1215000126;CENTRO SAUDE PORTO DO SON;C-15-000136;Galicia;Coruña, A;Porto do Son;Centros de salud;Publicos
1227000070;CENTRO SAUDE PORTOMARIN;C-27-000070;Galicia;Lugo;Portomarín;Centros de salud;Publicos
1227000038;CENTRO SAUDE PRAZA DO FERROL;C-27-000038;Galicia;Lugo;Lugo;Centros de salud;Publicos
1215000163;CENTRO SAUDE PRESARAS;C-15-000174;Galicia;Coruña, A;Vilasantar;Centros de salud;Publicos
1232000082;CENTRO SAUDE PUNXIN;C-32-000084;Galicia;Ourense;Punxín;Centros de salud;Publicos
1232000055;CENTRO SAUDE QUINS;C-32-000056;Galicia;Ourense;Melón;Centros de salud;Publicos
1232000083;CENTRO SAUDE QUINTELA LEIRADO;C-32-000085;Galicia;Ourense;Quintela de Leirado;Centros de salud;Publicos
1227000071;CENTRO SAUDE QUIROGA;C-27-000071;Galicia;Lugo;Quiroga;Centros de salud;Publicos
1227000077;CENTRO SAUDE RABADE;C-27-000077;Galicia;Lugo;Rábade;Centros de salud;Publicos
1232000084;CENTRO SAUDE RAIRIZ DE VEIGA;C-32-000086;Galicia;Ourense;Rairiz de Veiga;Centros de salud;Publicos
1232000085;CENTRO SAUDE RAMIRAS;C-32-000087;Galicia;Ourense;Ramirás;Centros de salud;Publicos
1236000066;CENTRO SAUDE RAXO;C-36-000070;Galicia;Pontevedra;Poio;Centros de salud;Publicos
1236000071;CENTRO SAUDE REDONDELA;C-36-000075;Galicia;Pontevedra;Redondela;Centros de salud;Publicos
1215000129;CENTRO SAUDE RIANXO;C-15-000139;Galicia;Coruña, A;Rianxo;Centros de salud;Publicos
1232000086;CENTRO SAUDE RIBADAVIA;C-32-000088;Galicia;Ourense;Ribadavia;Centros de salud;Publicos
1227000072;CENTRO SAUDE RIBADEO;C-27-000072;Galicia;Lugo;Ribadeo;Centros de salud;Publicos
1236000072;CENTRO SAUDE RIBADUMIA;C-36-000077;Galicia;Pontevedra;Ribadumia;Centros de salud;Publicos
1227000073;CENTRO SAUDE RIBAS DO SIL;C-27-000073;Galicia;Lugo;Ribas de Sil;Centros de salud;Publicos
1215000134;CENTRO SAUDE RIBEIRA;C-15-000144;Galicia;Coruña, A;Ribeira;Centros de salud;Publicos
1227000074;CENTRO SAUDE RIBEIRA DE PIQUIN;C-27-000074;Galicia;Lugo;Ribeira de Piquín;Centros de salud;Publicos
1232000088;CENTRO SAUDE RIOS;C-32-000090;Galicia;Ourense;Riós;Centros de salud;Publicos
1227000075;CENTRO SAUDE RIOTORTO;C-27-000075;Galicia;Lugo;Riotorto;Centros de salud;Publicos
1236000073;CENTRO SAUDE RODEIRO;C-36-000078;Galicia;Pontevedra;Rodeiro;Centros de salud;Publicos
1215000136;CENTRO SAUDE ROIS;C-15-000146;Galicia;Coruña, A;Rois;Centros de salud;Publicos
1236002950;CENTRO SAUDE ROSALIA DE CASTRO-BEIRAMAR;C-36-002436;Galicia;Pontevedra;Vigo;Centros de salud;Publicos
1236000103;CENTRO SAUDE RUA CUBA;C-36-000110;Galicia;Pontevedra;Vigo;Centros de salud;Publicos
1232000090;CENTRO SAUDE RUBIA;C-32-000092;Galicia;Ourense;Rubiá;Centros de salud;Publicos
1215000138;CENTRO SAUDE SADA;C-15-000148;Galicia;Coruña, A;Sada;Centros de salud;Publicos
1227000042;CENTRO SAUDE SAGRADO CORAZON;C-27-000042;Galicia;Lugo;Lugo;Centros de salud;Publicos
1236000076;CENTRO SAUDE SALCEDA;C-36-000081;Galicia;Pontevedra;Salceda de Caselas;Centros de salud;Publicos
1236000077;CENTRO SAUDE SALVATERRA;C-36-000082;Galicia;Pontevedra;Salvaterra de Miño;Centros de salud;Publicos
1227000076;CENTRO SAUDE SAMOS;C-27-000076;Galicia;Lugo;Samos;Centros de salud;Publicos
1232000091;CENTRO SAUDE SAN AMARO;C-32-000093;Galicia;Ourense;San Amaro;Centros de salud;Publicos
1227000019;CENTRO SAUDE SAN CIBRAO;C-27-000019;Galicia;Lugo;Cervo;Centros de salud;Publicos
1232000092;CENTRO SAUDE SAN CIBRAO VIÑAS;C-32-000094;Galicia;Ourense;San Cibrao das Viñas;Centros de salud;Publicos
1232000094;CENTRO SAUDE SAN CRISTOVO CEA;C-32-000096;Galicia;Ourense;San Cristovo de Cea;Centros de salud;Publicos
1215000059;CENTRO SAUDE SAN JOSE;C-15-000063;Galicia;Coruña, A;Coruña, A;Centros de salud;Publicos
1236000044;CENTRO SAUDE SAN MARTIÑO;C-36-000046;Galicia;Pontevedra;Meis;Centros de salud;Publicos
1236001257;CENTRO SAUDE SAN PAIO DE NAVIA;C-36-001856;Galicia;Pontevedra;Vigo;Centros de salud;Publicos
1227000016;CENTRO SAUDE SAN ROMAN;C-27-000016;Galicia;Lugo;Cervantes;Centros de salud;Publicos
1227000043;CENTRO SAUDE SAN ROQUE;C-27-000043;Galicia;Lugo;Lugo;Centros de salud;Publicos
1236000110;CENTRO SAUDE SAN ROQUE-VILAGARCIA;C-36-000117;Galicia;Pontevedra;Vilagarcía de Arousa;Centros de salud;Publicos
1215000139;CENTRO SAUDE SAN SADURNIÑO;C-15-000149;Galicia;Coruña, A;San Sadurniño;Centros de salud;Publicos
1232000087;CENTRO SAUDE SAN XOAN DE RIO;C-32-000089;Galicia;Ourense;San Xoán de Río;Centros de salud;Publicos
1232000095;CENTRO SAUDE SANDIAS;C-32-000097;Galicia;Ourense;Sandiás;Centros de salud;Publicos
1215000140;CENTRO SAUDE SANTA COMBA;C-15-000150;Galicia;Coruña, A;Santa Comba;Centros de salud;Publicos
1215000109;CENTRO SAUDE SANTA CRUZ;C-15-000115;Galicia;Coruña, A;Oleiros;Centros de salud;Publicos
1236000078;CENTRO SAUDE SANXENXO-BALTAR PORTONOVO;C-36-000084;Galicia;Pontevedra;Sanxenxo;Centros de salud;Publicos
1236000104;CENTRO SAUDE SARDOMA;C-36-000111;Galicia;Pontevedra;Vigo;Centros de salud;Publicos
1232000096;CENTRO SAUDE SARREAUS;C-32-000098;Galicia;Ourense;Sarreaus;Centros de salud;Publicos
1227000078;CENTRO SAUDE SARRIA;C-27-000078;Galicia;Lugo;Sarria;Centros de salud;Publicos
1227000025;CENTRO SAUDE SEOANE DO COUREL;C-27-000025;Galicia;Lugo;Folgoso do Courel;Centros de salud;Publicos
1215000073;CENTRO SAUDE SERANTES;C-15-000078;Galicia;Coruña, A;Ferrol;Centros de salud;Publicos
1236000080;CENTRO SAUDE SILLEDA;C-36-000087;Galicia;Pontevedra;Silleda;Centros de salud;Publicos
1227000081;CENTRO SAUDE SOBER;C-27-000082;Galicia;Lugo;Sober;Centros de salud;Publicos
1215000148;CENTRO SAUDE SOBRADO DOS MONXES;C-15-000159;Galicia;Coruña, A;Sobrado;Centros de salud;Publicos
1236000029;CENTRO SAUDE SOUTELO DE MONTES;C-36-000031;Galicia;Pontevedra;Forcarei;Centros de salud;Publicos
1236000027;CENTRO SAUDE SOUTO DE VEA;C-36-000028;Galicia;Pontevedra;Estrada, A;Centros de salud;Publicos
1227000082;CENTRO SAUDE TABOADA;C-27-000083;Galicia;Lugo;Taboada;Centros de salud;Publicos
1236000093;CENTRO SAUDE TABOADA LEAL;C-36-000100;Galicia;Pontevedra;Vigo;Centros de salud;Publicos
1232000097;CENTRO SAUDE TABOADELA;C-32-000099;Galicia;Ourense;Taboadela;Centros de salud;Publicos
1236000105;CENTRO SAUDE TEIS;C-36-000112;Galicia;Pontevedra;Vigo;Centros de salud;Publicos
1215000064;CENTRO SAUDE TEIXEIRO;C-15-000069;Galicia;Coruña, A;Curtis;Centros de salud;Publicos
1232000099;CENTRO SAUDE TOEN;C-32-000101;Galicia;Ourense;Toén;Centros de salud;Publicos
1236000084;CENTRO SAUDE TOMIÑO;C-36-000091;Galicia;Pontevedra;Tomiño;Centros de salud;Publicos
1215000154;CENTRO SAUDE TOQUES;C-15-000165;Galicia;Coruña, A;Toques;Centros de salud;Publicos
1215000155;CENTRO SAUDE TORDOIA;C-15-000166;Galicia;Coruña, A;Tordoia;Centros de salud;Publicos
1215000156;CENTRO SAUDE TOURO;C-15-000167;Galicia;Coruña, A;Touro;Centros de salud;Publicos
1227000083;CENTRO SAUDE TRABADA;C-27-000084;Galicia;Lugo;Trabada;Centros de salud;Publicos
1232000100;CENTRO SAUDE TRASMIRAS;C-32-000102;Galicia;Ourense;Trasmiras;Centros de salud;Publicos
1227000084;CENTRO SAUDE TRIACASTELA;C-27-000085;Galicia;Lugo;Triacastela;Centros de salud;Publicos
1236000086;CENTRO SAUDE TUI;C-36-000093;Galicia;Pontevedra;Tui;Centros de salud;Publicos
1236000055;CENTRO SAUDE VAL MIÑOR;C-36-000057;Galicia;Pontevedra;Nigrán;Centros de salud;Publicos
1215000159;CENTRO SAUDE VALDOVIÑO;C-15-000170;Galicia;Coruña, A;Valdoviño;Centros de salud;Publicos
1236000087;CENTRO SAUDE VALGA;C-36-000094;Galicia;Pontevedra;Valga;Centros de salud;Publicos
1232000068;CENTRO SAUDE VALLE INCLAN;C-32-000069;Galicia;Ourense;Ourense;Centros de salud;Publicos
1215000162;CENTRO SAUDE VEDRA;C-15-000173;Galicia;Coruña, A;Vedra;Centros de salud;Publicos
1232000102;CENTRO SAUDE VEREA;C-32-000104;Galicia;Ourense;Verea;Centros de salud;Publicos
1232000103;CENTRO SAUDE VERIN;C-32-000105;Galicia;Ourense;Verín;Centros de salud;Publicos
1232000104;CENTRO SAUDE VIANA DO BOLO;C-32-000106;Galicia;Ourense;Viana do Bolo;Centros de salud;Publicos
1215000157;CENTRO SAUDE VIAÑO PEQUENO;C-15-000168;Galicia;Coruña, A;Trazo;Centros de salud;Publicos
1236000108;CENTRO SAUDE VILA DE CRUCES;C-36-000115;Galicia;Pontevedra;Vila de Cruces;Centros de salud;Publicos
1236000106;CENTRO SAUDE VILABOA;C-36-000113;Galicia;Pontevedra;Vilaboa;Centros de salud;Publicos
1227000087;CENTRO SAUDE VILALBA;C-27-000088;Galicia;Lugo;Vilalba;Centros de salud;Publicos
1232000105;CENTRO SAUDE VILAMARIN;C-32-000107;Galicia;Ourense;Vilamarín;Centros de salud;Publicos
1232000106;CENTRO SAUDE VILAMARTIN VALO;C-32-000109;Galicia;Ourense;Vilamartín de Valdeorras;Centros de salud;Publicos
1236000112;CENTRO SAUDE VILANOVA AROUSA;C-36-000119;Galicia;Pontevedra;Vilanova de Arousa;Centros de salud;Publicos
1232000107;CENTRO SAUDE VILAR DE BARRIO;C-32-000110;Galicia;Ourense;Vilar de Barrio;Centros de salud;Publicos
1232000108;CENTRO SAUDE VILAR DE SANTOS;C-32-000111;Galicia;Ourense;Vilar de Santos;Centros de salud;Publicos
1232000109;CENTRO SAUDE VILARDEVOS;C-32-000112;Galicia;Ourense;Vilardevós;Centros de salud;Publicos
1232000110;CENTRO SAUDE VILARIÑO DE CONSO;C-32-000113;Galicia;Ourense;Vilariño de Conso;Centros de salud;Publicos
1215000164;CENTRO SAUDE VILARMAIOR;C-15-000175;Galicia;Coruña, A;Vilarmaior;Centros de salud;Publicos
1232000060;CENTRO SAUDE VILLAZA-MONTERREI;C-32-000061;Galicia;Ourense;Monterrei;Centros de salud;Publicos
1215000165;CENTRO SAUDE VIMIANZO;C-15-000176;Galicia;Coruña, A;Vimianzo;Centros de salud;Publicos
1236000058;CENTRO SAUDE VIRXE PEREGRINA;C-36-000061;Galicia;Pontevedra;Pontevedra;Centros de salud;Publicos
1215000144;CENTRO SAUDE VITE;C-15-000154;Galicia;Coruña, A;Santiago de Compostela;Centros de salud;Publicos
1227000088;CENTRO SAUDE VIVEIRO;C-27-000089;Galicia;Lugo;Viveiro;Centros de salud;Publicos
1232000044;CENTRO SAUDE X. DE ESPADAÑEDO;C-32-000045;Galicia;Ourense;Xunqueira de Espadanedo;Centros de salud;Publicos
1215000090;CENTRO SAUDE XANCEDA;C-15-000096;Galicia;Coruña, A;Mesía;Centros de salud;Publicos
1227000029;CENTRO SAUDE XERMADE;C-27-000029;Galicia;Lugo;Xermade;Centros de salud;Publicos
1232000039;CENTRO SAUDE XINZO DE LIMIA;C-32-000040;Galicia;Ourense;Xinzo de Limia;Centros de salud;Publicos
1227000035;CENTRO SAUDE XOVE;C-27-000035;Galicia;Lugo;Xove;Centros de salud;Publicos
1232000043;CENTRO SAUDE XUNQUEIRA DE AMBIA;C-32-000044;Galicia;Ourense;Xunqueira de Ambía;Centros de salud;Publicos
1215000127;CENTRO SAUDE XUÑO;C-15-000137;Galicia;Coruña, A;Porto do Son;Centros de salud;Publicos
1215000166;CENTRO SAUDE ZAS;C-15-000177;Galicia;Coruña, A;Zas;Centros de salud;Publicos
0535002232;CENTRO UNIVERSITARIO DE SALUD DE SAN BARTOLOME;5100;Canarias;Palmas, Las;San Bartolomé;Centros de salud;Publicos
0535002228;CENTRO UNIVERSITARIO DE SALUD DE TITERROY;5096;Canarias;Palmas, Las;Arrecife;Centros de salud;Publicos
0141003164;CERRO DEL AGUILA;35556;Andalucía;Sevilla;Sevilla;Centros de salud;Publicos
1106001304;CERRO GORDO;06100939;Extremadura;Badajoz;Badajoz;Centros de salud;Publicos
0111000480;CHIPIONA DOCTOR TOLOSA LATOUR;20922;Andalucía;Cádiz;Chipiona;Centros de salud;Publicos
0118000966;CHURRIANA DE LA VEGA;21456;Andalucía;Granada;Churriana de la Vega;Centros de salud;Publicos
0129005356;CHURRIANA_SUAP;31849;Andalucía;Málaga;Málaga;Centros de salud;Publicos
0908004424;CIS COTXERES;E08897648;Cataluña;Barcelona;Barcelona;Centros de salud;Privados
1236000036;CIS DE LALIN;C-36-000038;Galicia;Pontevedra;Lalín;Centros de salud;Publicos
1236004322;CIS OLIMPIA VALENCIA DE VIGO;C-36-003625;Galicia;Pontevedra;Vigo;Centros de salud;Publicos
0141003211;CISNEO ALTO_LAS NACIONES;35746;Andalucía;Sevilla;Sevilla;Centros de salud;Publicos
0104000601;CIUDAD JARDIN;20907;Andalucía;Almería;Almería;Centros de salud;Publicos
0129001503;CIUDAD JARDIN (GUADALMEDINA);20908;Andalucía;Málaga;Málaga;Centros de salud;Publicos
1328001010;CL CAMARMA DE ESTERUELAS;CS10283;Madrid, Comunidad de;Madrid;Camarma de Esteruelas;Centros de salud;Publicos
1328009285;CL CHINCHON;CS9389;Madrid, Comunidad de;Madrid;Chinchón;Centros de salud;Publicos
1328018812;CL DOCTOR AGUILAR;CS13990;Madrid, Comunidad de;Madrid;Cubas de la Sagra;Centros de salud;Publicos
1328017546;CL NUEVO BAZTAN;CS13070;Madrid, Comunidad de;Madrid;Nuevo Baztán;Centros de salud;Publicos
0908001513;CL VACARISSES;E08045770;Cataluña;Barcelona;Vacarisses;Centros de salud;Publicos
0129001504;COIN;20911;Andalucía;Málaga;Coín;Centros de salud;Publicos
0129001505;COLMENAR;20912;Andalucía;Málaga;Colmenar;Centros de salud;Publicos
0129005355;COLONIA SANTA INES-TEATINOS;31097;Andalucía;Málaga;Málaga;Centros de salud;Publicos
0141004879;CONSTANTINA_SUAP;38822;Andalucía;Sevilla;Constantina;Centros de salud;Publicos
0943000914;CONSULTORI LOCAL DE LA CANONJA;E43007870;Cataluña;Tarragona;Canonja, La;Centros de salud;Publicos
0917000869;CONSULTORI LOCAL DE RIUMORS;E17992362;Cataluña;Girona;Riumors;Centros de salud;Publicos
0943000577;CONSULTORI LOCAL D'EL PLA DE SANTA MARIA;E43816279;Cataluña;Tarragona;Pla de Santa Maria, El;Centros de salud;Publicos
0917000540;CONSULTORI LOCAL OLOT NORD;E17719596;Cataluña;Girona;Olot;Centros de salud;Publicos
0917000870;CONSULTORI LOCAL PALOL DE REVARDIT;E17992370;Cataluña;Girona;Palol de Revardit;Centros de salud;Publicos
0917000579;CONSULTORI LOCAL PORT DE LA SELVA;E17772790;Cataluña;Girona;Port de la Selva, El;Centros de salud;Publicos
0925000616;CONSULTORI MEDIC MAGRANERS;E25991136;Cataluña;Lleida;Lleida;Centros de salud;Publicos
1046010838;CONSULTORIO AUXILIAR DE PATERNA SANTA RITA;24338;Comunitat Valenciana;Valencia/València;Paterna;Centros de salud;Publicos
1046000289;CONSULTORIO AUXILIAR LOS PEDRONES;1123;Comunitat Valenciana;Valencia/València;Requena;Centros de salud;Publicos
1648000862;CONSULTORIO DE ZEBERIO;48 C.2.3.1. 2103;País Vasco;Bizkaia;Zeberio;Centros de salud;Publicos
0114003698;CORDOBA CENTRO;54178;Andalucía;Córdoba;Córdoba;Centros de salud;Publicos
1106000165;CORDOBILLA DE LACARA;06000206;Extremadura;Badajoz;Cordobilla de Lácara;Centros de salud;Publicos
1110000245;CORIA;10000524;Extremadura;Cáceres;Coria;Centros de salud;Publicos
0121000285;CORTEGANA;20916;Andalucía;Huelva;Cortegana;Centros de salud;Publicos
0104000602;CRUZ DE CARAVACA;20917;Andalucía;Almería;Almería;Centros de salud;Publicos
0129001584;CRUZ DE HUMILLADERO_SUAP;21427;Andalucía;Málaga;Málaga;Centros de salud;Publicos
1430001073;C.S.  DE TORRE PACHECO OESTE ANTONIO COZAR;21000013;Murcia, Región de;Murcia;Torre-Pacheco;Centros de salud;Publicos
0639000572;C.S.  RAMALES DE LA VICTORIA- ALTO ASON - SUAP;06/2000/01020;Cantabria;Cantabria;Ramales de la Victoria;Centros de salud;Publicos
0639001718;C.S.  SAJA CABUERNIGA  - SUAP;06/2014/02154;Cantabria;Cantabria;Cabezón de la Sal;Centros de salud;Publicos
1430007368;C.S. ABANILLA (AL AUTORIZAR AVISAR A RAMON -ASCEN DEL SMS);40005059;Murcia, Región de;Murcia;Abanilla;Centros de salud;Publicos
1430001048;C.S. ABARAN;20900084;Murcia, Región de;Murcia;Abarán;Centros de salud;Publicos
1328008380;CS ABRANTES;CS8465;Madrid, Comunidad de;Madrid;Madrid;Centros de salud;Publicos
0538002179;C.S. ADEJE;4996;Canarias;Santa Cruz de Tenerife;Adeje;Centros de salud;Publicos
1328004357;CS ADELFAS;CS4041;Madrid, Comunidad de;Madrid;Madrid;Centros de salud;Publicos
0535002142;C.S. AGAETE;4906;Canarias;Palmas, Las;Agaete;Centros de salud;Publicos
1430001714;C.S. AGUILAS/NORTE;2990025;Murcia, Región de;Murcia;Águilas;Centros de salud;Publicos
1430001713;C.S. AGUILAS/SUR;2990024;Murcia, Región de;Murcia;Águilas;Centros de salud;Publicos
0535002144;C.S. AGUIMES;4908;Canarias;Palmas, Las;Agüimes;Centros de salud;Publicos
1328019162;CS ALAMEDA;CS14146;Madrid, Comunidad de;Madrid;Madrid;Centros de salud;Publicos
1328004037;CS ALAMEDA OSUNA;CS3680;Madrid, Comunidad de;Madrid;Madrid;Centros de salud;Publicos
1328000544;CS ALCALA DE GUADAIRA;CS0740;Madrid, Comunidad de;Madrid;Madrid;Centros de salud;Publicos
1328009517;CS ALCALDE BARTOLOME GONZALEZ;CS9627;Madrid, Comunidad de;Madrid;Móstoles;Centros de salud;Publicos
1430000253;C.S. ALCANTARILLA CASCO;2020031;Murcia, Región de;Murcia;Alcantarilla;Centros de salud;Publicos
1430001022;C.S. ALCANTARILLA/SANGONERA LA SECA;20900056;Murcia, Región de;Murcia;Alcantarilla;Centros de salud;Publicos
0535002148;C.S. ALCARAVANERAS;4912;Canarias;Palmas, Las;Palmas de Gran Canaria, Las;Centros de salud;Publicos
1328000396;CS ALGETE;CS0507;Madrid, Comunidad de;Madrid;Algete;Centros de salud;Publicos
1430001428;C.S. ALGUAZAS;2950033;Murcia, Región de;Murcia;Alguazas;Centros de salud;Publicos
1430001024;C.S. ALHAMA DE MURCIA;20900058;Murcia, Región de;Murcia;Alhama de Murcia;Centros de salud;Publicos
1328021577;CS ALICANTE;CS16174;Madrid, Comunidad de;Madrid;Fuenlabrada;Centros de salud;Publicos
1328000393;CS ALMENDRALES;CS0501;Madrid, Comunidad de;Madrid;Madrid;Centros de salud;Publicos
0639000579;C.S. ALTAMIRA - SUAP;06/2000/01030;Cantabria;Cantabria;Reocín;Centros de salud;Publicos
0639000571;C.S. AMPUERO-BAJO ASON - SUAP;06/2000/01019;Cantabria;Cantabria;Ampuero;Centros de salud;Publicos
1328023097;CS ANDRES MELLADO;CS17064;Madrid, Comunidad de;Madrid;Madrid;Centros de salud;Privados
1328000836;CS ANGELA URIARTE;CS1012;Madrid, Comunidad de;Madrid;Madrid;Centros de salud;Publicos
0535002129;C.S. ANTIGUA;4861;Canarias;Palmas, Las;Antigua;Centros de salud;Publicos
1328006321;CS AQUITANIA;CS6269;Madrid, Comunidad de;Madrid;Madrid;Centros de salud;Publicos
1328009166;CS ARANJUEZ;CS9267;Madrid, Comunidad de;Madrid;Aranjuez;Centros de salud;Publicos
1328007234;CS ARAVACA;CS7271;Madrid, Comunidad de;Madrid;Madrid;Centros de salud;Publicos
1430004988;C.S. ARCHENA;40001967;Murcia, Región de;Murcia;Archena;Centros de salud;Publicos
1328000536;CS ARGANDA DEL REY;CS0725;Madrid, Comunidad de;Madrid;Arganda del Rey;Centros de salud;Publicos
1328008536;CS ARGANDA-FELICIDAD;CS8625;Madrid, Comunidad de;Madrid;Arganda del Rey;Centros de salud;Publicos
1328020774;CS ARGUELLES;CS15542;Madrid, Comunidad de;Madrid;Madrid;Centros de salud;Publicos
0535002175;C.S. ARGUINEGUIN;4939;Canarias;Palmas, Las;Mogán;Centros de salud;Publicos
0538002183;C.S. ARICO;5001;Canarias;Santa Cruz de Tenerife;Arico;Centros de salud;Publicos
0538002186;C.S. ARONA VILAFLOR - VALLE SAN LORENZO;5005;Canarias;Santa Cruz de Tenerife;Arona;Centros de salud;Publicos
0407000434;C.S. ARQUITECTE BENNASSAR;2277;Balears, Illes;Balears, Illes;Palma;Centros de salud;Publicos
1328017739;CS ARROYO DE LA VEGA;CS13267;Madrid, Comunidad de;Madrid;Alcobendas;Centros de salud;Publicos
1328002160;CS ARROYO MEDIALEGUA;CS1387;Madrid, Comunidad de;Madrid;Madrid;Centros de salud;Publicos
1328000239;CS ARTILLEROS;CS0265;Madrid, Comunidad de;Madrid;Madrid;Centros de salud;Publicos
0535002149;C.S. ARUCAS;4913;Canarias;Palmas, Las;Arucas;Centros de salud;Publicos
1328002076;CS AVENIDA DE ARAGÓN;CS1276;Madrid, Comunidad de;Madrid;Madrid;Centros de salud;Publicos
0639000570;C.S. BAJO PAS - SUAP;06/2000/01018;Cantabria;Cantabria;Piélagos;Centros de salud;Publicos
1328002788;CS BARAJAS;CS2223;Madrid, Comunidad de;Madrid;Madrid;Centros de salud;Publicos
1328009524;CS BARCELONA;CS9634;Madrid, Comunidad de;Madrid;Móstoles;Centros de salud;Publicos
0535002153;C.S. BARRIO ATLANTICO;4917;Canarias;Palmas, Las;Palmas de Gran Canaria, Las;Centros de salud;Publicos
0538002192;C.S. BARRIO DE LA SALUD;5011;Canarias;Santa Cruz de Tenerife;Santa Cruz de Tenerife;Centros de salud;Publicos
1328000288;CS BARRIO DEL PILAR;CS0339;Madrid, Comunidad de;Madrid;Madrid;Centros de salud;Publicos
1328029283;CS BAVIERA;CS19950;Madrid, Comunidad de;Madrid;Madrid;Centros de salud;Publicos
1328000443;CS BEINITA DE ÁVILA;CS0581;Madrid, Comunidad de;Madrid;Madrid;Centros de salud;Publicos
1430001049;C.S. BENIAJAN DR. FIDIAS MARIN VERA;20900085;Murcia, Región de;Murcia;Murcia;Centros de salud;Publicos
1430001115;C.S. BENIEL;21000057;Murcia, Región de;Murcia;Beniel;Centros de salud;Publicos
0639001719;C.S. BEZANA - SUAP;06/2014/02155;Cantabria;Cantabria;Santa Cruz de Bezana;Centros de salud;Publicos
1430000899;C.S. BLANCA;20800039;Murcia, Región de;Murcia;Blanca;Centros de salud;Publicos
0538002283;C.S. BREÑA ALTA;5120;Canarias;Santa Cruz de Tenerife;Breña Alta;Centros de salud;Publicos
1328007474;CS BRÚJULA;CS7525;Madrid, Comunidad de;Madrid;Torrejón de Ardoz;Centros de salud;Publicos
1328000364;CS BUENOS AIRES;CS0457;Madrid, Comunidad de;Madrid;Madrid;Centros de salud;Publicos
1328008122;CS BUITRAGO DE LOYOZA;CS8201;Madrid, Comunidad de;Madrid;Buitrago del Lozoya;Centros de salud;Publicos
1430001112;C.S. BULLAS;21000054;Murcia, Región de;Murcia;Bullas;Centros de salud;Publicos
1328007323;CS BUSTARVIEJO;CS7365;Madrid, Comunidad de;Madrid;Madrid;Centros de salud;Publicos
1328002632;CS CACERES;CS2040;Madrid, Comunidad de;Madrid;Madrid;Centros de salud;Publicos
1328009443;CS CADALSO DE LOS VIDRIOS;CS9550;Madrid, Comunidad de;Madrid;Cadalso de los Vidrios;Centros de salud;Publicos
0407000463;C.S. CALVIA (SANTA PONÇA);2307;Balears, Illes;Balears, Illes;Calvià;Centros de salud;Publicos
0639000569;C.S. CAMARGO INTERIOR - JOSE BARROS;06/2000/01017;Cantabria;Cantabria;Camargo;Centros de salud;Publicos
0407000435;C.S. CAMP REDO;2278;Balears, Illes;Balears, Illes;Palma;Centros de salud;Publicos
1328006222;CS CAMPAMENTO;CS6158;Madrid, Comunidad de;Madrid;Madrid;Centros de salud;Publicos
1430007100;C.S. CAMPO DE CARTAGENA-CORVERA;40004474;Murcia, Región de;Murcia;Murcia;Centros de salud;Publicos
1328000847;CS CAMPO DE LA PALOMA;CS1013;Madrid, Comunidad de;Madrid;Madrid;Centros de salud;Publicos
1328013153;CS CAMPO REAL;CS11910;Madrid, Comunidad de;Madrid;Campo Real;Centros de salud;Publicos
0639000577;C.S. CAMPOO - CAMPOO-LOS VALLES;06/2000/01028;Cantabria;Cantabria;Reinosa;Centros de salud;Publicos
0407000555;C.S. CAN MISSES;2400;Balears, Illes;Balears, Illes;Eivissa;Centros de salud;Publicos
1328002790;CS CANAL DE PANAMÁ;CS2225;Madrid, Comunidad de;Madrid;Madrid;Centros de salud;Publicos
0407000572;C.S. CANAL SALAT;2417;Balears, Illes;Balears, Illes;Ciutadella de Menorca;Centros de salud;Publicos
0535002141;C.S. CANALEJAS;4905;Canarias;Palmas, Las;Palmas de Gran Canaria, Las;Centros de salud;Publicos
0538002193;C.S. CANDELARIA;5012;Canarias;Santa Cruz de Tenerife;Candelaria;Centros de salud;Publicos
1328003363;CS CANILLEJAS;CS2901;Madrid, Comunidad de;Madrid;Madrid;Centros de salud;Publicos
0407000471;C.S. CAPDEPERA;2315;Balears, Illes;Balears, Illes;Capdepera;Centros de salud;Publicos
1328012388;CS CARABANCHEL ALTO;CS11352;Madrid, Comunidad de;Madrid;Madrid;Centros de salud;Publicos
1328008655;CS CARAMUEL;CS8745;Madrid, Comunidad de;Madrid;Madrid;Centros de salud;Publicos
1430001111;C.S. CARAVACA;21000053;Murcia, Región de;Murcia;Caravaca de la Cruz;Centros de salud;Publicos
1430001407;C.S. CARAVACA / BARRANDA;2940001;Murcia, Región de;Murcia;Caravaca de la Cruz;Centros de salud;Publicos
1328007479;CS CARMEN CALZADO;CS7530;Madrid, Comunidad de;Madrid;Alcalá de Henares;Centros de salud;Publicos
1430000545;C.S. CARTAGENA / ESTE;20400272;Murcia, Región de;Murcia;Cartagena;Centros de salud;Publicos
1430000815;C.S. CARTAGENA / ISAAC PERAL;20700051;Murcia, Región de;Murcia;Cartagena;Centros de salud;Publicos
1430004965;C.S. CARTAGENA / OESTE;40001953;Murcia, Región de;Murcia;Cartagena;Centros de salud;Publicos
1430006542;C.S. CARTAGENA / SAN ANTON;40003848;Murcia, Región de;Murcia;Cartagena;Centros de salud;Publicos
1430001135;C.S. CARTAGENA CASCO ANTIGUO;21000078;Murcia, Región de;Murcia;Cartagena;Centros de salud;Publicos
1430001422;C.S. CARTAGENA/MOLINOS MARFAGONES;2950017;Murcia, Región de;Murcia;Cartagena;Centros de salud;Publicos
1430001442;C.S. CARTAGENA/POZO ESTRECHO;2950063;Murcia, Región de;Murcia;Cartagena;Centros de salud;Publicos
1328008715;CS CASA DE CAMPO;CS8806;Madrid, Comunidad de;Madrid;Madrid;Centros de salud;Publicos
0407000438;C.S. CASA DE LA MAR;2281;Balears, Illes;Balears, Illes;Palma;Centros de salud;Publicos
0538002196;C.S. CASCO BOTANICO;5015;Canarias;Santa Cruz de Tenerife;Puerto de la Cruz;Centros de salud;Publicos
1328032216;CS CASTELLO (NUEVO);CS21856;Madrid, Comunidad de;Madrid;Madrid;Centros de salud;Publicos
1328009546;CS CASTILLA LA NUEVA;CS9656;Madrid, Comunidad de;Madrid;Fuenlabrada;Centros de salud;Publicos
0639000590;C.S. CASTILLA-HERMIDA-PUERTO;06/2000/01044;Cantabria;Cantabria;Santander;Centros de salud;Publicos
0639000568;C.S. CAZOÑA;06/2000/01016;Cantabria;Cantabria;Santander;Centros de salud;Publicos
1328006154;CS CEA BERMÚDEZ;CS6083;Madrid, Comunidad de;Madrid;Madrid;Centros de salud;Publicos
1430001433;C.S. CEHEGIN;2950050;Murcia, Región de;Murcia;Cehegín;Centros de salud;Publicos
1328007197;CS CERCEDILLA;CS7232;Madrid, Comunidad de;Madrid;Cercedilla;Centros de salud;Publicos
1328002822;CS CERRO ALMODOVAR;CS2260;Madrid, Comunidad de;Madrid;Madrid;Centros de salud;Publicos
1328002593;CS CERRO DEL AIRE;CS1989;Madrid, Comunidad de;Madrid;Majadahonda;Centros de salud;Publicos
1328008416;CS CIEMPOZUELOS;CS8502;Madrid, Comunidad de;Madrid;Ciempozuelos;Centros de salud;Publicos
1430004791;C.S. CIEZA OESTE;40001775;Murcia, Región de;Murcia;Cieza;Centros de salud;Publicos
1328008603;CS CIUDAD DE LOS PERIODISTAS;CS8693;Madrid, Comunidad de;Madrid;Madrid;Centros de salud;Publicos
1328007055;CS CIUDAD JARDÍN;CS7081;Madrid, Comunidad de;Madrid;Madrid;Centros de salud;Publicos
1328005391;CS CIUDAD SAN PABLO;CS5245;Madrid, Comunidad de;Madrid;Coslada;Centros de salud;Publicos
1328005390;CS CIUDAD VALLEAGUADO;CS5244;Madrid, Comunidad de;Madrid;Coslada;Centros de salud;Publicos
0407000441;C.S. COLL D´EN RABASSA;2284;Balears, Illes;Balears, Illes;Palma;Centros de salud;Publicos
1328007388;CS COLLADO VILLALBA PUEBLO;CS7432;Madrid, Comunidad de;Madrid;Collado Villalba;Centros de salud;Publicos
1328007171;CS COLLADO VILLALBA-ESTACION;CS7205;Madrid, Comunidad de;Madrid;Collado Villalba;Centros de salud;Publicos
1328000398;CS COLMENAR DE OREJA;CS0512;Madrid, Comunidad de;Madrid;Colmenar de Oreja;Centros de salud;Publicos
1328007347;CS COLMENAR NORTE;CS7390;Madrid, Comunidad de;Madrid;Colmenar Viejo;Centros de salud;Publicos
1328008647;CS COLMENAR VIEJO SUR;CS8737;Madrid, Comunidad de;Madrid;Colmenar Viejo;Centros de salud;Publicos
1328000628;CS COMILLAS;CS0878;Madrid, Comunidad de;Madrid;Madrid;Centros de salud;Publicos
1328007418;CS CONDES DE BARCELONA;CS7465;Madrid, Comunidad de;Madrid;Boadilla del Monte;Centros de salud;Publicos
0535002155;C.S. CONO SUR;4919;Canarias;Palmas, Las;Palmas de Gran Canaria, Las;Centros de salud;Publicos
0535002139;C.S. CORRALEJO;4873;Canarias;Palmas, Las;Oliva, La;Centros de salud;Publicos
0639000152;C.S. COVADONGA -TORRELAVEGA SUR- SUAP;06/1993/01033;Cantabria;Cantabria;Torrelavega;Centros de salud;Publicos
0639000566;C.S. CUDEYO - SUAP;06/2000/01014;Cantabria;Cantabria;Medio Cudeyo;Centros de salud;Publicos
0535002156;C.S. CUEVA TORRES;4920;Canarias;Palmas, Las;Palmas de Gran Canaria, Las;Centros de salud;Publicos
1328009260;CS CUZCO;CS9364;Madrid, Comunidad de;Madrid;Fuenlabrada;Centros de salud;Publicos
0407000573;C.S. DALT SANT JOAN;2418;Balears, Illes;Balears, Illes;Maó;Centros de salud;Publicos
1328000552;CS DAROCA;CS0750;Madrid, Comunidad de;Madrid;Madrid;Centros de salud;Publicos
1430001028;C.S. DE  CEUTI;20900063;Murcia, Región de;Murcia;Ceutí;Centros de salud;Publicos
0538002178;C.S. DE AÑAZA;4995;Canarias;Santa Cruz de Tenerife;Santa Cruz de Tenerife;Centros de salud;Publicos
0538002190;C.S. DE BARRANCO GRANDE;5009;Canarias;Santa Cruz de Tenerife;Santa Cruz de Tenerife;Centros de salud;Publicos
1430000189;C.S. DE EL ALGAR;2010096;Murcia, Región de;Murcia;Cartagena;Centros de salud;Publicos
1430000539;C.S. DE FUENTE ALAMO;20400264;Murcia, Región de;Murcia;Fuente Álamo de Murcia;Centros de salud;Publicos
0538002206;C.S. DE GUIMAR;5025;Canarias;Santa Cruz de Tenerife;Güímar;Centros de salud;Publicos
0538002212;C.S. DE ICOD;5031;Canarias;Santa Cruz de Tenerife;Icod de los Vinos;Centros de salud;Publicos
0538002233;C.S. DE LOS REALEJOS;5052;Canarias;Santa Cruz de Tenerife;Realejos, Los;Centros de salud;Publicos
0538002239;C.S. DE LOS SILOS;5058;Canarias;Santa Cruz de Tenerife;Silos, Los;Centros de salud;Publicos
0538002242;C.S. DE OFRA DELICIAS;5061;Canarias;Santa Cruz de Tenerife;Santa Cruz de Tenerife;Centros de salud;Publicos
0538002243;C.S. DE OFRA MIRAMAR;5062;Canarias;Santa Cruz de Tenerife;Santa Cruz de Tenerife;Centros de salud;Publicos
0538002167;C.S. DE PLAYA SANTIAGO;4891;Canarias;Santa Cruz de Tenerife;Alajeró;Centros de salud;Publicos
0737003960;C.S. DE PROSPERIDAD;37-C231-0039;Castilla y León;Salamanca;Salamanca;Centros de salud;Publicos
1430001150;C.S. DE PUENTE TOCINOS;21000093;Murcia, Región de;Murcia;Murcia;Centros de salud;Publicos
1430001732;C.S. DE SAN PEDRO DEL PINATAR;2990053;Murcia, Región de;Murcia;San Pedro del Pinatar;Centros de salud;Publicos
1430001617;C.S. DE SANTA LUCIA;2980139;Murcia, Región de;Murcia;Cartagena;Centros de salud;Publicos
0538002254;C.S. DE SANTA URSULA;5073;Canarias;Santa Cruz de Tenerife;Santa Úrsula;Centros de salud;Publicos
0538002219;C.S. DE TACO;5038;Canarias;Santa Cruz de Tenerife;San Cristóbal de La Laguna;Centros de salud;Publicos
0538002259;C.S. DE TACORONTE;5078;Canarias;Santa Cruz de Tenerife;Tacoronte;Centros de salud;Publicos
0538002264;C.S. DE TEJINA;5083;Canarias;Santa Cruz de Tenerife;Tacoronte;Centros de salud;Publicos
1328008392;CS DELICIAS;CS8477;Madrid, Comunidad de;Madrid;Madrid;Centros de salud;Publicos
0639000582;C.S. DOBRA -TORRELAVEGA-NORTE;06/2000/01034;Cantabria;Cantabria;Torrelavega;Centros de salud;Publicos
1328008096;CS DOCTOR CASTROVIEJO;CS8174;Madrid, Comunidad de;Madrid;Madrid;Centros de salud;Publicos
1328000447;CS DOCTOR CIRAJAS;CS0586;Madrid, Comunidad de;Madrid;Madrid;Centros de salud;Publicos
1328009468;CS DOCTOR TRUETA;CS9575;Madrid, Comunidad de;Madrid;Alcorcón;Centros de salud;Publicos
1328009516;CS DOS DE MAYO;CS9626;Madrid, Comunidad de;Madrid;Madrid;Centros de salud;Publicos
0535002134;C.S. DR ARISTIDES HERNANDEZ;4868;Canarias;Palmas, Las;Puerto del Rosario;Centros de salud;Publicos
1328009518;CS DR. LUENGO RODRÍGUEZ;CS9628;Madrid, Comunidad de;Madrid;Móstoles;Centros de salud;Publicos
1328009046;CS DR. MENDIGUCHÍA CARRICHE;CS9145;Madrid, Comunidad de;Madrid;Leganés;Centros de salud;Publicos
1328008556;CS DR. TAMAMES;CS8645;Madrid, Comunidad de;Madrid;Coslada;Centros de salud;Publicos
0639000567;C.S. DR.LOPEZ ALBO-COLINDRES - SUAP;06/2000/01015;Cantabria;Cantabria;Colindres;Centros de salud;Publicos
0639001349;C.S. EL ALISAL;06/2010/01366;Cantabria;Cantabria;Santander;Centros de salud;Publicos
0639000565;C.S. EL ASTILLERO - SUAP;06/2000/01013;Cantabria;Cantabria;Astillero, El;Centros de salud;Publicos
1328000182;CS EL BERCIAL;CS0175;Madrid, Comunidad de;Madrid;Getafe;Centros de salud;Publicos
0535002157;C.S. EL CALERO;4921;Canarias;Palmas, Las;Telde;Centros de salud;Publicos
1328000146;CS EL ESPINILLO;CS0112;Madrid, Comunidad de;Madrid;Madrid;Centros de salud;Publicos
0538002269;C.S. EL FRAILE - ARONA COSTA II;5088;Canarias;Santa Cruz de Tenerife;Arona;Centros de salud;Publicos
1328008520;CS EL MOLAR;CS8609;Madrid, Comunidad de;Madrid;Molar, El;Centros de salud;Publicos
1328009234;CS EL NARANJO;CS9336;Madrid, Comunidad de;Madrid;Fuenlabrada;Centros de salud;Publicos
1328006849;CS EL PARDO;CS6851;Madrid, Comunidad de;Madrid;Madrid;Centros de salud;Publicos
0538002177;C.S. EL PASO;4902;Canarias;Santa Cruz de Tenerife;Paso, El;Centros de salud;Publicos
1328009416;CS EL PUERTO;CS9523;Madrid, Comunidad de;Madrid;Coslada;Centros de salud;Publicos
1328006873;CS EL RESTÓN;CS6876;Madrid, Comunidad de;Madrid;Valdemoro;Centros de salud;Publicos
1328008919;CS EL SOTO;CS9013;Madrid, Comunidad de;Madrid;Móstoles;Centros de salud;Publicos
1328000258;CS EL TORITO;CS0292;Madrid, Comunidad de;Madrid;Madrid;Centros de salud;Publicos
1328002071;CS ELOY GONZALO;CS1268;Madrid, Comunidad de;Madrid;Madrid;Centros de salud;Publicos
1328008342;CS EMBAJADORES;CS8427;Madrid, Comunidad de;Madrid;Madrid;Centros de salud;Publicos
0407000443;C.S. EMILI DARDER;2286;Balears, Illes;Balears, Illes;Palma;Centros de salud;Publicos
1328032736;CS ENFERMERA CARMEN VAZQUEZ;CS22326;Madrid, Comunidad de;Madrid;Móstoles;Centros de salud;Publicos
1328008551;CS ENSANCHE DE VALLECAS;CS8640;Madrid, Comunidad de;Madrid;Madrid;Centros de salud;Publicos
1328000259;CS ENTREVÍAS;CS0293;Madrid, Comunidad de;Madrid;Madrid;Centros de salud;Publicos
0407000576;C.S. ES BANYER;2421;Balears, Illes;Balears, Illes;Alaior;Centros de salud;Publicos
0407000489;C.S. ES BLANQUER;2333;Balears, Illes;Balears, Illes;Inca;Centros de salud;Publicos
0407000474;C.S. ES PLA;2318;Balears, Illes;Balears, Illes;Sineu;Centros de salud;Publicos
0407000479;C.S. ES RAIGUER;2323;Balears, Illes;Balears, Illes;Binissalem;Centros de salud;Publicos
0407000483;C.S. ES TRENCADORS;2327;Balears, Illes;Balears, Illes;Llucmajor;Centros de salud;Publicos
0407000565;C.S. ES VIVER;2410;Balears, Illes;Balears, Illes;Eivissa;Centros de salud;Publicos
0535002159;C.S. ESCALERITAS;4923;Canarias;Palmas, Las;Palmas de Gran Canaria, Las;Centros de salud;Publicos
1328000282;CS ESPRONCEDA;CS0330;Madrid, Comunidad de;Madrid;Madrid;Centros de salud;Publicos
1328003016;CS ESTRECHO DE COREA;CS2494;Madrid, Comunidad de;Madrid;Madrid;Centros de salud;Publicos
1328000486;CS FEDERICA MONTSENY;CS0642;Madrid, Comunidad de;Madrid;Madrid;Centros de salud;Publicos
0407000485;C.S. FELANITX;2329;Balears, Illes;Balears, Illes;Felanitx;Centros de salud;Publicos
1328009523;CS FELIPE II;CS9633;Madrid, Comunidad de;Madrid;Móstoles;Centros de salud;Publicos
0407000578;C.S. FERRERIES;2423;Balears, Illes;Balears, Illes;Ferreries;Centros de salud;Publicos
0535002160;C.S. FIRGAS;4924;Canarias;Palmas, Las;Firgas;Centros de salud;Publicos
0407001671;C.S. FORMENTERA;3512;Balears, Illes;Balears, Illes;Formentera;Centros de salud;Publicos
1328009258;CS FRANCIA;CS9362;Madrid, Comunidad de;Madrid;Fuenlabrada;Centros de salud;Publicos
0538002152;C.S. FRONTERA;4876;Canarias;Santa Cruz de Tenerife;Frontera;Centros de salud;Publicos
1328007472;CS FRONTERAS;CS7523;Madrid, Comunidad de;Madrid;Torrejón de Ardoz;Centros de salud;Publicos
1328006875;CS FUENCARRAL;CS6878;Madrid, Comunidad de;Madrid;Madrid;Centros de salud;Publicos
1328007340;CS FUENTELARREINA;CS7382;Madrid, Comunidad de;Madrid;Madrid;Centros de salud;Publicos
1328001668;CS GALAPAGAR;CS10911;Madrid, Comunidad de;Madrid;Galapagar;Centros de salud;Publicos
0535002162;C.S. GALDAR;4926;Canarias;Palmas, Las;Gáldar;Centros de salud;Publicos
0639000564;C.S. GAMA - SUAP;06/2000/01012;Cantabria;Cantabria;Bárcena de Cicero;Centros de salud;Publicos
1328005731;CS GANDHI;CS5628;Madrid, Comunidad de;Madrid;Madrid;Centros de salud;Publicos
0538002173;C.S. GARAFIA;4898;Canarias;Santa Cruz de Tenerife;Garafía;Centros de salud;Publicos
1328003358;CS GARCÍA NOBLEJAS;CS2896;Madrid, Comunidad de;Madrid;Madrid;Centros de salud;Publicos
1328002480;CS GENERAL FANJUL;CS1832;Madrid, Comunidad de;Madrid;Madrid;Centros de salud;Publicos
1328008540;CS GENERAL RICARDOS;CS8629;Madrid, Comunidad de;Madrid;Madrid;Centros de salud;Publicos
1328006368;CS GETAFE NORTE;CS6322;Madrid, Comunidad de;Madrid;Getafe;Centros de salud;Publicos
1328001985;CS GOYA;CS1140;Madrid, Comunidad de;Madrid;Madrid;Centros de salud;Publicos
0535002127;C.S. GRAN TARAJAL;4859;Canarias;Palmas, Las;Tuineje;Centros de salud;Publicos
1328000408;CS GRECO;CS0528;Madrid, Comunidad de;Madrid;Getafe;Centros de salud;Publicos
1328009428;CS GREGORIO MARAÑÓN;CS9535;Madrid, Comunidad de;Madrid;Alcorcón;Centros de salud;Publicos
1328009476;CS GRIÑÓN;CS9583;Madrid, Comunidad de;Madrid;Griñón;Centros de salud;Publicos
1328000410;CS GUADARRAMA;CS0530;Madrid, Comunidad de;Madrid;Guadarrama;Centros de salud;Publicos
0535002164;C.S. GUANARTEME;4928;Canarias;Palmas, Las;Palmas de Gran Canaria, Las;Centros de salud;Publicos
1328000454;CS GUAYABA;CS0597;Madrid, Comunidad de;Madrid;Madrid;Centros de salud;Publicos
1328006268;CS GUZMÁN EL BUENO;CS6210;Madrid, Comunidad de;Madrid;Madrid;Centros de salud;Publicos
0535002231;C.S. HARIA;5099;Canarias;Palmas, Las;Haría;Centros de salud;Publicos
1328017833;CS HUERTA DE LOS FRAILES;CS13363;Madrid, Comunidad de;Madrid;Leganés;Centros de salud;Publicos
1328009235;CS HUMANES;CS9337;Madrid, Comunidad de;Madrid;Humanes de Madrid;Centros de salud;Publicos
1328000313;CS IBIZA;CS0377;Madrid, Comunidad de;Madrid;Madrid;Centros de salud;Publicos
1328008502;CS INFANTA MERCEDES;CS8590;Madrid, Comunidad de;Madrid;Madrid;Centros de salud;Publicos
1328013516;CS INFANTE DON LUIS DE BORBON;CS12162;Madrid, Comunidad de;Madrid;Boadilla del Monte;Centros de salud;Publicos
0535002166;C.S. INGENIO;4930;Canarias;Palmas, Las;Ingenio;Centros de salud;Publicos
1328004204;CS ISABEL II;CS3870;Madrid, Comunidad de;Madrid;Parla;Centros de salud;Publicos
0639000173;C.S. ISABEL II- CENTRO;06/1996/01024;Cantabria;Cantabria;Santander;Centros de salud;Publicos
1328012480;CS ISLA DE OZA;CS11358;Madrid, Comunidad de;Madrid;Madrid;Centros de salud;Publicos
1328009257;CS JAIME VERA;CS9361;Madrid, Comunidad de;Madrid;Leganés;Centros de salud;Publicos
1328008803;CS JAIME VERA;CS8895;Madrid, Comunidad de;Madrid;Coslada;Centros de salud;Publicos
1328001982;CS JAZMIN;CS1135;Madrid, Comunidad de;Madrid;Madrid;Centros de salud;Publicos
0535002168;C.S. JINAMAR;4932;Canarias;Palmas, Las;Telde;Centros de salud;Publicos
1328006310;CS JOAQUIN RODRIGO;CS6256;Madrid, Comunidad de;Madrid;Madrid;Centros de salud;Publicos
1328000256;CS JOSÉ MARÍA LLANOS;CS0287;Madrid, Comunidad de;Madrid;Madrid;Centros de salud;Publicos
0908000211;CAP CENTRE DE SALUT MARIA BERNADES;E08014010;Cataluña;Barcelona;Viladecans;Centros de salud;Publicos
0925000004;CAP CERVERA;E25007052;Cataluña;Lleida;Cervera;Centros de salud;Publicos
0908000692;CAP CHAFARINAS;E08032429;Cataluña;Barcelona;Barcelona;Centros de salud;Publicos
0908006383;CAP CIRERA MOLINS;E08025887;Cataluña;Barcelona;Mataró;Centros de salud;Publicos
0908006388;CAP CIUTAT MERIDIANA;E08021650;Cataluña;Barcelona;Barcelona;Centros de salud;Publicos
0908002271;CAP COLLBLANC;E08603425;Cataluña;Barcelona;Hospitalet de Llobregat, L';Centros de salud;Publicos
0908005438;CAP COMTE BORRELL;E08572537;Cataluña;Barcelona;Barcelona;Centros de salud;Publicos
0908003706;CAP CONCORDIA;E08767790;Cataluña;Barcelona;Sabadell;Centros de salud;Publicos
0943000065;CAP CONSTANTI;E43021590;Cataluña;Tarragona;Constantí;Centros de salud;Publicos
0908002731;CAP CORBERA DE LLOBREGAT;E08665478;Cataluña;Barcelona;Corbera de Llobregat;Centros de salud;Publicos
0908000053;CAP CORNELLA DE LLOBREGAT;E08003058;Cataluña;Barcelona;Cornellà de Llobregat;Centros de salud;Publicos
0943000599;CAP CORNUDELLA DE MONTSANT;E43864882;Cataluña;Tarragona;Cornudella de Montsant;Centros de salud;Publicos
0908001515;CAP CORRO D'AVALL;E08046446;Cataluña;Barcelona;Franqueses del Vallès, Les;Centros de salud;Publicos
0908000095;CAP CREU DE BARBERA;E08004767;Cataluña;Barcelona;Sabadell;Centros de salud;Publicos
0908006652;CAP CRUILLA;E08026859;Cataluña;Barcelona;Lliçà d'Amunt;Centros de salud;Publicos
0908003922;CAP CUBELLES;E08808310;Cataluña;Barcelona;Cubelles;Centros de salud;Publicos
0908005682;CAP DE GELIDA;E08032556;Cataluña;Barcelona;Gelida;Centros de salud;Publicos
0917000015;CAP DE RIPOLL;E17006919;Cataluña;Girona;Ripoll;Centros de salud;Publicos
0908000206;CAP DE SANT CELONI;E08013715;Cataluña;Barcelona;Sant Celoni;Centros de salud;Publicos
0925000207;CAP DE SANTA MARIA;E25557955;Cataluña;Lleida;Lleida;Centros de salud;Publicos
0925000665;CAP DE SEROS;E25033951;Cataluña;Lleida;Seròs;Centros de salud;Publicos
0908000627;CAP DEL REMEI.;E08031425;Cataluña;Barcelona;Vic;Centros de salud;Privados
0943000911;CAP DELTEBRE;E43028020;Cataluña;Tarragona;Deltebre;Centros de salud;Publicos
0943000203;CAP D'ESPECIALITATS AMPOSTA;E43043847;Cataluña;Tarragona;Amposta;Centros de salud;Privados
0908000089;CAP DISSET DE SETEMBRE;E08004460;Cataluña;Barcelona;Prat de Llobregat, El;Centros de salud;Publicos
0908000101;CAP DOCTOR BARRAQUER;E08004950;Cataluña;Barcelona;Sant Adrià de Besòs;Centros de salud;Publicos
0908000268;CAP DOCTOR JOSEP PUJOL I CAPÇADA;E08019072;Cataluña;Barcelona;Prat de Llobregat, El;Centros de salud;Publicos
0908000001;CAP DOCTOR ROBERT;E08000089;Cataluña;Barcelona;Badalona;Centros de salud;Publicos
0917000950;CAP DOCTORA CASAPONSA;E17026827;Cataluña;Girona;Bisbal d'Empordà, La;Centros de salud;Privados
0908001762;CAP DR. AGUSTI GARRIGA;E08053718;Cataluña;Barcelona;Artés;Centros de salud;Publicos
0908000465;CAP DR. BARTOMEU FABRES ANGLADA;E08025862;Cataluña;Barcelona;Gavà;Centros de salud;Publicos
0943000002;CAP DR. GIMBERNAT;E43007542;Cataluña;Tarragona;Cambrils;Centros de salud;Publicos
0908006381;CAP DR. GONÇAL CALVO I QUERALTO;E08040797;Cataluña;Barcelona;Argentona;Centros de salud;Publicos
0908001484;CAP DR. GUILLERMO MASRIERA;E08044752;Cataluña;Barcelona;Vilassar de Mar;Centros de salud;Publicos
0908000046;CAP DR. JOAN MIRAMBELL I FOLCH;E08002819;Cataluña;Barcelona;Caldes de Montbui;Centros de salud;Publicos
0908006377;CAP DR. JOAN PLANAS;E08016314;Cataluña;Barcelona;Castellbisbal;Centros de salud;Publicos
0917000948;CAP DR. JOAN VILAPLANA;E17025020;Cataluña;Girona;Girona;Centros de salud;Publicos
0917000010;CAP DR. JORDI NADAL I FABREGAS;E17006612;Cataluña;Girona;Salt;Centros de salud;Publicos
0908000432;CAP DR. LLUIS SAYE;E08024964;Cataluña;Barcelona;Barcelona;Centros de salud;Publicos
0917000442;CAP DR. MOISES BROGGI;E17652180;Cataluña;Girona;Escala, L';Centros de salud;Privados
0943000010;CAP DR. SARRO ROSET;E43008095;Cataluña;Tarragona;Valls;Centros de salud;Publicos
0908000015;CAP DRASSANES (RAVAL SUD);E08000441;Cataluña;Barcelona;Barcelona;Centros de salud;Publicos
0908006400;CAP DR.CARLES RIBAS;E08021640;Cataluña;Barcelona;Barcelona;Centros de salud;Publicos
0908001485;CAP DR.JOSEP TORNER I FORS;E08044760;Cataluña;Barcelona;Malgrat de Mar;Centros de salud;Publicos
0908000027;CAP EAP SARRIA;E08001540;Cataluña;Barcelona;Barcelona;Centros de salud;Privados
0908015838;CAP EL GORG;E08755883;Cataluña;Barcelona;Badalona;Centros de salud;Publicos
0908000077;CAP EL MARESME;E08003940;Cataluña;Barcelona;Mataró;Centros de salud;Publicos
0908000076;CAP EL MASNOU;E08003932;Cataluña;Barcelona;Masnou, El;Centros de salud;Publicos
0943000147;CAP EL MORELL;E43035934;Cataluña;Tarragona;Morell, El;Centros de salud;Publicos
0925000085;CAP EL PONT DE SUERT;E25029955;Cataluña;Lleida;Pont de Suert, El;Centros de salud;Publicos
1328020953;CS JOSÉ MARVÁ;CS15826;Madrid, Comunidad de;Madrid;Madrid;Centros de salud;Publicos
1328001009;CS JUAN DE AUSTRIA;CS10282;Madrid, Comunidad de;Madrid;Alcalá de Henares;Centros de salud;Publicos
1328000181;CS JUAN DE LA CIERVA;CS0174;Madrid, Comunidad de;Madrid;Getafe;Centros de salud;Publicos
1430000841;C.S. JUMILLA;20700083;Murcia, Región de;Murcia;Jumilla;Centros de salud;Publicos
1328006076;CS JUNCAL;CS6002;Madrid, Comunidad de;Madrid;Torrejón de Ardoz;Centros de salud;Publicos
1328008699;CS JUSTICIA;CS8790;Madrid, Comunidad de;Madrid;Madrid;Centros de salud;Publicos
0639000595;C.S. LA BARRERA  -CASTRO NORTE;06/2000/01049;Cantabria;Cantabria;Castro-Urdiales;Centros de salud;Publicos
1328000411;CS LA CABRERA;CS0531;Madrid, Comunidad de;Madrid;Cabrera, La;Centros de salud;Publicos
1328007339;CS LA CHOPERA;CS7381;Madrid, Comunidad de;Madrid;Alcobendas;Centros de salud;Publicos
0538002218;C.S. LA CUESTA;5037;Canarias;Santa Cruz de Tenerife;San Cristóbal de La Laguna;Centros de salud;Publicos
0538002224;C.S. LA CUESTA - FINCA ESPAÑA;5043;Canarias;Santa Cruz de Tenerife;San Cristóbal de La Laguna;Centros de salud;Publicos
1328009357;CS LA GARENA;CS9463;Madrid, Comunidad de;Madrid;Alcalá de Henares;Centros de salud;Publicos
0538002246;C.S. LA GUANCHA;5065;Canarias;Santa Cruz de Tenerife;Guancha, La;Centros de salud;Publicos
0538002287;C.S. LA LAGUNA  MERCEDES;5125;Canarias;Santa Cruz de Tenerife;San Cristóbal de La Laguna;Centros de salud;Publicos
0538002220;C.S. LA LAGUNGA SAN BENITO;5039;Canarias;Santa Cruz de Tenerife;San Cristóbal de La Laguna;Centros de salud;Publicos
1430000555;C.S. LA MANGA-COSTA CALIDA;20500007;Murcia, Región de;Murcia;Cartagena;Centros de salud;Publicos
0538002271;C.S. LA MATANZA;5090;Canarias;Santa Cruz de Tenerife;Matanza de Acentejo, La;Centros de salud;Publicos
1328000426;CS LA PAZ;CS0552;Madrid, Comunidad de;Madrid;Rivas-Vaciamadrid;Centros de salud;Publicos
1328006129;CS LA PLATA;CS6058;Madrid, Comunidad de;Madrid;Torrejón de Ardoz;Centros de salud;Publicos
1328009059;CS LA PRINCESA;CS9158;Madrid, Comunidad de;Madrid;Móstoles;Centros de salud;Publicos
1328009451;CS LA RIVOTA;CS9558;Madrid, Comunidad de;Madrid;Alcorcón;Centros de salud;Publicos
1430000554;C.S. LA UNION;20500006;Murcia, Región de;Murcia;Unión, La;Centros de salud;Publicos
1328006870;CS LA VENTILLA;CS6873;Madrid, Comunidad de;Madrid;Madrid;Centros de salud;Publicos
0538002245;C.S. LA VERA - SAN ANTONIO;5064;Canarias;Santa Cruz de Tenerife;Puerto de la Cruz;Centros de salud;Publicos
1328003809;CS LA VEREDILLA;CS3430;Madrid, Comunidad de;Madrid;Torrejón de Ardoz;Centros de salud;Publicos
0538002231;C.S. LA VICTORIA;5050;Canarias;Santa Cruz de Tenerife;Victoria de Acentejo, La;Centros de salud;Publicos
1328032164;CS LAGASCA;CS21829;Madrid, Comunidad de;Madrid;Madrid;Centros de salud;Publicos
0639000573;C.S. LAREDO - SUAP;06/2000/01022;Cantabria;Cantabria;Laredo;Centros de salud;Publicos
1328000324;CS LAS AGUILAS;CS0399;Madrid, Comunidad de;Madrid;Madrid;Centros de salud;Publicos
1328007303;CS LAS AMERICAS;CS7343;Madrid, Comunidad de;Madrid;Parla;Centros de salud;Publicos
1328000108;CS LAS CALESAS;CS0037;Madrid, Comunidad de;Madrid;Madrid;Centros de salud;Publicos
1328003005;CS LAS CIUDADES;CS2479;Madrid, Comunidad de;Madrid;Getafe;Centros de salud;Publicos
1328009545;CS LAS CORTES;CS9655;Madrid, Comunidad de;Madrid;Madrid;Centros de salud;Publicos
1328013333;CS LAS MARGARITAS;CS12062;Madrid, Comunidad de;Madrid;Getafe;Centros de salud;Publicos
1328008501;CS LAS OLIVAS;CS8589;Madrid, Comunidad de;Madrid;Aranjuez;Centros de salud;Publicos
1328007995;CS LAS REJAS;CS8070;Madrid, Comunidad de;Madrid;Madrid;Centros de salud;Publicos
0535002171;C.S. LAS REMUDAS;4935;Canarias;Palmas, Las;Telde;Centros de salud;Publicos
1328000183;CS LAS ROZAS - EL ABAJÓN;CS0177;Madrid, Comunidad de;Madrid;Rozas de Madrid, Las;Centros de salud;Publicos
1328029228;CS LAS TABLAS;CS19930;Madrid, Comunidad de;Madrid;Madrid;Centros de salud;Publicos
1430001558;C.S. LAS TORRES DE COTILLAS;2970154;Murcia, Región de;Murcia;Torres de Cotillas, Las;Centros de salud;Publicos
1328008604;CS LAVAPIES;CS8694;Madrid, Comunidad de;Madrid;Madrid;Centros de salud;Publicos
1328013736;CS LEGANÉS NORTE;CS9664;Madrid, Comunidad de;Madrid;Leganés;Centros de salud;Publicos
1328008417;CS LEGAZPI;CS8503;Madrid, Comunidad de;Madrid;Madrid;Centros de salud;Publicos
0639000523;C.S. LIEBANA - SUAP;06/1999/01039;Cantabria;Cantabria;Potes;Centros de salud;Publicos
1328009188;CS LINNEO;CS9289;Madrid, Comunidad de;Madrid;Madrid;Centros de salud;Publicos
0407001057;C.S LLEVANT;3280;Balears, Illes;Balears, Illes;Son Servera;Centros de salud;Publicos
0535002205;C.S. LOMO BLANCO;4969;Canarias;Palmas, Las;Palmas de Gran Canaria, Las;Centros de salud;Publicos
1328008943;CS LONDRES;CS9038;Madrid, Comunidad de;Madrid;Madrid;Centros de salud;Publicos
1430000963;C.S. LORCA / SAN JOSE;20800108;Murcia, Región de;Murcia;Lorca;Centros de salud;Publicos
1430005069;C.S. LORCA / SUTULLENA;40002057;Murcia, Región de;Murcia;Lorca;Centros de salud;Publicos
1430003876;C.S. LORCA CENTRO;40000866;Murcia, Región de;Murcia;Lorca;Centros de salud;Publicos
1430001400;C.S. LORCA/LA PACA;2930006;Murcia, Región de;Murcia;Lorca;Centros de salud;Publicos
1430000550;C.S. LORCA/SAN DIEGO;20500002;Murcia, Región de;Murcia;Lorca;Centros de salud;Publicos
1430001030;C.S. LORQUI;20900065;Murcia, Región de;Murcia;Lorquí;Centros de salud;Publicos
1430000997;C.S. LOS ALCAZARES;20900030;Murcia, Región de;Murcia;Alcázares, Los;Centros de salud;Publicos
1328005699;CS LOS ALPES;CS5589;Madrid, Comunidad de;Madrid;Madrid;Centros de salud;Publicos
1328000676;CS LOS ÁNGELES;CS0951;Madrid, Comunidad de;Madrid;Madrid;Centros de salud;Publicos
1430001739;C.S. LOS BARREROS;2990064;Murcia, Región de;Murcia;Cartagena;Centros de salud;Publicos
1328006266;CS LOS CÁRMENES;CS6208;Madrid, Comunidad de;Madrid;Madrid;Centros de salud;Publicos
1328009409;CS LOS CASTILLOS;CS9516;Madrid, Comunidad de;Madrid;Alcorcón;Centros de salud;Publicos
0639000172;C.S. LOS CASTROS - LA MARUCA - SUAP;06/1996/01021;Cantabria;Cantabria;Santander;Centros de salud;Publicos
0639000578;C.S. LOS CORRALES DÑA.MARIA FERNANDEZ P.R.BESAYA - SUAP;06/2000/01029;Cantabria;Cantabria;Corrales de Buelna, Los;Centros de salud;Publicos
1430001737;C.S. LOS DOLORES;2990062;Murcia, Región de;Murcia;Cartagena;Centros de salud;Publicos
1328001011;CS LOS FRESNOS;CS10284;Madrid, Comunidad de;Madrid;Torrejón de Ardoz;Centros de salud;Publicos
0538002232;C.S. LOS GLADIOLOS;5051;Canarias;Santa Cruz de Tenerife;Santa Cruz de Tenerife;Centros de salud;Publicos
0538002174;C.S. LOS LLANOS;4899;Canarias;Santa Cruz de Tenerife;Llanos de Aridane, Los;Centros de salud;Publicos
1328006653;CS LOS ROSALES;CS6632;Madrid, Comunidad de;Madrid;Madrid;Centros de salud;Publicos
1328007223;CS LOS YEBENES;CS7259;Madrid, Comunidad de;Madrid;Madrid;Centros de salud;Publicos
1328008636;CS LUCERO;CS8726;Madrid, Comunidad de;Madrid;Madrid;Centros de salud;Publicos
1328007480;CS LUIS VIVES;CS7531;Madrid, Comunidad de;Madrid;Alcalá de Henares;Centros de salud;Publicos
1328007473;CS MANUEL MERINO;CS7524;Madrid, Comunidad de;Madrid;Alcalá de Henares;Centros de salud;Publicos
1328000417;CS MANZANARES EL REAL;CS0538;Madrid, Comunidad de;Madrid;Manzanares el Real;Centros de salud;Publicos
1328001765;CS MAQUEDA;CS11009;Madrid, Comunidad de;Madrid;Madrid;Centros de salud;Publicos
1328000557;CS MAR BÁLTICO;CS0761;Madrid, Comunidad de;Madrid;Madrid;Centros de salud;Publicos
1328018171;CS MARÍA ÁNGELES LÓPEZ GÓMEZ;CS13707;Madrid, Comunidad de;Madrid;Leganés;Centros de salud;Publicos
1328001595;CS MARÍA AUXILIADORA;CS10841;Madrid, Comunidad de;Madrid;Madrid;Centros de salud;Publicos
1328007478;CS MARÍA DE GUZMAN;CS7529;Madrid, Comunidad de;Madrid;Alcalá de Henares;Centros de salud;Publicos
1328009045;CS MARIA JESUS HEREZA;CS9144;Madrid, Comunidad de;Madrid;Leganés;Centros de salud;Publicos
1328009259;CS MARÍA MONTESSORI;CS9363;Madrid, Comunidad de;Madrid;Leganés;Centros de salud;Publicos
1328009765;CS MARIE CURIE;CS9878;Madrid, Comunidad de;Madrid;Leganés;Centros de salud;Publicos
0407001417;C.S MARINES;3261;Balears, Illes;Balears, Illes;Muro;Centros de salud;Publicos
1328006871;CS MARQUES DE LA VALDAVIA;CS6874;Madrid, Comunidad de;Madrid;Alcobendas;Centros de salud;Publicos
0407000514;C.S. MARTI SERRA;2359;Balears, Illes;Balears, Illes;Marratxí;Centros de salud;Publicos
1328008415;CS MARTÍN DE VARGAS;CS8501;Madrid, Comunidad de;Madrid;Madrid;Centros de salud;Publicos
1328000496;CS MARTINEZ DE LA RIVA;CS0662;Madrid, Comunidad de;Madrid;Madrid;Centros de salud;Publicos
0535002172;C.S. MASPALOMAS;4936;Canarias;Palmas, Las;San Bartolomé de Tirajana;Centros de salud;Publicos
0538002175;C.S. MAZO;4900;Canarias;Santa Cruz de Tenerife;Villa de Mazo;Centros de salud;Publicos
1328007475;CS MECO;CS7526;Madrid, Comunidad de;Madrid;Meco;Centros de salud;Publicos
1328008537;CS MEJORADA DEL CAMPO;CS8626;Madrid, Comunidad de;Madrid;Madrid;Centros de salud;Publicos
0639000594;C.S. MERUELO - SUAP;06/2000/01048;Cantabria;Cantabria;Meruelo;Centros de salud;Publicos
0639000593;C.S. MIERA - SUAP;06/2000/01047;Cantabria;Cantabria;Liérganes;Centros de salud;Publicos
0407000510;C.S. MIGJORN;2355;Balears, Illes;Balears, Illes;Llucmajor;Centros de salud;Publicos
1328001013;CS MIGUEL DE CERVANTES;CS10286;Madrid, Comunidad de;Madrid;Alcalá de Henares;Centros de salud;Publicos
1328007458;CS MIGUEL SERVET;CS7508;Madrid, Comunidad de;Madrid;Alcorcón;Centros de salud;Publicos
0535002174;C.S. MILLER BAJO;4938;Canarias;Palmas, Las;Palmas de Gran Canaria, Las;Centros de salud;Publicos
1328008750;CS MIRAFLORES;CS8841;Madrid, Comunidad de;Madrid;Alcobendas;Centros de salud;Publicos
1328007295;CS MIRASIERRA;CS7335;Madrid, Comunidad de;Madrid;Madrid;Centros de salud;Publicos
1430007221;C.S. MOLINA ESTE;40004720;Murcia, Región de;Murcia;Molina de Segura;Centros de salud;Publicos
1430001029;C.S. MOLINA NORTE - DR. ANTONIO GARCIA;20900064;Murcia, Región de;Murcia;Molina de Segura;Centros de salud;Publicos
1328002057;CS MONÓVAR;CS1247;Madrid, Comunidad de;Madrid;Madrid;Centros de salud;Publicos
0639001441;C.S. MONTAÑA- NUEVA MONTAÑA;06/2012/01658;Cantabria;Cantabria;Santander;Centros de salud;Publicos
1430001072;C.S. MONTEAGUDO;21000012;Murcia, Región de;Murcia;Murcia;Centros de salud;Publicos
1328009728;CS MONTERROZAS;CS9841;Madrid, Comunidad de;Madrid;Rozas de Madrid, Las;Centros de salud;Publicos
1328001012;CS MONTESA;CS10285;Madrid, Comunidad de;Madrid;Madrid;Centros de salud;Publicos
1430001116;C.S. MORATALLA;21000058;Murcia, Región de;Murcia;Moratalla;Centros de salud;Publicos
0535002128;C.S. MORRO JABLE;4860;Canarias;Palmas, Las;Pájara;Centros de salud;Publicos
0535002182;C.S. MOYA;4946;Canarias;Palmas, Las;Moya;Centros de salud;Publicos
1430001025;C.S. MULA;20900059;Murcia, Región de;Murcia;Mula;Centros de salud;Publicos
0538002166;C.S. MULAGUA;4890;Canarias;Santa Cruz de Tenerife;Hermigua;Centros de salud;Publicos
1430006982;C.S. MURCIA / ALGEZARES;40004360;Murcia, Región de;Murcia;Murcia;Centros de salud;Publicos
1430002252;C.S. MURCIA / ALJUCER;40000288;Murcia, Región de;Murcia;Murcia;Centros de salud;Publicos
1430000961;C.S. MURCIA / CABEZO DE TORRES;20800105;Murcia, Región de;Murcia;Murcia;Centros de salud;Publicos
1430004548;C.S. MURCIA / CENTRO (SAN JUAN);40001553;Murcia, Región de;Murcia;Murcia;Centros de salud;Publicos
1430001113;C.S. MURCIA / EL PALMAR;21000055;Murcia, Región de;Murcia;Murcia;Centros de salud;Publicos
1430000978;C.S. MURCIA / EL RANERO;20900010;Murcia, Región de;Murcia;Murcia;Centros de salud;Publicos
1430001429;C.S. MURCIA / ESPINARDO;2950034;Murcia, Región de;Murcia;Murcia;Centros de salud;Publicos
1430003484;C.S. MURCIA / FLORIDABLANCA;40000459;Murcia, Región de;Murcia;Murcia;Centros de salud;Publicos
1430001131;C.S. MURCIA / LA ALBERCA;21000074;Murcia, Región de;Murcia;Murcia;Centros de salud;Publicos
1430002065;C.S. MURCIA / LA ÑORA;40000061;Murcia, Región de;Murcia;Murcia;Centros de salud;Publicos
1430001312;C.S. MURCIA / LLANO DE BRUJAS;21100154;Murcia, Región de;Murcia;Murcia;Centros de salud;Publicos
1430001033;C.S. MURCIA / NONDUERMAS;20900069;Murcia, Región de;Murcia;Murcia;Centros de salud;Publicos
1430000959;C.S. MURCIA / SAN ANDRES;20800103;Murcia, Región de;Murcia;Murcia;Centros de salud;Publicos
1430001039;C.S. MURCIA / SANTA MARIA DE GRACIA;20900075;Murcia, Región de;Murcia;Murcia;Centros de salud;Publicos
1430000930;C.S. MURCIA / VISTA ALEGRE;20800072;Murcia, Región de;Murcia;Murcia;Centros de salud;Publicos
1430000929;C.S. MURCIA / VISTABELLA;20800071;Murcia, Región de;Murcia;Murcia;Centros de salud;Publicos
1430000840;C.S. MURCIA / ZARANDONA;20700082;Murcia, Región de;Murcia;Murcia;Centros de salud;Publicos
1430004544;C.S. MURCIA SUR;40001548;Murcia, Región de;Murcia;Murcia;Centros de salud;Publicos
1430001027;C.S. MURCIA/ALQUERIAS;20900061;Murcia, Región de;Murcia;Murcia;Centros de salud;Publicos
1430000989;C.S. MURCIA/BARRIO DEL CARMEN;20900022;Murcia, Región de;Murcia;Murcia;Centros de salud;Publicos
1430001036;C.S. MURCIA/INFANTE;20900072;Murcia, Región de;Murcia;Murcia;Centros de salud;Publicos
0407001446;C.S NA BURGUESA;3313;Balears, Illes;Balears, Illes;Calvià;Centros de salud;Publicos
0639000576;C.S. NANSA - SUAP;06/2000/01027;Cantabria;Cantabria;Rionansa;Centros de salud;Publicos
1328000421;CS NAVALCARNERO;CS0545;Madrid, Comunidad de;Madrid;Navalcarnero;Centros de salud;Publicos
1328028839;CS NAVALCARNERO II;CS19673;Madrid, Comunidad de;Madrid;Navalcarnero;Centros de salud;Publicos
1328009533;CS NAVAS DEL REY;CS9643;Madrid, Comunidad de;Madrid;Navas del Rey;Centros de salud;Publicos
1328000589;CS NUESTRA SEÑORA DE FÁTIMA;CS0821;Madrid, Comunidad de;Madrid;Madrid;Centros de salud;Publicos
1328003810;CS NUESTRA SEÑORA DEL PILAR;CS3431;Madrid, Comunidad de;Madrid;Alcalá de Henares;Centros de salud;Publicos
1328019225;CS NUMANCIA;CS14189;Madrid, Comunidad de;Madrid;Madrid;Centros de salud;Publicos
1328019526;CS NUÑEZ MORGADO;CS14480;Madrid, Comunidad de;Madrid;Madrid;Centros de salud;Publicos
0407000519;C.S. NUREDDUNA;2364;Balears, Illes;Balears, Illes;Artà;Centros de salud;Publicos
0639000574;C.S. ONTANEDA- ALTO PAS - SUAP;06/2000/01025;Cantabria;Cantabria;Corvera de Toranzo;Centros de salud;Publicos
1328008459;CS ORCASITAS;CS8545;Madrid, Comunidad de;Madrid;Madrid;Centros de salud;Publicos
1328002018;CS ORCASUR;CS1184;Madrid, Comunidad de;Madrid;Madrid;Centros de salud;Publicos
0538002244;C.S. OROTAVA - DEHESA;5063;Canarias;Santa Cruz de Tenerife;Orotava, La;Centros de salud;Publicos
0538002250;C.S. OROTAVA - SAN ANTONIO;5069;Canarias;Santa Cruz de Tenerife;Orotava, La;Centros de salud;Publicos
1328000366;CS PACÍFICO;CS0459;Madrid, Comunidad de;Madrid;Madrid;Centros de salud;Publicos
1328007326;CS PALMA NORTE;CS7368;Madrid, Comunidad de;Madrid;Madrid;Centros de salud;Publicos
1328009073;CS PANADERAS;CS9172;Madrid, Comunidad de;Madrid;Fuenlabrada;Centros de salud;Publicos
1328008521;CS PARACUELLOS DEL JARAMA;CS8610;Madrid, Comunidad de;Madrid;Paracuellos de Jarama;Centros de salud;Publicos
1328032073;CS PARLA ESTE;CS21751;Madrid, Comunidad de;Madrid;Parla;Centros de salud;Publicos
1328009525;CS PARQUE COIMBRA;CS9635;Madrid, Comunidad de;Madrid;Móstoles;Centros de salud;Publicos
1328004709;CS PARQUE EUROPA;CS4462;Madrid, Comunidad de;Madrid;Pinto;Centros de salud;Publicos
1328013737;CS PARQUE LORANCA;CS9665;Madrid, Comunidad de;Madrid;Fuenlabrada;Centros de salud;Publicos
1328029229;CS PARQUE OESTE;CS19929;Madrid, Comunidad de;Madrid;Alcorcón;Centros de salud;Publicos
1328002633;CS PÁRROCO JULIO MORATE;CS2041;Madrid, Comunidad de;Madrid;Madrid;Centros de salud;Publicos
1328009167;CS PASEO IMPERIAL;CS9268;Madrid, Comunidad de;Madrid;Madrid;Centros de salud;Publicos
1328008745;CS PAVONES;CS8836;Madrid, Comunidad de;Madrid;Madrid;Centros de salud;Publicos
1328009233;CS PEDRO LAÍN ENTRALGO;CS9335;Madrid, Comunidad de;Madrid;Alcorcón;Centros de salud;Publicos
1328008605;CS PEÑA PRIETA;CS8695;Madrid, Comunidad de;Madrid;Madrid;Centros de salud;Publicos
1328000208;CS PERALES DE TAJUÑA;CS0219;Madrid, Comunidad de;Madrid;Perales de Tajuña;Centros de salud;Publicos
1328008341;CS PERALES DEL RIO;CS8426;Madrid, Comunidad de;Madrid;Getafe;Centros de salud;Publicos
0407000445;C.S. PERE GARAU;2288;Balears, Illes;Balears, Illes;Palma;Centros de salud;Publicos
1328000423;CS PINTO;CS0547;Madrid, Comunidad de;Madrid;Pinto;Centros de salud;Publicos
1328000205;CS PINTORES;CS0216;Madrid, Comunidad de;Madrid;Parla;Centros de salud;Publicos
0639000592;C.S. PISUEÑA -CAYON - SUAP;06/2000/01046;Cantabria;Cantabria;Santa María de Cayón;Centros de salud;Publicos
0639000591;C.S. PISUEÑA -SELAYA - SUAP;06/2000/01045;Cantabria;Cantabria;Selaya;Centros de salud;Publicos
0407001447;C.S PLATJA DE PALMA;3314;Balears, Illes;Balears, Illes;Palma;Centros de salud;Publicos
0639000586;C.S. POLANCO - SUAP;06/2000/01038;Cantabria;Cantabria;Polanco;Centros de salud;Publicos
0407000521;C.S. POLLENÇA;2366;Balears, Illes;Balears, Illes;Pollença;Centros de salud;Publicos
0407001053;C.S PONENT;3275;Balears, Illes;Balears, Illes;Andratx;Centros de salud;Publicos
0407001432;C.S PORTO CRISTO;3297;Balears, Illes;Balears, Illes;Manacor;Centros de salud;Publicos
1328002017;CS POTES;CS1183;Madrid, Comunidad de;Madrid;Madrid;Centros de salud;Publicos
1328004990;CS POTOSÍ;CS4786;Madrid, Comunidad de;Madrid;Madrid;Centros de salud;Publicos
1328007168;CS POZUELO-ESTACIÓN;CS7202;Madrid, Comunidad de;Madrid;Pozuelo de Alarcón;Centros de salud;Publicos
1328009522;CS PRESENTACION SABIO;CS9632;Madrid, Comunidad de;Madrid;Móstoles;Centros de salud;Publicos
1328007165;CS PRÍNCIPE DE VERGARA;CS7199;Madrid, Comunidad de;Madrid;Madrid;Centros de salud;Publicos
1328002226;CS PUERTA BONITA;CS1477;Madrid, Comunidad de;Madrid;Madrid;Centros de salud;Publicos
1328005865;CS PUERTA DE MADRID;CS5775;Madrid, Comunidad de;Madrid;Alcalá de Henares;Centros de salud;Publicos
1328007159;CS PUERTA DEL ÁNGEL;CS7193;Madrid, Comunidad de;Madrid;Madrid;Centros de salud;Publicos
0535002187;C.S. PUERTO;4951;Canarias;Palmas, Las;Palmas de Gran Canaria, Las;Centros de salud;Publicos
0639000163;C.S. PUERTO CHICO;06/1995/01043;Cantabria;Cantabria;Santander;Centros de salud;Publicos
1430002035;C.S. PUERTO DE MAZARRON;40000023;Murcia, Región de;Murcia;Mazarrón;Centros de salud;Publicos
0535002124;C.S. PUERTO DEL ROSARIO;4856;Canarias;Palmas, Las;Puerto del Rosario;Centros de salud;Publicos
1430000553;C.S. PUERTO LUMBRERAS;20500005;Murcia, Región de;Murcia;Puerto Lumbreras;Centros de salud;Publicos
1328009600;CS QUINCE DE MAYO;CS9712;Madrid, Comunidad de;Madrid;Madrid;Centros de salud;Publicos
1328000328;CS RAFAEL ALBERTI;CS0403;Madrid, Comunidad de;Madrid;Madrid;Centros de salud;Publicos
0407000446;C.S. RAFAL - VIVERO;2289;Balears, Illes;Balears, Illes;Palma;Centros de salud;Publicos
1328009445;CS RAMON Y CAJAL;CS9552;Madrid, Comunidad de;Madrid;Alcorcón;Centros de salud;Publicos
1328008625;CS RASCAFRIA;CS8715;Madrid, Comunidad de;Madrid;Rascafría;Centros de salud;Publicos
1328000465;CS REINA VICTORIA;CS0611;Madrid, Comunidad de;Madrid;Madrid;Centros de salud;Publicos
1328008606;CS REYES CATOLICOS;CS8696;Madrid, Comunidad de;Madrid;San Sebastián de los Reyes;Centros de salud;Publicos
1328007477;CS REYES MAGOS;CS7528;Madrid, Comunidad de;Madrid;Alcalá de Henares;Centros de salud;Publicos
1328007219;CS ROBLEDO DE CHAVELA;CS7255;Madrid, Comunidad de;Madrid;Robledo de Chavela;Centros de salud;Publicos
1328008646;CS ROSA DE LUXEMBURGO;CS8736;Madrid, Comunidad de;Madrid;San Sebastián de los Reyes;Centros de salud;Publicos
0538002268;C.S. RUIZ DE PADRON;5087;Canarias;Santa Cruz de Tenerife;Santa Cruz de Tenerife;Centros de salud;Publicos
0407000502;C.S. SA TORRE MANACOR;2347;Balears, Illes;Balears, Illes;Manacor;Centros de salud;Publicos
0407000523;C.S. SAFRA;2368;Balears, Illes;Balears, Illes;Alcúdia;Centros de salud;Publicos
1328002123;CS SAN ANDRÉS;CS1336;Madrid, Comunidad de;Madrid;Madrid;Centros de salud;Publicos
0538002275;C.S. SAN ANDRES Y SAUCES;5111;Canarias;Santa Cruz de Tenerife;San Andrés y Sauces;Centros de salud;Publicos
0535002212;C.S. SAN BARTOLOME TIRAJANA;4977;Canarias;Palmas, Las;San Bartolomé de Tirajana;Centros de salud;Publicos
1328000207;CS SAN BLAS;CS0218;Madrid, Comunidad de;Madrid;Parla;Centros de salud;Publicos
1328007325;CS SAN CARLOS;CS7367;Madrid, Comunidad de;Madrid;San Lorenzo de El Escorial;Centros de salud;Publicos
1328008361;CS SAN CRISTOBAL;CS8446;Madrid, Comunidad de;Madrid;Madrid;Centros de salud;Publicos
1328008511;CS SAN FERMÍN;CS8600;Madrid, Comunidad de;Madrid;Madrid;Centros de salud;Publicos
1328002136;CS SAN FERNANDO;CS1351;Madrid, Comunidad de;Madrid;San Fernando de Henares;Centros de salud;Publicos
1328005392;CS SAN FERNANDO I;CS5246;Madrid, Comunidad de;Madrid;San Fernando de Henares;Centros de salud;Publicos
0535002188;C.S. SAN GREGORIO;4952;Canarias;Palmas, Las;Telde;Centros de salud;Publicos
1430000149;C.S. SAN JAVIER;2010038;Murcia, Región de;Murcia;San Javier;Centros de salud;Publicos
0535002186;C.S. SAN JOSE;4950;Canarias;Palmas, Las;Palmas de Gran Canaria, Las;Centros de salud;Publicos
0535002191;C.S. SAN JUAN;4955;Canarias;Palmas, Las;Telde;Centros de salud;Publicos
1328003389;CS SAN JUAN DE LA CRUZ;CS2927;Madrid, Comunidad de;Madrid;Pozuelo de Alarcón;Centros de salud;Publicos
1328008458;CS SAN MARTIN DE LA VEGA;CS8544;Madrid, Comunidad de;Madrid;San Martín de la Vega;Centros de salud;Publicos
1328000427;CS SAN MARTÍN DE VALDEIGLESIAS;CS0554;Madrid, Comunidad de;Madrid;San Martín de Valdeiglesias;Centros de salud;Publicos
0535002192;C.S. SAN MATEO;4956;Canarias;Palmas, Las;Vega de San Mateo;Centros de salud;Publicos
0535002184;C.S. SAN NICOLAS TOLENTINO;4948;Canarias;Palmas, Las;Aldea de San Nicolás, La;Centros de salud;Publicos
0535002196;C.S. SAN ROQUE;4960;Canarias;Palmas, Las;Palmas de Gran Canaria, Las;Centros de salud;Publicos
0538002157;C.S. SAN SEBASTIAN DE LA GOMERA;4881;Canarias;Santa Cruz de Tenerife;San Sebastián de la Gomera;Centros de salud;Publicos
0639000584;C.S. SAN VICENTE DE LA BARQUERA - SUAP;06/2000/01036;Cantabria;Cantabria;San Vicente de la Barquera;Centros de salud;Publicos
1328000180;CS SANCHEZ MORATE;CS0173;Madrid, Comunidad de;Madrid;Getafe;Centros de salud;Publicos
1328008063;CS SANCHINARRO;CS8140;Madrid, Comunidad de;Madrid;Madrid;Centros de salud;Publicos
1430007011;C.S. SANGONERA LA VERDE;40004392;Murcia, Región de;Murcia;Murcia;Centros de salud;Publicos
0407001511;C.S. SANT AGUSTI;3406;Balears, Illes;Balears, Illes;Palma;Centros de salud;Publicos
0407001531;C.S. SANT ANTONI DE PORTMANY;3432;Balears, Illes;Balears, Illes;Sant Antoni de Portmany;Centros de salud;Publicos
0407001532;C.S. SANT JORDI DE SES SALINES;3433;Balears, Illes;Balears, Illes;Sant Josep de sa Talaia;Centros de salud;Publicos
0535002197;C.S. SANTA BRIGIDA;4961;Canarias;Palmas, Las;Santa Brígida;Centros de salud;Publicos
0407000447;C.S. SANTA CATALINA;2290;Balears, Illes;Balears, Illes;Palma;Centros de salud;Publicos
0407000567;C.S. SANTA EULALIA DES RIU;2412;Balears, Illes;Balears, Illes;Santa Eulària des Riu;Centros de salud;Publicos
1328007164;CS SANTA HORTENSIA;CS7198;Madrid, Comunidad de;Madrid;Madrid;Centros de salud;Publicos
1328009140;CS SANTA ISABEL;CS9240;Madrid, Comunidad de;Madrid;Leganés;Centros de salud;Publicos
0407000525;C.S. SANTA MARIA;2370;Balears, Illes;Balears, Illes;Santa María del Camí;Centros de salud;Publicos
0535002200;C.S. SANTA MARIA DE GUIA;4964;Canarias;Palmas, Las;Santa María de Guía de Gran Canaria;Centros de salud;Publicos
1328005389;CS SANTA MÓNICA;CS5243;Madrid, Comunidad de;Madrid;Rivas-Vaciamadrid;Centros de salud;Publicos
0407000529;C.S. SANTANYI;2374;Balears, Illes;Balears, Illes;Santanyí;Centros de salud;Publicos
1430001026;C.S. SANTOMERA;20900060;Murcia, Región de;Murcia;Santomera;Centros de salud;Publicos
0639000589;C.S. SANTOÑA - SUAP;06/2000/01042;Cantabria;Cantabria;Santoña;Centros de salud;Publicos
0639000580;C.S. SARDINERO - SUAP;06/2000/01031;Cantabria;Cantabria;Santander;Centros de salud;Publicos
0538002169;C.S. S/C DE LA PALMA;4893;Canarias;Santa Cruz de Tenerife;Santa Cruz de la Palma;Centros de salud;Publicos
0535002203;C.S. SCHAMANN;4967;Canarias;Palmas, Las;Palmas de Gran Canaria, Las;Centros de salud;Publicos
1328000406;CS SECTOR 3;CS0526;Madrid, Comunidad de;Madrid;Getafe;Centros de salud;Publicos
1328006280;CS SEGOVIA;CS6223;Madrid, Comunidad de;Madrid;Madrid;Centros de salud;Publicos
1328007162;CS SEGRE;CS7196;Madrid, Comunidad de;Madrid;Madrid;Centros de salud;Publicos
0407000534;C.S. SERRA NORD (SOLLER);2379;Balears, Illes;Balears, Illes;Sóller;Centros de salud;Publicos
0407000545;C.S. SES ROQUES LLISES;2390;Balears, Illes;Balears, Illes;Vilafranca de Bonany;Centros de salud;Publicos
0407000451;C.S. S´ESCORXADOR;2294;Balears, Illes;Balears, Illes;Palma;Centros de salud;Publicos
1328028752;CS SEVILLA LA NUEVA;CS19640;Madrid, Comunidad de;Madrid;Sevilla la Nueva;Centros de salud;Publicos
1328008149;CS SIERRA DE GUADARRAMA;CS8230;Madrid, Comunidad de;Madrid;Collado Villalba;Centros de salud;Publicos
1328008095;CS SILVANO;CS8173;Madrid, Comunidad de;Madrid;Madrid;Centros de salud;Publicos
1328008327;CS SOMOSAGUAS;CS8411;Madrid, Comunidad de;Madrid;Pozuelo de Alarcón;Centros de salud;Publicos
0407000452;C.S. SON CLADERA;2295;Balears, Illes;Balears, Illes;Palma;Centros de salud;Publicos
0407000454;C.S. SON FERRIOL;2297;Balears, Illes;Balears, Illes;Palma;Centros de salud;Publicos
0407000456;C.S. SON GOTLEU;2299;Balears, Illes;Balears, Illes;Palma;Centros de salud;Publicos
0407000457;C.S. SON PISA;2300;Balears, Illes;Balears, Illes;Palma;Centros de salud;Publicos
0407000458;C.S. SON SERRA- LA VILETA;2301;Balears, Illes;Balears, Illes;Palma;Centros de salud;Publicos
1328009202;CS SOTO DEL REAL;CS9304;Madrid, Comunidad de;Madrid;Soto del Real;Centros de salud;Publicos
0639000587;C.S. SUANCES - SUAP;06/2000/01040;Cantabria;Cantabria;Suances;Centros de salud;Publicos
0538002256;C.S. TAMAIMO;5075;Canarias;Santa Cruz de Tenerife;Santiago del Teide;Centros de salud;Publicos
0535002206;C.S. TAMARACEITE;4970;Canarias;Palmas, Las;Palmas de Gran Canaria, Las;Centros de salud;Publicos
0639001337;C.S. TANOS -TORRELAVEGA- CARTES;06/2010/01343;Cantabria;Cantabria;Torrelavega;Centros de salud;Publicos
0538002279;C.S. TAZACORTE;5116;Canarias;Santa Cruz de Tenerife;Tazacorte;Centros de salud;Publicos
0535002234;C.S. TEGUISE;5102;Canarias;Palmas, Las;Teguise;Centros de salud;Publicos
0535002209;C.S. TEJEDA;4973;Canarias;Palmas, Las;Tejeda;Centros de salud;Publicos
0535002211;C.S. TEROR;4975;Canarias;Palmas, Las;Teror;Centros de salud;Publicos
0535002237;C.S. TIAS;5105;Canarias;Palmas, Las;Tías;Centros de salud;Publicos
0538002281;C.S. TIJARAFE;5118;Canarias;Santa Cruz de Tenerife;Tijarafe;Centros de salud;Publicos
1430000540;C.S. TORRE PACHECO ESTE;20400265;Murcia, Región de;Murcia;Torre-Pacheco;Centros de salud;Publicos
1328000430;CS TORRELAGUNA;CS0558;Madrid, Comunidad de;Madrid;Torrelaguna;Centros de salud;Publicos
1328007196;CS TORRELODONES;CS7231;Madrid, Comunidad de;Madrid;Torrelodones;Centros de salud;Publicos
1328005418;CS TORRES DE LA ALAMEDA;CS5277;Madrid, Comunidad de;Madrid;Torres de la Alameda;Centros de salud;Publicos
1430000566;C.S. TOTANA NORTE;20500022;Murcia, Región de;Murcia;Totana;Centros de salud;Publicos
1430005231;C.S. TOTANA SUR;40002153;Murcia, Región de;Murcia;Totana;Centros de salud;Publicos
0407000541;C.S. TRAMUNTANA (ESPORLES);2386;Balears, Illes;Balears, Illes;Esporles;Centros de salud;Publicos
1328008913;CS TRES CANTOS;CS9007;Madrid, Comunidad de;Madrid;Tres Cantos;Centros de salud;Publicos
1328008479;CS TRES CANTOS II;CS8566;Madrid, Comunidad de;Madrid;Tres Cantos;Centros de salud;Publicos
0535002218;C.S. TRIANA;4983;Canarias;Palmas, Las;Palmas de Gran Canaria, Las;Centros de salud;Publicos
1328007338;CS V CENTENARIO;CS7380;Madrid, Comunidad de;Madrid;San Sebastián de los Reyes;Centros de salud;Publicos
1328004642;CS VALDEBERNARDO;CS4381;Madrid, Comunidad de;Madrid;Madrid;Centros de salud;Publicos
1328017740;CS VALDELASFUENTES;CS13268;Madrid, Comunidad de;Madrid;Alcobendas;Centros de salud;Publicos
1328008393;CS VALDEMORO;CS8478;Madrid, Comunidad de;Madrid;Valdemoro;Centros de salud;Publicos
1328004418;CS VALDEZARZA SUR;CS4114;Madrid, Comunidad de;Madrid;Madrid;Centros de salud;Publicos
0407000460;C.S. VALLDARGENT;2303;Balears, Illes;Balears, Illes;Palma;Centros de salud;Publicos
1328008343;CS VALLE DE LA OLIVA;CS8428;Madrid, Comunidad de;Madrid;Majadahonda;Centros de salud;Publicos
0538002165;C.S. VALLE GRAN REY;4889;Canarias;Santa Cruz de Tenerife;Valle Gran Rey;Centros de salud;Publicos
1328006153;CS VALLE INCLÁN;CS6082;Madrid, Comunidad de;Madrid;Madrid;Centros de salud;Publicos
0538002168;C.S. VALLEHERMOSO;4892;Canarias;Santa Cruz de Tenerife;Vallehermoso;Centros de salud;Publicos
0535002219;C.S. VALLESECO;4984;Canarias;Palmas, Las;Valleseco;Centros de salud;Publicos
0538002274;C.S VALLESECO;5094;Canarias;Santa Cruz de Tenerife;Santa Cruz de Tenerife;Centros de salud;Publicos
0535002220;C.S. VALSEQUILLO;4985;Canarias;Palmas, Las;Valsequillo de Gran Canaria;Centros de salud;Publicos
0535002227;C.S. VALTERRA;5095;Canarias;Palmas, Las;Arrecife;Centros de salud;Publicos
0538002151;C.S. VALVERDE;4875;Canarias;Santa Cruz de Tenerife;Valverde;Centros de salud;Publicos
0639000588;C.S. VARGAS;06/2000/01041;Cantabria;Cantabria;Santander;Centros de salud;Publicos
1328008762;CS VELILLA DE SAN ANTONIO;CS8854;Madrid, Comunidad de;Madrid;Velilla de San Antonio;Centros de salud;Publicos
1328007167;CS VENTURA RODRIGUEZ;CS7201;Madrid, Comunidad de;Madrid;Madrid;Centros de salud;Publicos
0407001540;C.S. VERGE DEL TORO;3446;Balears, Illes;Balears, Illes;Maó;Centros de salud;Publicos
1328006528;CS VICENTE MUZAS;CS6494;Madrid, Comunidad de;Madrid;Madrid;Centros de salud;Publicos
1328018818;CS VICENTE SOLDEVILLA;CS13991;Madrid, Comunidad de;Madrid;Madrid;Centros de salud;Publicos
0407001530;C.S. VILA;3431;Balears, Illes;Balears, Illes;Eivissa;Centros de salud;Publicos
1328000294;CS VILLA DE VALLECAS;CS0350;Madrid, Comunidad de;Madrid;Madrid;Centros de salud;Publicos
1328000439;CS VILLA DEL PRADO;CS0571;Madrid, Comunidad de;Madrid;Villa del Prado;Centros de salud;Publicos
1328006847;CS VILLAAMIL;CS6849;Madrid, Comunidad de;Madrid;Madrid;Centros de salud;Publicos
1328008772;CS VILLABLANCA;CS8864;Madrid, Comunidad de;Madrid;Madrid;Centros de salud;Publicos
1328000436;CS VILLAJERO DE SALVANÉS;CS0567;Madrid, Comunidad de;Madrid;Villarejo de Salvanés;Centros de salud;Publicos
1328007166;CS VILLANUEVA DE LA CAÑADA;CS7200;Madrid, Comunidad de;Madrid;Villanueva de la Cañada;Centros de salud;Publicos
1328009487;CS VILLAVICIOSA DE ODON;CS9595;Madrid, Comunidad de;Madrid;Villaviciosa de Odón;Centros de salud;Publicos
1328007419;CS VIRGEN DE BEGOÑA;CS7466;Madrid, Comunidad de;Madrid;Madrid;Centros de salud;Publicos
1328000556;CS VIRGEN DEL CORTIJO;CS0760;Madrid, Comunidad de;Madrid;Madrid;Centros de salud;Publicos
0407000551;C.S. XALOC;2396;Balears, Illes;Balears, Illes;Campos;Centros de salud;Publicos
0535002239;C.S. YAIZA;5107;Canarias;Palmas, Las;Yaiza;Centros de salud;Publicos
1430000252;C.S. YECLA OESTE;2020030;Murcia, Región de;Murcia;Yecla;Centros de salud;Publicos
1430000842;C.S. YECLA/ESTE;20700084;Murcia, Región de;Murcia;Yecla;Centros de salud;Publicos
0639000583;C.S. ZAPATON -TORRELAVEGA -CENTRO;06/2000/01035;Cantabria;Cantabria;Torrelavega;Centros de salud;Publicos
0639001350;C.S.CAMARGO-COSTA - SUAP;06/2010/01367;Cantabria;Cantabria;Camargo;Centros de salud;Publicos
0639001351;C.S.COTOLINO  -CASTRO -SUR - SUAP;06/2010/01368;Cantabria;Cantabria;Castro-Urdiales;Centros de salud;Publicos
0639000162;C.S.DR. MORANTE  DAVILA;06/1995/01023;Cantabria;Cantabria;Santander;Centros de salud;Publicos
0908000303;CSMIJ CIUTAT VELLA;E08020367;Cataluña;Barcelona;Barcelona;Centros de salud;Publicos
0908015661;CUAP BAIX VALLES;E08762337;Cataluña;Barcelona;Santa Perpètua de Mogoda;Centros de salud;Publicos
0908008747;CUAP GRACIA;E08019322;Cataluña;Barcelona;Barcelona;Centros de salud;Publicos
0908005010;CUAP HORTA;E08972197;Cataluña;Barcelona;Barcelona;Centros de salud;Publicos
0908004277;CUAP PURA FERNANDEZ;E08871576;Cataluña;Barcelona;Hospitalet de Llobregat, L';Centros de salud;Publicos
0104000603;CUEVAS DE ALMANZORA;20918;Andalucía;Almería;Cuevas del Almanzora;Centros de salud;Publicos
0121002071;CUMBRES MAYORES_AGS NORTE DE HUELVA;50313;Andalucía;Huelva;Cumbres Mayores;Centros de salud;Publicos
0129001506;DELICIAS;20923;Andalucía;Málaga;Málaga;Centros de salud;Publicos
0129001496;DISTRITO SANITARIO COSTA DEL SOL, ARROYO DE LA MIEL-BENALMADENA;20860;Andalucía;Málaga;Benalmádena;Centros de salud;Publicos
0129005350;DISTRITO SANITARIO COSTA DEL SOL, CENTRO DE SALUD BENALMADENA - TORREQUEBRADA;30456;Andalucía;Málaga;Benalmádena;Centros de salud;Publicos
0118000856;DOCTORES DR. SALVADOR CABALLERO GARCIA;20924;Andalucía;Granada;Granada;Centros de salud;Publicos
1106000175;DON BENITO JOSE MARIA ALVAREZ;06000216;Extremadura;Badajoz;Don Benito;Centros de salud;Publicos
1106000944;DON BENITO OESTE;06100360;Extremadura;Badajoz;Don Benito;Centros de salud;Publicos
0104000604;EJIDO NORTE;20929;Andalucía;Almería;Ejido, El;Centros de salud;Publicos
0104000811;EJIDO SUR;22258;Andalucía;Almería;Ejido, El;Centros de salud;Publicos
0141004438;EL CACHORRO;32707;Andalucía;Sevilla;Sevilla;Centros de salud;Publicos
0141001257;EL CORONIL_DON JULIO BORREGUERO;21411;Andalucía;Sevilla;Coronil, El;Centros de salud;Publicos
0141003082;EL JUNCAL;35174;Andalucía;Sevilla;Sevilla;Centros de salud;Publicos
0141004871;EL MIRADOR;33238;Andalucía;Sevilla;Rinconada, La;Centros de salud;Publicos
0129008033;EL PALO;63698;Andalucía;Málaga;Málaga;Centros de salud;Publicos
0129001516;EL PALO;21004;Andalucía;Málaga;Málaga;Centros de salud;Publicos
0104000735;EL PARADOR;21834;Andalucía;Almería;Roquetas de Mar;Centros de salud;Publicos
0141004434;EL PORVENIR;31605;Andalucía;Sevilla;Sevilla;Centros de salud;Publicos
0141003727;EL RANCHO;37902;Andalucía;Sevilla;Morón de la Frontera;Centros de salud;Publicos
0118001480;EL REALEJO;26759;Andalucía;Granada;Granada;Centros de salud;Publicos
0121000297;EL TORREJON;21071;Andalucía;Huelva;Huelva;Centros de salud;Publicos
0123000383;EL VALLE;21082;Andalucía;Jaén;Jaén;Centros de salud;Publicos
1620000458;ELGOIBAR OSASUN ZENTROA CENTRO DE SALUD DE ELGOIBAR;20 C.2.3.1. 3732;País Vasco;Gipuzkoa;Elgoibar;Centros de salud;Publicos
1620000445;ERRENTERIA-IZTIETA OSASUN ZENTROA;20 C.2.3.1. 3556;País Vasco;Gipuzkoa;Errenteria;Centros de salud;Publicos
0111004822;ESPERANZA DE LA YEDRA CORONADA;68817;Andalucía;Cádiz;Jerez de la Frontera;Centros de salud;Publicos
0129001507;ESTEPONA DISTRITO SANITARIO COSTA DEL SOL, CENTRO DE SALUD;20931;Andalucía;Málaga;Estepona;Centros de salud;Publicos
1328006549;EXCELENTISIMO AYUNTAMIENTO DE MADRID;CS6519;Madrid, Comunidad de;Madrid;Madrid;Centros de salud;Publicos
0123000374;FEDERICO CASTILLO;21008;Andalucía;Jaén;Jaén;Centros de salud;Publicos
0114000941;FERNAN NUÑEZ;21507;Andalucía;Córdoba;Fernán-Núñez;Centros de salud;Publicos
0118003725;FIGARES;45878;Andalucía;Granada;Granada;Centros de salud;Publicos
0917000927;FISIOCLINIC  EMPORDA;E17583352;Cataluña;Girona;Vilafant;Centros de salud;Privados
0118001130;FORTUNY (VELUTTI);22077;Andalucía;Granada;Granada;Centros de salud;Publicos
1106000169;FREGENAL DE LA SIERRA;06000210;Extremadura;Badajoz;Fregenal de la Sierra;Centros de salud;Publicos
0129001509;FUENGIROLA-OESTE;20933;Andalucía;Málaga;Fuengirola;Centros de salud;Publicos
0114000885;FUENSANTA;20934;Andalucía;Córdoba;Córdoba;Centros de salud;Publicos
1106000168;FUENTE DE CANTOS;06000209;Extremadura;Badajoz;Fuente de Cantos;Centros de salud;Publicos
0123002732;FUENTE DE LA VILLA;46460;Andalucía;Jaén;Martos;Centros de salud;Publicos
1106000170;FUENTE DEL MAESTRE;06000211;Extremadura;Badajoz;Fuente del Maestre;Centros de salud;Publicos
0114000886;FUENTE PALMERA;20935;Andalucía;Córdoba;Fuente Palmera;Centros de salud;Publicos
0123000523;FUENTEZUELAS;22213;Andalucía;Jaén;Jaén;Centros de salud;Publicos
0118000998;GABIA LA GRANDE_LAS GABIAS;21540;Andalucía;Granada;Gabias, Las;Centros de salud;Publicos
0121002055;GIBRALEON;57527;Andalucía;Huelva;Gibraleón;Centros de salud;Publicos
0141004471;GINES_DOCTOR JUAN ANTONIO GONZALEZ CARABALLO;37907;Andalucía;Sevilla;Gines;Centros de salud;Publicos
0118001002;GONGORA;21565;Andalucía;Granada;Granada;Centros de salud;Publicos
0118001006;GRAN CAPITAN_SUAP;21569;Andalucía;Granada;Granada;Centros de salud;Publicos
0114000898;GUADALQUIVIR;21016;Andalucía;Córdoba;Córdoba;Centros de salud;Publicos
1110000247;GUADALUPE;10000526;Extremadura;Cáceres;Guadalupe;Centros de salud;Publicos
0118000857;GUADIX;20937;Andalucía;Granada;Guadix;Centros de salud;Publicos
1106000171;GUAREÑA;06000212;Extremadura;Badajoz;Guareña;Centros de salud;Publicos
1620000474;HERNANI OSASUN ZENTROA;20 C.2.3.1. 935;País Vasco;Gipuzkoa;Hernani;Centros de salud;Publicos
1110000248;HERVAS;10000527;Extremadura;Cáceres;Hervás;Centros de salud;Publicos
0114000887;HINOJOSA DEL DUQUE;20939;Andalucía;Córdoba;Hinojosa del Duque;Centros de salud;Publicos
1106000173;HORNACHOS;06000214;Extremadura;Badajoz;Hornachos;Centros de salud;Publicos
1110000249;HOYOS;10000528;Extremadura;Cáceres;Hoyos;Centros de salud;Publicos
0129001600;HUELIN;21619;Andalucía;Málaga;Málaga;Centros de salud;Publicos
0123000364;HUELMA;20940;Andalucía;Jaén;Huelma;Centros de salud;Publicos
0121000313;HUELVA CENTRO_SUAP;21355;Andalucía;Huelva;Huelva;Centros de salud;Publicos
0104000705;HUERCAL-OVERA;21622;Andalucía;Almería;Huércal-Overa;Centros de salud;Publicos
0114003699;HUERTA DE LA REINA;53580;Andalucía;Córdoba;Córdoba;Centros de salud;Publicos
0118000858;HUESCAR;20942;Andalucía;Granada;Huéscar;Centros de salud;Publicos
0118001023;HUETOR VEGA;21628;Andalucía;Granada;Huétor Vega;Centros de salud;Publicos
0118000859;HUETOR-TAJAR;20943;Andalucía;Granada;Huétor Tájar;Centros de salud;Publicos
0118000860;ILLORA;20944;Andalucía;Granada;Íllora;Centros de salud;Publicos
0121002061;ISLA CHICA_VIRGEN DE LA VICTORIA;57529;Andalucía;Huelva;Huelva;Centros de salud;Publicos
0114000889;IZNAJAR;20946;Andalucía;Córdoba;Iznájar;Centros de salud;Publicos
0118000861;IZNALLOZ;20947;Andalucía;Granada;Iznalloz;Centros de salud;Publicos
1110000250;JARAIZ DE LA VERA;10000529;Extremadura;Cáceres;Jaraíz de la Vera;Centros de salud;Publicos
0111003308;JEREZ CENTRO_SUAP;4;Andalucía;Cádiz;Jerez de la Frontera;Centros de salud;Publicos
1106000174;JEREZ DE LOS CABALLEROS;06000215;Extremadura;Badajoz;Jerez de los Caballeros;Centros de salud;Publicos
0111004502;JEREZ ESTE LA MILAGROSA Y DECCU;38490;Andalucía;Cádiz;Jerez de la Frontera;Centros de salud;Publicos
0111004500;JEREZ SUR;38489;Andalucía;Cádiz;Jerez de la Frontera;Centros de salud;Publicos
0123000366;JODAR DOCTOR RICARDO FERNANDEZ VALADES;20957;Andalucía;Jaén;Jódar;Centros de salud;Publicos
0129005360;LA CALA;37339;Andalucía;Málaga;Mijas;Centros de salud;Publicos
0118000871;LA CALETA;21000;Andalucía;Granada;Granada;Centros de salud;Publicos
0129001565;LA CAMPANA_NUEVA ANDALUCIA;21303;Andalucía;Málaga;Marbella;Centros de salud;Publicos
0141003157;LA CANDELARIA;35544;Andalucía;Sevilla;Sevilla;Centros de salud;Publicos
0104000595;LA CAÑADA;20844;Andalucía;Almería;Almería;Centros de salud;Publicos
0129001533;LA CARIHUELA;21102;Andalucía;Málaga;Torremolinos;Centros de salud;Publicos
0114000882;LA CARLOTA;20896;Andalucía;Córdoba;Carlota, La;Centros de salud;Publicos
0123000362;LA CAROLINA PURISIMA CONCEPCION;20897;Andalucía;Jaén;Carolina, La;Centros de salud;Publicos
0118000855;LA CHANA;20920;Andalucía;Granada;Granada;Centros de salud;Publicos
0104000695;LA GANGOSA;21548;Andalucía;Almería;Vícar;Centros de salud;Publicos
0111003289;LA LINEA -  LEVANTE;27817;Andalucía;Cádiz;Línea de la Concepción, La;Centros de salud;Publicos
0111003815;LA LINEA PONIENTE_SUAP;25629;Andalucía;Cádiz;Línea de la Concepción, La;Centros de salud;Publicos
0129005349;LA LOBILLA;30455;Andalucía;Málaga;Estepona;Centros de salud;Publicos
0129001597;LA LUZ (LOS GIRASOLES);21562;Andalucía;Málaga;Málaga;Centros de salud;Publicos
0123002231;LA MAGDALENA;39336;Andalucía;Jaén;Jaén;Centros de salud;Publicos
0111003294;LA MERCED;33475;Andalucía;Cádiz;Cádiz;Centros de salud;Publicos
0104000724;LA MOJONERA;21751;Andalucía;Almería;Vícar;Centros de salud;Publicos
0121000293;LA PALMA DEL CONDADO;21001;Andalucía;Huelva;Palma del Condado, La;Centros de salud;Publicos
0111000472;LA PAZ;20882;Andalucía;Cádiz;Cádiz;Centros de salud;Publicos
0114000903;LA RAMBLA;21036;Andalucía;Córdoba;Rambla, La;Centros de salud;Publicos
0141003118;LA RINCONADA_SUAP;35348;Andalucía;Sevilla;Rinconada, La;Centros de salud;Publicos
0129003086;LA ROCA - ROSALEDA;34476;Andalucía;Málaga;Málaga;Centros de salud;Publicos
1106000189;LA ROCA DE LA SIERRA;06000231;Extremadura;Badajoz;Roca de la Sierra, La;Centros de salud;Publicos
0129008032;LA VIÑUELA;61933;Andalucía;Málaga;Viñuela;Centros de salud;Publicos
0118000880;LA ZUBIA;21098;Andalucía;Granada;Zubia, La;Centros de salud;Publicos
0129001489;LAS ALBARIZAS;20825;Andalucía;Málaga;Marbella;Centros de salud;Publicos
0118001156;LAS FLORES;22223;Andalucía;Granada;Granada;Centros de salud;Publicos
0129001510;LAS LAGUNAS;20958;Andalucía;Málaga;Mijas;Centros de salud;Publicos
0104000722;LAS MARINAS;21721;Andalucía;Almería;Roquetas de Mar;Centros de salud;Publicos
0104000727;LAS NORIAS;21795;Andalucía;Almería;Ejido, El;Centros de salud;Publicos
0141004436;LAS PALMERITAS;32700;Andalucía;Sevilla;Sevilla;Centros de salud;Publicos
0141002493;LAS PORTADAS;31289;Andalucía;Sevilla;Dos Hermanas;Centros de salud;Publicos
0141001282;LEBRIJA NTRA. SRA. DEL CASTILLO;21677;Andalucía;Sevilla;Lebrija;Centros de salud;Publicos
0129001511;LEGANITOS;20959;Andalucía;Málaga;Marbella;Centros de salud;Publicos
0121000289;LEPE;20960;Andalucía;Huelva;Lepe;Centros de salud;Publicos
0114000891;LEVANTE SUR-DOCTOR MANUEL BARRAGAN SOLIS_SUAP;20963;Andalucía;Córdoba;Córdoba;Centros de salud;Publicos
0114000890;LEVANTE-NORTE DE CORDOBA;20962;Andalucía;Córdoba;Córdoba;Centros de salud;Publicos
1620000434;LEZO OSASUN ZENTROA;20 C.2.3.1. 3209;País Vasco;Gipuzkoa;Lezo;Centros de salud;Publicos
0129001512;LIMONAR;20964;Andalucía;Málaga;Málaga;Centros de salud;Publicos
0123000367;LINARES A VIRGEN DE LINAREJOS;20965;Andalucía;Jaén;Linares;Centros de salud;Publicos
0123000368;LINARES B LOS MARQUESES;20966;Andalucía;Jaén;Linares;Centros de salud;Publicos
0123000369;LINARES C SAN JOSE;20967;Andalucía;Jaén;Linares;Centros de salud;Publicos
0123001282;LINARES D ARRAYANES;34762;Andalucía;Jaén;Linares;Centros de salud;Publicos
1106000176;LLERENA;06000217;Extremadura;Badajoz;Llerena;Centros de salud;Publicos
1110000251;LOGROSAN;10000530;Extremadura;Cáceres;Logrosán;Centros de salud;Publicos
0118000862;LOJA;20969;Andalucía;Granada;Loja;Centros de salud;Publicos
0141001334;LORA DEL RIO VIRGEN DE SETEFILLA;22126;Andalucía;Sevilla;Lora del Río;Centros de salud;Publicos
0111000470;LOS BARRIOS;20867;Andalucía;Cádiz;Barrios, Los;Centros de salud;Publicos
0129001508;LOS BOLICHES;20932;Andalucía;Málaga;Fuengirola;Centros de salud;Publicos
0141002494;LOS MONTECILLOS;31291;Andalucía;Sevilla;Dos Hermanas;Centros de salud;Publicos
0129007524;LOS PACOS_FUENGIROLA;63249;Andalucía;Málaga;Fuengirola;Centros de salud;Publicos
0141001296;LOS PALACIOS NUESTRA SEÑORA DE LAS NIEVES;21821;Andalucía;Sevilla;Palacios y Villafranca, Los;Centros de salud;Publicos
0141003728;LOS PALACIOS _SAN ISIDRO;37909;Andalucía;Sevilla;Palacios y Villafranca, Los;Centros de salud;Publicos
0121000295;LOS ROSALES;21043;Andalucía;Huelva;Huelva;Centros de salud;Publicos
0123000502;LOS VILLARES;22116;Andalucía;Jaén;Villares, Los;Centros de salud;Publicos
1110000252;LOSAR DE LA VERA;10000531;Extremadura;Cáceres;Losar de la Vera;Centros de salud;Publicos
0114000892;LUCENA;20970;Andalucía;Córdoba;Lucena;Centros de salud;Publicos
0121002054;LUCENA DEL PUERTO;54536;Andalucía;Huelva;Lucena del Puerto;Centros de salud;Publicos
0114002689;LUCENA II;39535;Andalucía;Córdoba;Lucena;Centros de salud;Publicos
1328009184;MADRID SALUD;CS9285;Madrid, Comunidad de;Madrid;Madrid;Centros de salud;Publicos
1328012640;MADRID SALUD - AYUNTAMIENTO DE MADRID;CS11462;Madrid, Comunidad de;Madrid;Madrid;Centros de salud;Publicos
0141004515;MAIRENA DEL ALJARAFE CIUDAD EXPO;38483;Andalucía;Sevilla;Mairena del Aljarafe;Centros de salud;Publicos
0141003162;MALLEN;35554;Andalucía;Sevilla;Sevilla;Centros de salud;Publicos
0123003425;MANCHA REAL;68159;Andalucía;Jaén;Mancha Real;Centros de salud;Publicos
0123000370;MANCHA REAL;20973;Andalucía;Jaén;Mancha Real;Centros de salud;Publicos
0118000863;MARACENA;20974;Andalucía;Granada;Maracena;Centros de salud;Publicos
0141002750;MARCHENA  RICARDO MARTINEZ SANCHEZ;32515;Andalucía;Sevilla;Marchena;Centros de salud;Publicos
0141004437;MARIA FUENSANTA PEREZ QUIROS;32706;Andalucía;Sevilla;Sevilla;Centros de salud;Publicos
0123000371;MARTOS;20978;Andalucía;Jaén;Martos;Centros de salud;Publicos
0104002012;MEDITERRANEO-TORRECARDENAS;36621;Andalucía;Almería;Almería;Centros de salud;Publicos
0123000454;MENGIBAR;21738;Andalucía;Jaén;Mengíbar;Centros de salud;Publicos
1106000179;MERIDA NORTE;06000220;Extremadura;Badajoz;Mérida;Centros de salud;Publicos
1106000183;MERIDA SAN LUIS;06000224;Extremadura;Badajoz;Mérida;Centros de salud;Publicos
1106000182;MERIDA URBANO I;06000223;Extremadura;Badajoz;Mérida;Centros de salud;Publicos
1106000581;MERIDA URBANO III;06005873;Extremadura;Badajoz;Mérida;Centros de salud;Publicos
1110000255;MIAJADAS;10000534;Extremadura;Cáceres;Miajadas;Centros de salud;Publicos
0121000290;MINAS DE RIOTINTO;20980;Andalucía;Huelva;Minas de Riotinto;Centros de salud;Publicos
0129001616;MIRAFLORES DE LOS ANGELES;21745;Andalucía;Málaga;Málaga;Centros de salud;Publicos
0121000282;MOGUER;20893;Andalucía;Huelva;Moguer;Centros de salud;Publicos
1110000254;MOHEDAS DE GRANADILLA;10000533;Extremadura;Cáceres;Mohedas de Granadilla;Centros de salud;Publicos
0129001513;MOLLINA_SUAP;20982;Andalucía;Málaga;Mollina;Centros de salud;Publicos
0111000670;MONTEALEGRE;22237;Andalucía;Cádiz;Jerez de la Frontera;Centros de salud;Publicos
0118000865;MONTEFRIO;20983;Andalucía;Granada;Montefrío;Centros de salud;Publicos
1110000257;MONTEHERMOSO;10000536;Extremadura;Cáceres;Montehermoso;Centros de salud;Publicos
0141001291;MONTELLANO;21766;Andalucía;Sevilla;Montellano;Centros de salud;Publicos
0141003729;MONTEQUINTO OLIVAR DE QUINTO;37910;Andalucía;Sevilla;Dos Hermanas;Centros de salud;Publicos
1106000181;MONTIJO;06000222;Extremadura;Badajoz;Montijo;Centros de salud;Publicos
0114000893;MONTILLA;20984;Andalucía;Córdoba;Montilla;Centros de salud;Publicos
0114003720;MONTORO;63179;Andalucía;Córdoba;Montoro;Centros de salud;Publicos
1110000256;MORALEJA;10000535;Extremadura;Cáceres;Moraleja;Centros de salud;Publicos
0118000866;MOTRIL-CENTRO;20987;Andalucía;Granada;Motril;Centros de salud;Publicos
0118000867;MOTRIL-ESTE;20988;Andalucía;Granada;Motril;Centros de salud;Publicos
0118000868;MOTRIL-SAN ANTONIO;20989;Andalucía;Granada;Motril;Centros de salud;Publicos
1110000259;NAVALMORAL DE LA MATA;10000538;Extremadura;Cáceres;Navalmoral de la Mata;Centros de salud;Publicos
1110000258;NAVAS DEL MADROÑO;10000537;Extremadura;Cáceres;Navas del Madroño;Centros de salud;Publicos
0129001514;NERJA;20990;Andalucía;Málaga;Nerja;Centros de salud;Publicos
0104000606;NIJAR;20991;Andalucía;Almería;Níjar;Centros de salud;Publicos
0141002783;NTRA. SRA. DE LA OLIVA;32714;Andalucía;Sevilla;Alcalá de Guadaíra;Centros de salud;Publicos
0104000712;NUEVA ANDALUCIA;21681;Andalucía;Almería;Almería;Centros de salud;Publicos
0129001594;NUEVA MALAGA;21546;Andalucía;Málaga;Málaga;Centros de salud;Publicos
1110000573;NUEVO CACERES-SEBASTIAN TRABA;10005875;Extremadura;Cáceres;Cáceres;Centros de salud;Publicos
1110000260;NUÑOMORAL;10000539;Extremadura;Cáceres;Nuñomoral;Centros de salud;Publicos
0114000895;OCCIDENTE AZAHARA;20992;Andalucía;Córdoba;Córdoba;Centros de salud;Publicos
0118001070;OGIJARES;21804;Andalucía;Granada;Ogíjares;Centros de salud;Publicos
1620000446;OIARTZUN OSASUN ZENTROA;20 C.2.3.1. 3557;País Vasco;Gipuzkoa;Oiartzun;Centros de salud;Publicos
1106000185;OLIVA DE LA FRONTERA;06000227;Extremadura;Badajoz;Oliva de la Frontera;Centros de salud;Publicos
0141001206;OLIVARES;20994;Andalucía;Sevilla;Olivares;Centros de salud;Publicos
0104000802;OLIVEROS;22225;Andalucía;Almería;Almería;Centros de salud;Publicos
0111000491;OLVERA;20995;Andalucía;Cádiz;Olvera;Centros de salud;Publicos
0123000372;ORCERA;20996;Andalucía;Jaén;Orcera;Centros de salud;Publicos
0943000912;CAP EL TEMPLE - TORTOSA EST;E43032490;Cataluña;Tarragona;Tortosa;Centros de salud;Publicos
0943000104;CAP EL VENDRELL;E43026697;Cataluña;Tarragona;Vendrell, El;Centros de salud;Privados
0943002101;CAP EL VENDRELL 2/BOTAFOC;E43612395;Cataluña;Tarragona;Vendrell, El;Centros de salud;Privados
0917000006;CAP ERNEST LLUCH;E17006443;Cataluña;Girona;Figueres;Centros de salud;Publicos
0908000057;CAP ESPARREGUERA;E08003153;Cataluña;Barcelona;Esparreguera;Centros de salud;Publicos
0943000058;CAP FALSET;E43020374;Cataluña;Tarragona;Falset;Centros de salud;Publicos
0943000050;CAP FLIX;E43018590;Cataluña;Tarragona;Flix;Centros de salud;Publicos
0908000444;CAP FLORIDA NORD;E08025333;Cataluña;Barcelona;Hospitalet de Llobregat, L';Centros de salud;Publicos
0908015867;CAP FLORIDA SUD;E08769981;Cataluña;Barcelona;Hospitalet de Llobregat, L';Centros de salud;Publicos
0908006372;CAP FONTETES;E08005619;Cataluña;Barcelona;Cerdanyola del Vallès;Centros de salud;Publicos
0917000690;CAP FRANCISCO BENITO INARAJA;E17881687;Cataluña;Girona;Lloret de Mar;Centros de salud;Publicos
0943000037;CAP GANDESA;E43016160;Cataluña;Tarragona;Gandesa;Centros de salud;Publicos
0908000059;CAP GAVA;E08003273;Cataluña;Barcelona;Gavà;Centros de salud;Publicos
0908000288;CAP GIRONELLA;E08019805;Cataluña;Barcelona;Gironella;Centros de salud;Publicos
0908000139;CAP GORETTI BADIA;E08009934;Cataluña;Barcelona;Súria;Centros de salud;Publicos
0908006387;CAP GORNAL;E08011309;Cataluña;Barcelona;Hospitalet de Llobregat, L';Centros de salud;Publicos
0908006368;CAP GOTIC;E08053700;Cataluña;Barcelona;Barcelona;Centros de salud;Publicos
0908000099;CAP GRACIA;E08004823;Cataluña;Barcelona;Sabadell;Centros de salud;Publicos
0908006382;CAP GRAN SOL;E08585663;Cataluña;Barcelona;Badalona;Centros de salud;Publicos
0908000588;CAP GUARDIOLA DE BERGUEDA;E08030051;Cataluña;Barcelona;Guardiola de Berguedà;Centros de salud;Publicos
0917000011;CAP GUELL;E17006757;Cataluña;Girona;Girona;Centros de salud;Publicos
0908008384;CAP GUINARDO;E08607229;Cataluña;Barcelona;Barcelona;Centros de salud;Publicos
0908000013;CAP GUINEUETA;E08000427;Cataluña;Barcelona;Barcelona;Centros de salud;Publicos
0908006394;CAP HORTA;E08027429;Cataluña;Barcelona;Barcelona;Centros de salud;Publicos
0943000909;CAP HORTS DE MIRO;E43982798;Cataluña;Tarragona;Reus;Centros de salud;Publicos
0908000225;CAP II CERDANYOLA-RIPOLLET;E08015896;Cataluña;Barcelona;Ripollet;Centros de salud;Publicos
0943000007;CAP JAUME I;E43007863;Cataluña;Tarragona;Tarragona;Centros de salud;Publicos
0908000121;CAP JAUME I;E08006066;Cataluña;Barcelona;Vilanova i la Geltrú;Centros de salud;Publicos
0908000127;CAP JOSEP BERTRAN I MIRET;E08008521;Cataluña;Barcelona;Sant Pere de Ribes;Centros de salud;Publicos
0908000064;CAP JUST OLIVERAS;E08003379;Cataluña;Barcelona;Hospitalet de Llobregat, L';Centros de salud;Publicos
0908006396;CAP LA FARIGOLA;E08846587;Cataluña;Barcelona;Cerdanyola del Vallès;Centros de salud;Publicos
0908004466;CAP LA FLORIDA;E08909639;Cataluña;Barcelona;Santa Perpètua de Mogoda;Centros de salud;Publicos
0908004388;CAP LA GARRIGA;E08893805;Cataluña;Barcelona;Garriga, La;Centros de salud;Publicos
0917000013;CAP LA GARROTXA;E17006813;Cataluña;Girona;Olot;Centros de salud;Publicos
0925000663;CAP LA GRANADELLA;E25027965;Cataluña;Lleida;Granadella, La;Centros de salud;Publicos
0908004577;CAP LA GRANJA;E08920086;Cataluña;Barcelona;Molins de Rei;Centros de salud;Publicos
0908000321;CAP LA LLAGOSTA;E08021106;Cataluña;Barcelona;Llagosta, La;Centros de salud;Publicos
0908004074;CAP LA LLANTIA;E08850640;Cataluña;Barcelona;Mataró;Centros de salud;Publicos
0908000100;CAP LA MINA;E08004911;Cataluña;Barcelona;Sant Adrià de Besòs;Centros de salud;Publicos
0908006399;CAP LA PAU;E08002696;Cataluña;Barcelona;Barcelona;Centros de salud;Publicos
0943000993;CAP LA PINEDA (ESTIU);E43022501;Cataluña;Tarragona;Vila-seca;Centros de salud;Publicos
0925000055;CAP LA POBLA DE SEGUR;E25023495;Cataluña;Lleida;Pobla de Segur, La;Centros de salud;Publicos
0908000025;CAP LA SAGRERA;E08001460;Cataluña;Barcelona;Barcelona;Centros de salud;Publicos
0908000923;CAP LA SALUT;E08035959;Cataluña;Barcelona;Badalona;Centros de salud;Publicos
0917000041;CAP LA SELVA;E17020550;Cataluña;Girona;Santa Coloma de Farners;Centros de salud;Publicos
0943000892;CAP LA SELVA DEL CAMP;E43553686;Cataluña;Tarragona;Selva del Camp, La;Centros de salud;Publicos
0943000239;CAP LA SENIA;E43045403;Cataluña;Tarragona;Sénia, La;Centros de salud;Publicos
0908000210;CAP LA SERRA;E08013987;Cataluña;Barcelona;Sabadell;Centros de salud;Publicos
0925000012;CAP LA SEU D'URGELL;E25007373;Cataluña;Lleida;Seu d'Urgell, La;Centros de salud;Publicos
0917000047;CAP LA VALL D'EN BAS;E17021233;Cataluña;Girona;Vall d'en Bas, La;Centros de salud;Publicos
0118000870;ORGIVA;20998;Andalucía;Granada;Órgiva;Centros de salud;Publicos
1620000449;ORIO OSASUN ZENTROA;20 C.2.3.1. 3560;País Vasco;Gipuzkoa;Orio;Centros de salud;Publicos
0114000896;PALMA DEL RIO DR. TRUJILLO DEL RIO;21002;Andalucía;Córdoba;Palma del Río;Centros de salud;Publicos
0129001515;PALMA-PALMILLA;21003;Andalucía;Málaga;Málaga;Centros de salud;Publicos
0121000346;PALOS DE LA FRONTERA;21827;Andalucía;Huelva;Palos de la Frontera;Centros de salud;Publicos
0123000373;PEAL DE BECERRO;21006;Andalucía;Jaén;Peal de Becerro;Centros de salud;Publicos
0118000872;PEDRO MARTINEZ;21007;Andalucía;Granada;Pedro Martínez;Centros de salud;Publicos
0118001082;PELIGROS;21852;Andalucía;Granada;Peligros;Centros de salud;Publicos
0114000897;PEÑARROYA;21009;Andalucía;Córdoba;Peñarroya-Pueblonuevo;Centros de salud;Publicos
0129001627;PERCHEL;21856;Andalucía;Málaga;Málaga;Centros de salud;Publicos
0104003140;PIEDRAS REDONDAS;66585;Andalucía;Almería;Almería;Centros de salud;Publicos
0141003193;PILAS;35679;Andalucía;Sevilla;Pilas;Centros de salud;Publicos
0141002966;PINO MONTANO A;34269;Andalucía;Sevilla;Sevilla;Centros de salud;Publicos
1110000264;PINOFRANQUEADO;10000543;Extremadura;Cáceres;Pinofranqueado;Centros de salud;Publicos
0118000873;PINOS PUENTE;21012;Andalucía;Granada;Pinos Puente;Centros de salud;Publicos
0129001628;PIZARRA;21868;Andalucía;Málaga;Pizarra;Centros de salud;Publicos
1110000262;PLASENCIA II SUR;10000541;Extremadura;Cáceres;Plasencia;Centros de salud;Publicos
1110000263;PLASENCIA III LA DATA;10000542;Extremadura;Cáceres;Plasencia;Centros de salud;Publicos
1110000261;PLASENCIA LUIS DE TORO;10000540;Extremadura;Cáceres;Plasencia;Centros de salud;Publicos
0104000607;PLAZA DE TOROS;21014;Andalucía;Almería;Almería;Centros de salud;Publicos
0114000884;PONIENTE;20909;Andalucía;Córdoba;Córdoba;Centros de salud;Publicos
0123000375;PORCUNA;21019;Andalucía;Jaén;Porcuna;Centros de salud;Publicos
0129001517;PORTADA ALTA;21020;Andalucía;Málaga;Málaga;Centros de salud;Publicos
0114000899;POSADAS;21022;Andalucía;Córdoba;Posadas;Centros de salud;Publicos
0123000376;POZO ALCON;21023;Andalucía;Jaén;Pozo Alcón;Centros de salud;Publicos
0114002683;POZOBLANCO-PEDIATRA CARMEN DOMINGUEZ_SUAP;33976;Andalucía;Córdoba;Pozoblanco;Centros de salud;Publicos
0114000901;PRIEGO DE CORDOBA;21025;Andalucía;Córdoba;Priego de Córdoba;Centros de salud;Publicos
0104000743;PUCHE;21888;Andalucía;Almería;Almería;Centros de salud;Publicos
0121002057;PUEBLA DE GUZMAN.;39059;Andalucía;Huelva;Puebla de Guzmán;Centros de salud;Publicos
0104000616;PUEBLA DE VICAR;21089;Andalucía;Almería;Vícar;Centros de salud;Publicos
0141001307;PUEBLA DEL RIO;21892;Andalucía;Sevilla;Puebla del Río, La;Centros de salud;Publicos
1106000188;PUEBLONUEVO DEL GUADIANA;06000230;Extremadura;Badajoz;Pueblonuevo del Guadiana;Centros de salud;Publicos
0114000902;PUENTE GENIL;21027;Andalucía;Córdoba;Puente Genil;Centros de salud;Publicos
0114002617;PUENTE GENIL II;39539;Andalucía;Córdoba;Puente Genil;Centros de salud;Publicos
0129001518;PUERTA BLANCA;21028;Andalucía;Málaga;Málaga;Centros de salud;Publicos
0111000475;PUERTA TIERRA;20885;Andalucía;Cádiz;Cádiz;Centros de salud;Publicos
0129001519;PUERTO DE LA TORRE;21033;Andalucía;Málaga;Málaga;Centros de salud;Publicos
0111000493;PUERTO REAL.;21029;Andalucía;Cádiz;Puerto Real;Centros de salud;Publicos
0111004511;PUERTO SANTA MARIA_ANGEL SALVATIERRA;56902;Andalucía;Cádiz;Puerto de Santa María, El;Centros de salud;Publicos
0111003292;PUNTO URGENCIAS LA GRANJA_DR. MANUEL BLANCO;31619;Andalucía;Cádiz;Jerez de la Frontera;Centros de salud;Publicos
0118000874;PURULLENA;21035;Andalucía;Granada;Purullena;Centros de salud;Publicos
0129007523;RICARDO SORIANO;63248;Andalucía;Málaga;Marbella;Centros de salud;Publicos
0129001520;RINCON DE LA VICTORIA;21037;Andalucía;Málaga;Rincón de la Victoria;Centros de salud;Publicos
0141002963;RONDA HISTORICA;34261;Andalucía;Sevilla;Sevilla;Centros de salud;Publicos
0129001521;RONDA-NORTE;21040;Andalucía;Málaga;Ronda;Centros de salud;Publicos
0129001522;RONDA-SUR SANTA BARBARA;21041;Andalucía;Málaga;Ronda;Centros de salud;Publicos
0104000609;ROQUETAS NORTE;21042;Andalucía;Almería;Roquetas de Mar;Centros de salud;Publicos
0104000812;ROQUETAS SUR;22259;Andalucía;Almería;Roquetas de Mar;Centros de salud;Publicos
0114000904;RUTE;21045;Andalucía;Córdoba;Rute;Centros de salud;Publicos
0118000875;SALOBREÑA;21046;Andalucía;Granada;Salobreña;Centros de salud;Publicos
0129001523;SAN ANDRES-TORCAL;21047;Andalucía;Málaga;Málaga;Centros de salud;Publicos
0123000365;SAN FELIPE;20948;Andalucía;Jaén;Jaén;Centros de salud;Publicos
0111000617;SAN FERNANDO DR. CAYETANO ROLDAN;21952;Andalucía;Cádiz;San Fernando;Centros de salud;Publicos
0111003286;SAN GARCIA;25962;Andalucía;Cádiz;Algeciras;Centros de salud;Publicos
0141003726;SAN HILARIO DOS HERMANAS B;37900;Andalucía;Sevilla;Dos Hermanas;Centros de salud;Publicos
0141002964;SAN JERONIMO;34263;Andalucía;Sevilla;Sevilla;Centros de salud;Publicos
0141001215;SAN JOSE DE LA RINCONADA - LOS CARTEROS;21038;Andalucía;Sevilla;Rinconada, La;Centros de salud;Publicos
0141001293;SAN JUAN DE AZNALFARACHE NTRA. SRA. DE LA PAZ;21797;Andalucía;Sevilla;San Juan de Aznalfarache;Centros de salud;Publicos
0121000281;SAN JUAN DEL PUERTO;20892;Andalucía;Huelva;San Juan del Puerto;Centros de salud;Publicos
0141003081;SAN LUIS;35170;Andalucía;Sevilla;Sevilla;Centros de salud;Publicos
0129005357;SAN LUIS DE SABINILLAS;32946;Andalucía;Málaga;Manilva;Centros de salud;Publicos
0129001526;SAN MIGUEL;21072;Andalucía;Málaga;Torremolinos;Centros de salud;Publicos
0141003143;SAN PABLO;35458;Andalucía;Sevilla;Sevilla;Centros de salud;Publicos
0129001524;SAN PEDRO DE ALCANTARA;21051;Andalucía;Málaga;Marbella;Centros de salud;Publicos
0111000500;SAN ROQUE;21052;Andalucía;Cádiz;San Roque;Centros de salud;Publicos
0111003945;SAN ROQUE SUR;46782;Andalucía;Cádiz;San Roque;Centros de salud;Publicos
0111000501;SANLUCAR-BARRIO ALTO;21054;Andalucía;Cádiz;Sanlúcar de Barrameda;Centros de salud;Publicos
0111000502;SANLUCAR-BARRIO BAJO;21055;Andalucía;Cádiz;Sanlúcar de Barrameda;Centros de salud;Publicos
1106000190;SANTA AMALIA;06000232;Extremadura;Badajoz;Santa Amalia;Centros de salud;Publicos
0141001197;SANTA ANA DOS HERMANAS C;20926;Andalucía;Sevilla;Dos Hermanas;Centros de salud;Publicos
0118000876;SANTA FE;21056;Andalucía;Granada;Santa Fe;Centros de salud;Publicos
0104000610;SANTA MARIA DEL AGUILA;21057;Andalucía;Almería;Ejido, El;Centros de salud;Publicos
1106000192;SANTA MARTA DE LOS BARROS;06000234;Extremadura;Badajoz;Santa Marta;Centros de salud;Publicos
0114000905;SANTA ROSA;21059;Andalucía;Córdoba;Córdoba;Centros de salud;Publicos
1110000265;SANTIAGO DE ALCANTARA;10000544;Extremadura;Cáceres;Santiago de Alcántara;Centros de salud;Publicos
0123000377;SANTIAGO-PONTONES;21060;Andalucía;Jaén;Santiago-Pontones;Centros de salud;Publicos
0123000378;SANTISTEBAN DEL PUERTO;21061;Andalucía;Jaén;Santisteban del Puerto;Centros de salud;Publicos
0104002841;S.A.S. _ CENTRO DE SALUD CASA DEL MAR;58001;Andalucía;Almería;Almería;Centros de salud;Publicos
0141006912;SAS CORIA DEL RIO BLAS INFANTE;53348;Andalucía;Sevilla;Coria del Río;Centros de salud;Publicos
0538002143;SCS-CENTRO DE SALUD ARONA COSTA I;4604;Canarias;Santa Cruz de Tenerife;Arona;Centros de salud;Publicos
0538002042;SCS-CENTRO DE SALUD DR. GUIGOU;4361;Canarias;Santa Cruz de Tenerife;Santa Cruz de Tenerife;Centros de salud;Publicos
0538002142;SCS-CENTRO DE SALUD GRANADILLA;4603;Canarias;Santa Cruz de Tenerife;Granadilla de Abona;Centros de salud;Publicos
0538002145;SCS-CENTRO DE SALUD GUIA DE ISORA;4605;Canarias;Santa Cruz de Tenerife;Guía de Isora;Centros de salud;Publicos
0104000611;SERON;21063;Andalucía;Almería;Serón;Centros de salud;Publicos
1110000268;SERRADILLA;10000547;Extremadura;Cáceres;Serradilla;Centros de salud;Publicos
1106000193;SIRUELA;06000235;Extremadura;Badajoz;Siruela;Centros de salud;Publicos
0104000612;SORBAS;21064;Andalucía;Almería;Sorbas;Centros de salud;Publicos
0104000613;TABERNAS;21065;Andalucía;Almería;Tabernas;Centros de salud;Publicos
1106000196;TALARRUBIAS;06000238;Extremadura;Badajoz;Talarrubias;Centros de salud;Publicos
1110000270;TALAVAN;10000549;Extremadura;Cáceres;Talaván;Centros de salud;Publicos
1106000197;TALAVERA LA REAL;06000239;Extremadura;Badajoz;Talavera la Real;Centros de salud;Publicos
1110000271;TALAYUELA;10000550;Extremadura;Cáceres;Talayuela;Centros de salud;Publicos
0111000503;TARIFA;21066;Andalucía;Cádiz;Tarifa;Centros de salud;Publicos
0129001633;TIRO DE PICHON;21957;Andalucía;Málaga;Málaga;Centros de salud;Publicos
0141004429;TOMARES;27030;Andalucía;Sevilla;Tomares;Centros de salud;Publicos
1110000269;TORRE DE DON MIGUEL;10000548;Extremadura;Cáceres;Torre de Don Miguel;Centros de salud;Publicos
0129001525;TORRE DEL MAR;21068;Andalucía;Málaga;Vélez-Málaga;Centros de salud;Publicos
0123000379;TORREDELCAMPO;21067;Andalucía;Jaén;Torredelcampo;Centros de salud;Publicos
0123002702;TORREDONJIMENO;45859;Andalucía;Jaén;Torredonjimeno;Centros de salud;Publicos
1110000272;TORREJONCILLO;10000551;Extremadura;Cáceres;Torrejoncillo;Centros de salud;Publicos
1620003096;TORREKUAKO OSASUN ZENTROA CENTRO DE SALUD DE TORREKUA;20 C.2.3.1. 12125;País Vasco;Gipuzkoa;Eibar;Centros de salud;Publicos
0123000381;TORREPEROGIL;21073;Andalucía;Jaén;Torreperogil;Centros de salud;Publicos
0129001527;TORROX;21074;Andalucía;Málaga;Torrox;Centros de salud;Publicos
0111004517;TREBUJENA;38485;Andalucía;Cádiz;Trebujena;Centros de salud;Publicos
0129001528;TRINIDAD JESUS CAUTIVO;21075;Andalucía;Málaga;Málaga;Centros de salud;Publicos
1110000292;TRUJILLO;10000597;Extremadura;Cáceres;Trujillo;Centros de salud;Publicos
0407000448;U.B. S´ARENAL;2291;Balears, Illes;Balears, Illes;Palma;Centros de salud;Publicos
0123000382;UBEDA;21076;Andalucía;Jaén;Úbeda;Centros de salud;Publicos
0111000504;UBRIQUE;21077;Andalucía;Cádiz;Ubrique;Centros de salud;Publicos
0118000877;UGIJAR;21078;Andalucía;Granada;Ugíjar;Centros de salud;Publicos
1110000278;VALDEFUENTES;10000557;Extremadura;Cáceres;Valdefuentes;Centros de salud;Publicos
1110000274;VALENCIA DE ALCANTARA;10000553;Extremadura;Cáceres;Valencia de Alcántara;Centros de salud;Publicos
0121000298;VALVERDE DEL CAMINO_SUAP;21081;Andalucía;Huelva;Valverde del Camino;Centros de salud;Publicos
1110000275;VALVERDE DEL FRESNO;10000554;Extremadura;Cáceres;Valverde del Fresno;Centros de salud;Publicos
0111004512;VEJER DE LA FRONTERA_VIRGEN DE LA OLIVA;59431;Andalucía;Cádiz;Vejer de la Frontera;Centros de salud;Publicos
0104000614;VELEZ RUBIO;21085;Andalucía;Almería;Vélez-Rubio;Centros de salud;Publicos
0129001529;VELEZ-MALAGA NORTE;21086;Andalucía;Málaga;Vélez-Málaga;Centros de salud;Publicos
0129001530;VELEZ-MALAGA SUR;21087;Andalucía;Málaga;Vélez-Málaga;Centros de salud;Publicos
0104000615;VERA;21088;Andalucía;Almería;Vera;Centros de salud;Publicos
0129001531;VICTORIA;21090;Andalucía;Málaga;Málaga;Centros de salud;Publicos
0123000384;VILLACARRILLO;21091;Andalucía;Jaén;Villacarrillo;Centros de salud;Publicos
1106000198;VILLAFRANCA BARROS;06000240;Extremadura;Badajoz;Villafranca de los Barros;Centros de salud;Publicos
0111000506;VILLAMARTIN;21092;Andalucía;Cádiz;Villamartín;Centros de salud;Publicos
0114000906;VILLANUEVA DE CORDOBA;21093;Andalucía;Córdoba;Villanueva de Córdoba;Centros de salud;Publicos
1106000200;VILLANUEVA DE LA SERENA I;06000242;Extremadura;Badajoz;Villanueva de la Serena;Centros de salud;Publicos
1106000201;VILLANUEVA DE LA SERENA SUR;06000243;Extremadura;Badajoz;Villanueva de la Serena;Centros de salud;Publicos
1110000277;VILLANUEVA DE LA VERA;10000556;Extremadura;Cáceres;Villanueva de la Vera;Centros de salud;Publicos
0123001485;VILLANUEVA DEL ARZOBISPO;37094;Andalucía;Jaén;Villanueva del Arzobispo;Centros de salud;Publicos
1106000199;VILLANUEVA DEL FRESNO;06000241;Extremadura;Badajoz;Villanueva del Fresno;Centros de salud;Publicos
1110000276;VILLAR DEL PEDROSO;10000555;Extremadura;Cáceres;Villar del Pedroso;Centros de salud;Publicos
0114002620;VILLAVICIOSA DE CORDOBA;39612;Andalucía;Córdoba;Villaviciosa de Córdoba;Centros de salud;Publicos
0129001532;VIÑUELA;21095;Andalucía;Málaga;Viñuela;Centros de salud;Publicos
0141003163;VIRGEN DE AFRICA;35555;Andalucía;Sevilla;Sevilla;Centros de salud;Publicos
0123000356;VIRGEN DE LA CABEZA;20852;Andalucía;Jaén;Andújar;Centros de salud;Publicos
0123000506;VIRGEN DE LA CAPILLA;22127;Andalucía;Jaén;Jaén;Centros de salud;Publicos
0141004989;VIRGEN DE LA ESTRELLA II;40532;Andalucía;Sevilla;Coria del Río;Centros de salud;Publicos
0104000617;VIRGEN DEL MAR-LOS MOLINOS;21096;Andalucía;Almería;Almería;Centros de salud;Publicos
1106000204;ZAFRA I;06000246;Extremadura;Badajoz;Zafra;Centros de salud;Publicos
1106000203;ZAFRA II;06000245;Extremadura;Badajoz;Zafra;Centros de salud;Publicos
0118001145;ZAIDIN CENTRO-ESTE;22140;Andalucía;Granada;Granada;Centros de salud;Publicos
0118000879;ZAIDIN SUR;21097;Andalucía;Granada;Granada;Centros de salud;Publicos
1106000202;ZALAMEA DE LA SERENA;06000244;Extremadura;Badajoz;Zalamea de la Serena;Centros de salud;Publicos
1620002255;ZESTOA OSASUN ZENTROA;20 C.2.3.1. 10994;País Vasco;Gipuzkoa;Zestoa;Centros de salud;Publicos
1110000279;ZORITA;10000558;Extremadura;Cáceres;Zorita;Centros de salud;Publicos
0943000910;CAP L'ALDEA;E43031143;Cataluña;Tarragona;Aldea, L';Centros de salud;Publicos
0943000076;CAP L'AMETLLA DE MAR;E43023880;Cataluña;Tarragona;Ametlla de Mar, L';Centros de salud;Publicos
0943000908;CAP L'ARBOÇ;E43030044;Cataluña;Tarragona;Arboç, L';Centros de salud;Privados
0908002270;CAP LARRARD;E08602220;Cataluña;Barcelona;Barcelona;Centros de salud;Publicos
0925000060;CAP L'EIXAMPLE;E25023833;Cataluña;Lleida;Lleida;Centros de salud;Publicos
0925000003;CAP LES BORGES BLANQUES;E25007045;Cataluña;Lleida;Borges Blanques, Les;Centros de salud;Publicos
0943000099;CAP LES BORGES DEL CAMP;E43025823;Cataluña;Tarragona;Borges del Camp, Les;Centros de salud;Publicos
0908000534;CAP LES CORTS - HELIOS;E08028006;Cataluña;Barcelona;Barcelona;Centros de salud;Publicos
0908002763;CAP LES FRANQUESES DEL VALLES;E08669521;Cataluña;Barcelona;Franqueses del Vallès, Les;Centros de salud;Publicos
0908001933;CAP LES HORTES;E08557948;Cataluña;Barcelona;Barcelona;Centros de salud;Privados
0908003574;CAP LES INDIANES;E08745204;Cataluña;Barcelona;Montcada i Reixac;Centros de salud;Publicos
0908002603;CAP LES PLANES;E08652006;Cataluña;Barcelona;Barcelona;Centros de salud;Privados
0908006401;CAP LES PLANES;E08005270;Cataluña;Barcelona;Sant Joan Despí;Centros de salud;Publicos
0943000032;CAP L'HOSPITALET DE L'INFANT;E43014099;Cataluña;Tarragona;Vandellòs i l'Hospitalet de l'Infant;Centros de salud;Privados
0917000028;CAP LLANÇA;E17016032;Cataluña;Girona;Llançà;Centros de salud;Publicos
0908000351;CAP LLEFIA II;E08022332;Cataluña;Barcelona;Badalona;Centros de salud;Publicos
0943000401;CAP LLEVANT;E43650344;Cataluña;Tarragona;Tarragona;Centros de salud;Privados
0943000006;CAP LLIBERTAT;E43007655;Cataluña;Tarragona;Reus;Centros de salud;Publicos
0908000568;CAP LLIÇA DE VALL;E08029377;Cataluña;Barcelona;Lliçà de Vall;Centros de salud;Publicos
0908005798;CAP LLINARS DEL  VALLES;E08029360;Cataluña;Barcelona;Llinars del Vallès;Centros de salud;Publicos
0908000058;CAP LLUIS MILLET;E08003185;Cataluña;Barcelona;Esplugues de Llobregat;Centros de salud;Publicos
0917000248;CAP MAÇANET;E17044706;Cataluña;Girona;Maçanet de la Selva;Centros de salud;Publicos
0908000072;CAP MANLLEU;E08003682;Cataluña;Barcelona;Manlleu;Centros de salud;Publicos
0908000010;CAP MANSO;E08000392;Cataluña;Barcelona;Barcelona;Centros de salud;Publicos
0943000893;CAP MARIA FORTUNY;E43007662;Cataluña;Tarragona;Reus;Centros de salud;Publicos
0908000056;CAP MARTI I JULIA;E08003107;Cataluña;Barcelona;Cornellà de Llobregat;Centros de salud;Publicos
0908004839;CAP MARTI JULIA;E08953268;Cataluña;Barcelona;Badalona;Centros de salud;Publicos
0908000075;CAP MARTORELL;E08003820;Cataluña;Barcelona;Martorell;Centros de salud;Publicos
0908002536;CAP MATARO CENTRE;E08639140;Cataluña;Barcelona;Mataró;Centros de salud;Publicos
0908000098;CAP MERINALS;E08004799;Cataluña;Barcelona;Sabadell;Centros de salud;Publicos
0943000589;CAP MIAMI PLATJA;E43842575;Cataluña;Tarragona;Mont-roig del Camp;Centros de salud;Publicos
0908000363;CAP MOIA;E08022808;Cataluña;Barcelona;Moià;Centros de salud;Publicos
0908000105;CAP MOLI NOU;E08005087;Cataluña;Barcelona;Sant Boi de Llobregat;Centros de salud;Publicos
0925000011;CAP MOLLERUSSA;E25007359;Cataluña;Lleida;Mollerussa;Centros de salud;Publicos
0908000234;CAP MONISTROL DE MONTSERRAT;E08016233;Cataluña;Barcelona;Monistrol de Montserrat;Centros de salud;Publicos
0908009588;CAP MONTBAIG;E08626895;Cataluña;Barcelona;Viladecans;Centros de salud;Publicos
0943000003;CAP MONTBLANC;E43007567;Cataluña;Tarragona;Montblanc;Centros de salud;Publicos
0908000087;CAP MONTCADA I REIXAC;E08004252;Cataluña;Barcelona;Montcada i Reixac;Centros de salud;Publicos
0908000103;CAP MONTCLAR;E08005009;Cataluña;Barcelona;Sant Boi de Llobregat;Centros de salud;Publicos
0908000271;CAP MONTGAT TIANA;E08019153;Cataluña;Barcelona;Montgat;Centros de salud;Publicos
0917000009;CAP MONTILIVI;E17006605;Cataluña;Girona;Girona;Centros de salud;Publicos
0908000126;CAP MONTMELO;E08008480;Cataluña;Barcelona;Montmeló;Centros de salud;Publicos
0908000439;CAP MONTNEGRE;E08025213;Cataluña;Barcelona;Barcelona;Centros de salud;Publicos
0908000151;CAP MONTORNES;E08011267;Cataluña;Barcelona;Montornès del Vallès;Centros de salud;Publicos
0943000100;CAP MONT-ROIG DEL CAMP;E43025830;Cataluña;Tarragona;Mont-roig del Camp;Centros de salud;Publicos
0943000038;CAP MORA D'EBRE;E43016177;Cataluña;Tarragona;Móra d'Ebre;Centros de salud;Publicos
0943000953;CAP MORA LA NOVA;E43025848;Cataluña;Tarragona;Móra la Nova;Centros de salud;Publicos
0908005339;CAP MORERA POMAR;E08027059;Cataluña;Barcelona;Badalona;Centros de salud;Publicos
0943000385;CAP MURALLES;E43634984;Cataluña;Tarragona;Tarragona;Centros de salud;Privados
0908006244;CAP NAVARCLES;E08020078;Cataluña;Barcelona;Navarcles;Centros de salud;Publicos
0908000590;CAP NAVAS;E08030140;Cataluña;Barcelona;Navàs;Centros de salud;Publicos
0908000209;CAP NORD;E08013970;Cataluña;Barcelona;Sabadell;Centros de salud;Publicos
0908002247;CAP NOVA LLOREDA;E08595622;Cataluña;Barcelona;Badalona;Centros de salud;Publicos
0908000008;CAP NUMANCIA;E08000353;Cataluña;Barcelona;Barcelona;Centros de salud;Publicos
0908005460;CAP OCATA-TEIA;E08816342;Cataluña;Barcelona;Masnou, El;Centros de salud;Publicos
0908003100;CAP OEST;E08683131;Cataluña;Barcelona;Terrassa;Centros de salud;Privados
0908005540;CAP OLESA DE MONTSERRAT;E08004340;Cataluña;Barcelona;Olesa de Montserrat;Centros de salud;Privados
0925000635;CAP OLIANA;E25026802;Cataluña;Lleida;Oliana;Centros de salud;Publicos
0925001140;CAP ONZE DE SETEMBRE;E25623615;Cataluña;Lleida;Lleida;Centros de salud;Publicos
0908000119;CAP OSONA;E08005915;Cataluña;Barcelona;Vic;Centros de salud;Publicos
0917000947;CAP PALAFRUGELL;E17008218;Cataluña;Girona;Palafrugell;Centros de salud;Privados
0908000421;CAP PALAU;E08024509;Cataluña;Barcelona;Palau-solità i Plegamans;Centros de salud;Publicos
0908004380;CAP PALAUDARIES;E08893682;Cataluña;Barcelona;Lliçà d'Amunt;Centros de salud;Publicos
0908000033;CAP PALAUDARIES;E08001759;Cataluña;Barcelona;Barcelona;Centros de salud;Publicos
0908000009;CAP PARE CLARET;E08000385;Cataluña;Barcelona;Barcelona;Centros de salud;Publicos
0908000267;CAP PARETS DEL VALLES;E08019065;Cataluña;Barcelona;Parets del Vallès;Centros de salud;Publicos
0908000242;CAP PASSEIG DE SANT JOAN;E08016762;Cataluña;Barcelona;Barcelona;Centros de salud;Publicos
0908006376;CAP PASSEIG MARAGALL;E08035116;Cataluña;Barcelona;Barcelona;Centros de salud;Publicos
0917000305;CAP PERALADA;E17046380;Cataluña;Girona;Peralada;Centros de salud;Privados
0908000411;CAP PIERA;E08024280;Cataluña;Barcelona;Piera;Centros de salud;Publicos
0908000088;CAP PINEDA DE MAR;E08004439;Cataluña;Barcelona;Pineda de Mar;Centros de salud;Publicos
0908004499;CAP PINETONS;E08910183;Cataluña;Barcelona;Ripollet;Centros de salud;Publicos
0908000074;CAP PLAÇA CATALUNYA;E08003812;Cataluña;Barcelona;Manresa;Centros de salud;Publicos
0908002310;CAP PLANA LLEDO;E08605542;Cataluña;Barcelona;Mollet del Vallès;Centros de salud;Publicos
0908000014;CAP POBLENOU;E08000434;Cataluña;Barcelona;Barcelona;Centros de salud;Publicos
0925000660;CAP PONTS;E25031580;Cataluña;Lleida;Ponts;Centros de salud;Publicos
0908000233;CAP PRATS DE LLUÇANES;E08016226;Cataluña;Barcelona;Prats de Lluçanès;Centros de salud;Publicos
0908000330;CAP PREMIA DE DALT-VICTOR CATALA;E08021441;Cataluña;Barcelona;Premià de Dalt;Centros de salud;Publicos
0908000090;CAP PREMIA DE MAR - DR. GASOL;E08004534;Cataluña;Barcelona;Premià de Mar;Centros de salud;Publicos
0925000489;CAP PRIMER DE MAIG;E25863381;Cataluña;Lleida;Lleida;Centros de salud;Publicos
0908000005;CAP PROGRES;E08000201;Cataluña;Barcelona;Badalona;Centros de salud;Publicos
0917000144;CAP PUIGCERDA;E17035606;Cataluña;Girona;Puigcerdà;Centros de salud;Privados
0908000567;CAP PUIG-REIG;E08029352;Cataluña;Barcelona;Puig-reig;Centros de salud;Publicos
0908006688;CAP QUEVEDO;E08001501;Cataluña;Barcelona;Barcelona;Centros de salud;Publicos
0908000107;CAP RAMBLA;E08005200;Cataluña;Barcelona;Sant Feliu de Llobregat;Centros de salud;Publicos
0908000207;CAP RAMBLA;E08013793;Cataluña;Barcelona;Terrassa;Centros de salud;Privados
0908000065;CAP RAMBLA DE LA MARINA;E08003442;Cataluña;Barcelona;Hospitalet de Llobregat, L';Centros de salud;Publicos
0925000010;CAP RAMBLA FERRAN;E25007327;Cataluña;Lleida;Lleida;Centros de salud;Publicos
0943000832;CAP RAMBLA NOVA;E43575802;Cataluña;Tarragona;Tarragona;Centros de salud;Publicos
0908000029;CAP RAMON TURRO;E08001614;Cataluña;Barcelona;Barcelona;Centros de salud;Publicos
0917000170;CAP RAMON VINYES;E17038822;Cataluña;Girona;Anglès;Centros de salud;Publicos
0908001075;CAP RAMONA VIA;E08038011;Cataluña;Barcelona;Prat de Llobregat, El;Centros de salud;Publicos
0917000308;CAP RIBES DE FRESER;E17046414;Cataluña;Girona;Ribes de Freser;Centros de salud;Privados
0908006375;CAP RIO DE JANEIRO;E08038029;Cataluña;Barcelona;Barcelona;Centros de salud;Publicos
0908000091;CAP RIPOLLET;E08004566;Cataluña;Barcelona;Ripollet;Centros de salud;Publicos
0917000638;CAP RIUDARENES;E17840659;Cataluña;Girona;Riudarenes;Centros de salud;Publicos
0943000894;CAP RIUDOMS;E43028937;Cataluña;Tarragona;Riudoms;Centros de salud;Publicos
0908000080;CAP ROCAFONDA PALAU  (MATARO 3);E08004012;Cataluña;Barcelona;Mataró;Centros de salud;Publicos
0908000507;CAP ROGER;E08027193;Cataluña;Barcelona;Barcelona;Centros de salud;Publicos
0908000078;CAP RONDA CERDANYA;E08003996;Cataluña;Barcelona;Mataró;Centros de salud;Publicos
0908000063;CAP RONDA DE LA TORRASSA;E08003361;Cataluña;Barcelona;Hospitalet de Llobregat, L';Centros de salud;Publicos
0908000081;CAP RONDA PRIM;E08004020;Cataluña;Barcelona;Mataró;Centros de salud;Publicos
0943000236;CAP ROQUETES;E43045361;Cataluña;Tarragona;Roquetes;Centros de salud;Publicos
0908001221;CAP ROQUETES;E08040194;Cataluña;Barcelona;Sant Pere de Ribes;Centros de salud;Publicos
0908001694;CAP ROQUETES-CANTERES;E08052633;Cataluña;Barcelona;Barcelona;Centros de salud;Publicos
0917000093;CAP ROSES;E17027066;Cataluña;Girona;Roses;Centros de salud;Publicos
0908000092;CAP RUBI;E08004580;Cataluña;Barcelona;Rubí;Centros de salud;Privados
0908000024;CAP SAGRADA FAMILIA;E08001452;Cataluña;Barcelona;Barcelona;Centros de salud;Publicos
0908004174;CAP SAGRADA FAMILIA;E08865678;Cataluña;Barcelona;Manresa;Centros de salud;Publicos
0908000436;CAP SALLENT;E08025125;Cataluña;Barcelona;Sallent;Centros de salud;Publicos
0943000012;CAP SALOU;E43008183;Cataluña;Tarragona;Salou;Centros de salud;Publicos
0908006740;CAP SANFELIU;E08030037;Cataluña;Barcelona;Hospitalet de Llobregat, L';Centros de salud;Publicos
0908000044;CAP SANLLEHY;E08002720;Cataluña;Barcelona;Barcelona;Centros de salud;Publicos
0908000012;CAP SANT ANDREU;E08000410;Cataluña;Barcelona;Barcelona;Centros de salud;Publicos
0908000102;CAP SANT ANDREU DE LA BARCA;E08004968;Cataluña;Barcelona;Sant Andreu de la Barca;Centros de salud;Publicos
0908006379;CAP SANT ANDREU DE LLAVANERES;E08040780;Cataluña;Barcelona;Sant Andreu de Llavaneres;Centros de salud;Publicos
0908000396;CAP SANT ANTONI DE VILAMAJOR;E08023777;Cataluña;Barcelona;Sant Antoni de Vilamajor;Centros de salud;Publicos
0943000034;CAP SANT CARLES DE LA RAPITA;E43014116;Cataluña;Tarragona;Ràpita, La;Centros de salud;Publicos
0908000106;CAP SANT CUGAT DEL VALLES;E08005182;Cataluña;Barcelona;Sant Cugat del Vallès;Centros de salud;Privados
0908001510;CAP SANT ESTEVE SESROVIRES;E08045227;Cataluña;Barcelona;Sant Esteve Sesrovires;Centros de salud;Publicos
0908000354;CAP SANT FELIU DE CODINES-DOCTOR DE LOS PINOS;E08022477;Cataluña;Barcelona;Sant Feliu de Codines;Centros de salud;Publicos
0917000016;CAP SANT FELIU DE GUIXOLS;E17006958;Cataluña;Girona;Sant Feliu de Guíxols;Centros de salud;Publicos
0917002185;CAP SANT FELIU DE GUIXOLS (ASSIR);E17765610;Cataluña;Girona;Sant Feliu de Guíxols;Centros de salud;Privados
0908000094;CAP SANT FELIX;E08004647;Cataluña;Barcelona;Sabadell;Centros de salud;Publicos
0908000471;CAP SANT FOST DE CAMPSENTELLES;E08025943;Cataluña;Barcelona;Sant Fost de Campsentelles;Centros de salud;Publicos
0908000203;CAP SANT FRUITOS DE BAGES (PEDIATRIA);E08013592;Cataluña;Barcelona;Sant Fruitós de Bages;Centros de salud;Publicos
0908003494;CAP SANT GENIS;E08728590;Cataluña;Barcelona;Rubí;Centros de salud;Publicos
0908000026;CAP SANT GERVASI;E08001519;Cataluña;Barcelona;Barcelona;Centros de salud;Publicos
0908001920;CAP SANT GERVASI (EDIFICI GARBI);E08557666;Cataluña;Barcelona;Barcelona;Centros de salud;Privados
0917000101;CAP SANT HILARI SACALM;E17029497;Cataluña;Girona;Sant Hilari Sacalm;Centros de salud;Publicos
0908000278;CAP SANT HIPOLIT DE VOLTREGA;E08019481;Cataluña;Barcelona;Sant Hipòlit de Voltregà;Centros de salud;Publicos
0908000054;CAP SANT ILDEFONS;E08003080;Cataluña;Barcelona;Cornellà de Llobregat;Centros de salud;Publicos
0908000880;CAP SANT JOAN;E08035162;Cataluña;Barcelona;Vilanova i la Geltrú;Centros de salud;Publicos
0908000110;CAP SANT JOAN DE VILATORRADA;E08005320;Cataluña;Barcelona;Sant Joan de Vilatorrada;Centros de salud;Publicos
0908000109;CAP SANT JOAN DESPI-1;E08005305;Cataluña;Barcelona;Sant Joan Despí;Centros de salud;Publicos
0917000017;CAP SANT JOAN LES FONTS;E17006997;Cataluña;Girona;Sant Joan les Fonts;Centros de salud;Publicos
0908000250;CAP SANT JUST DESVERN;E08018449;Cataluña;Barcelona;Sant Just Desvern;Centros de salud;Publicos
0908000469;CAP SANT LLATZER;E08025911;Cataluña;Barcelona;Terrassa;Centros de salud;Publicos
0908004152;CAP SANT MARTI DE PROVENÇALS;E08865036;Cataluña;Barcelona;Barcelona;Centros de salud;Publicos
0908004603;CAP SANT MIQUEL;E08922301;Cataluña;Barcelona;Granollers;Centros de salud;Publicos
0908000096;CAP SANT OLEGUER;E08004774;Cataluña;Barcelona;Sabadell;Centros de salud;Publicos
0943000004;CAP SANT PERE DE REUS;E43007581;Cataluña;Tarragona;Reus;Centros de salud;Publicos
0943000915;CAP SANT PERE I SANT PAU;E43023840;Cataluña;Tarragona;Tarragona;Centros de salud;Publicos
0908006367;CAP SANT QUIRZE;E08029948;Cataluña;Barcelona;Sant Quirze del Vallès;Centros de salud;Publicos
0908006363;CAP SANT QUIRZE DE BESORA;E08026841;Cataluña;Barcelona;Sant Quirze de Besora;Centros de salud;Publicos
0908006137;CAP SANT ROC;E08000321;Cataluña;Barcelona;Badalona;Centros de salud;Publicos
0908000718;CAP SANT SADURNI D'ANOIA;E08032796;Cataluña;Barcelona;Sant Sadurní d'Anoia;Centros de salud;Publicos
0943000831;CAP SANT SALVADOR;E43873492;Cataluña;Tarragona;Tarragona;Centros de salud;Publicos
0908000308;CAP SANT VICENÇ DE CASTELLET;E08020600;Cataluña;Barcelona;Sant Vicenç de Castellet;Centros de salud;Publicos
0908003705;CAP SANT VICENÇ DEL HORTS 2 (EL SERRAL);E08766998;Cataluña;Barcelona;Sant Vicenç dels Horts;Centros de salud;Publicos
